LEAD NUMBER,LEAD CREATED DATE,MODE OF LEAD CREATION,LEAD RAISED BY,LEAD RAISED FOR,SD NAME,SD ID,BRANCH NAME,BRANCH ID,PRODUCT LIST,PRODUCT TYPE,LEAD ASSIGNED TO,LEAD STATUS,ACCOUNT ID,ACCOUNT NAME,ZONE,LEAD SR NUMBER,ENGINE MODEL,KVA RATING,SERVICE ENGINEER NAME,TELE CALLER NAME,QUOTATION NUMBER,QUOTATION SUBMIT DATE,QUOTATION APPROVAL DATE,ORDER NUMBER,ORDER CREATION DATE
1-13907552501,2026-05-02 09:45:24,Manual,Sales Coordinator,Diesel Exhaust Fluid,KALA Care Global LLP - Pune,420435,KALA Care Global LLP - Aurangabad,420435_1,Diesel Exhaust Fluid,DEF,Sales Coordinator,Awaiting Approval,1-4PRJXZC,Sumit Shah and Associates,ZO_West (CS),,4R1190ETA 4G1,82.5,,Rani Barate,Q420435012700167,2026-05-02 09:53:45,,,
1-13907559371,2026-05-02 09:48:16,Manual,Sales Coordinator,Others/Remarks,KALA Care Global LLP - Pune,420435,KALA Care Global LLP - Ahmednagar,420435_2,Others/Remarks,ENGINE SPARES,Sales Coordinator,Invoiced Generated,1-5QR4O0K,Supekar Construction,ZO_West (CS),,,,,Rani Barate,Q420435022700209,2026-05-02 10:02:35,,1-13908000151,2026-05-02 11:32:20
1-13907722031,2026-05-02 10:39:42,Manual,Sales Coordinator,Paid Services -PM,KALA Care Global LLP - Pune,420435,KALA Care Global LLP - Aurangabad,420435_1,Paid Services -PM,PM,Sales Coordinator,Order/SR Cancelled,1-4UAF7YX,SALMAN PATHAN,ZO_West (CS),,4R1190,,,Rani Barate,Q420435012700168,2026-05-02 10:57:38,,,
1-13907841155,2026-05-02 11:01:48,Manual,Sales Coordinator,Paid Services -PM,KALA Care Global LLP - Pune,420435,KALA Care Global LLP - Aurangabad,420435_1,Paid Services -PM,PM,Sales Coordinator,Converted,1-419VV2H,Mall Infrastructures,ZO_West (CS),,4R1040,,,Rani Barate,Q420435012700169,2026-05-02 11:13:31,,213409630,2026-06-16 14:00:24
1-13907879806,2026-05-02 11:16:21,eFSR,Service Engineer,Others/Remarks,KALA Care Global LLP - Pune,420435,KALA Care Global LLP - Belagavi,420435_9,Others/Remarks,Oil service,Sales Coordinator,Not Converted,1-3UGCT5D,JUNGLE LODGES AND RESORTS LIMITED,ZO_West (CS),213402363,4R1040,40,PRASHANTPATIL,VIDYA DHABALI,Q420435092700175,2026-05-04 14:24:33,,,
1-13907917976,2026-05-02 11:24:11,Manual,Sales Coordinator,Oil,KALA Care Global LLP - Pune,420435,KALA Care Global LLP - Belagavi,420435_9,Paid Services -PM,SERVICE QUOTE,Sales Coordinator,Does Not Qualify,1-4TQQX1U,CIVET PROJECTS PRIVATE LIMITED,ZO_West (CS),,4R1190,,,VIDYA DHABALI,,,,,
1-13907953591,2026-05-02 11:16:09,Manual,Sales Coordinator,Others/Remarks,KALA Care Global LLP - Pune,420435,KALA Care Global LLP - Ahmednagar,420435_2,Others/Remarks,OIL REQUIRED,Sales Coordinator,Quotation Submitted,1-2DAXJJ,ANAND HYDRAULICKS,ZO_West (CS),,,,,Rani Barate,Q420435022700211,2026-05-02 12:49:45,,,
1-13907953592,2026-05-02 11:16:45,Manual,Sales Coordinator,Diesel Exhaust Fluid,KALA Care Global LLP - Pune,420435,KALA Care Global LLP - Ahmednagar,420435_2,Diesel Exhaust Fluid,DEF 10 LTR CAN,Sales Coordinator,Invoiced Generated,1-5QR4O0K,Supekar Construction,ZO_West (CS),,,,,Rani Barate,Q420435022700210,2026-05-02 11:33:28,,1-13908000240,2026-05-02 11:33:33
1-13907969261,2026-05-02 11:30:33,Manual,Sales Coordinator,Oil,KALA Care Global LLP - Pune,420435,KALA Care Global LLP - Belagavi,420435_9,Paid Services -PM,CSP QUOTATION,Sales Coordinator,Quotation Submitted,1-5SQCEIE,MS HSD UPPIN PETROLEUM,ZO_West (CS),,3R550TA 4G1,20,,VIDYA DHABALI,Q420435092700163,2026-05-02 12:06:46,,,
1-13908071711,2026-05-02 11:48:58,Manual,Sales Coordinator,Others/Remarks,KALA Care Global LLP - Pune,420435,KALA Care Global LLP - Aurangabad,420435_1,BD Spares,FUEL PIPE,Sales Coordinator,Order/SR Cancelled,1-1JM-2435,LIFE LINE MEDICAL DEVICES PVT LTD,ZO_West (CS),,6K1080TA,160,,Rani Barate,Q420435012700171,2026-05-02 11:57:53,,,
1-13908264871,2026-05-02 12:35:33,Manual,Sales Coordinator,Paid Services -PM,KALA Care Global LLP - Pune,420435,KALA Care Global LLP - Ahmednagar,420435_2,Paid Services -PM,PAID SERVICING,Sales Coordinator,Quotation Submitted,1-4T9D6KW,Kishore Vansidhar Hambarde,ZO_West (CS),,4R1190,,,Rani Barate,Q420435022700212,2026-05-02 13:27:38,,,
1-13908636771,2026-05-02 13:38:29,eFSR,Service Engineer,Oil,KALA Care Global LLP - Pune,420435,KALA Care Global LLP - Babhleshwar,420435_5,Oil,Ok,Sales Coordinator,New,1-2DALL31,SARASWATI TRADERS,ZO_West (CS),213403222,CC418G1,5,ISHWARJADHAV,,,,,,
1-13908646498,2026-05-02 13:44:01,eFSR,Service Engineer,Others/Remarks,KALA Care Global LLP - Pune,420435,KALA Care Global LLP - Belagavi,420435_9,Others/Remarks,Door lock rh,Sales Coordinator,Does Not Qualify,1-66S6WLN,Apsara sound lighting and decoration ...........,ZO_West (CS),213417102,4R810ETA4G1,58.5,PRASHANTPATIL,VIDYA DHABALI,,,,,
1-13908820207,2026-05-02 14:50:47,eFSR,Service Engineer,BD Spares,KALA Care Global LLP - Pune,420435,KALA Care Global LLP - Belagavi,420435_9,BD Spares,EGR Valve,Service Coordinator,Does Not Qualify,1-6795MMB,J. N Shetty,ZO_West (CS),213071489,4R810ETA4G1,58.5,RAJUMAGUND,VIDYA DHABALI,,,,,
1-13909284178,2026-05-02 16:15:25,eFSR,Service Engineer,Others/Remarks,KALA Care Global LLP - Pune,420435,KALA Care Global LLP - Belagavi,420435_9,Others/Remarks,Door lock,Sales Coordinator,Does Not Qualify,1-66S6WLN,Apsara sound lighting and decoration ...........,ZO_West (CS),213417916,3R1190ENA 4G1,30,PRASHANTPATIL,VIDYA DHABALI,,,,,
1-13909804411,2026-05-02 17:16:00,Manual,Sales Coordinator,Oil,KALA Care Global LLP - Pune,420435,KALA Care Global LLP - Belagavi,420435_9,Paid Services -PM,CSP QUOTATION,Sales Coordinator,Not Converted,1-5WAOY6N,Rainbow Collection,ZO_West (CS),,3R550TC 4G1 CPCB4+,15,,VIDYA DHABALI,Q420435092700168,2026-05-04 15:51:32,,,
1-13910014953,2026-05-03 09:09:38,eFSR,Service Engineer,Others/Remarks,KALA Care Global LLP - Pune,420435,KALA Care Global LLP - Hubli,420435_8,Battery,Ok,Sales Coordinator,Does Not Qualify,1-4ISRKO5,District Surgeon District Hospital Dharwad,ZO_West (CS),213419288,4R810TA G1,62.5,KRISHNADASABAL,NIKITA HIREMATH,,,,,
1-13910014953,2026-05-03 09:09:38,eFSR,Service Engineer,Others/Remarks,KALA Care Global LLP - Pune,420435,KALA Care Global LLP - Hubli,420435_8,Oil,Ok,Sales Coordinator,Does Not Qualify,1-4ISRKO5,District Surgeon District Hospital Dharwad,ZO_West (CS),213419288,4R810TA G1,62.5,KRISHNADASABAL,NIKITA HIREMATH,,,,,
1-13910014953,2026-05-03 09:09:38,eFSR,Service Engineer,Others/Remarks,KALA Care Global LLP - Pune,420435,KALA Care Global LLP - Hubli,420435_8,Others/Remarks,Ok,Sales Coordinator,Does Not Qualify,1-4ISRKO5,District Surgeon District Hospital Dharwad,ZO_West (CS),213419288,4R810TA G1,62.5,KRISHNADASABAL,NIKITA HIREMATH,,,,,
1-13910071634,2026-05-02 18:52:14,eFSR,Service Engineer,Others/Remarks,KALA Care Global LLP - Pune,420435,KALA Care Global LLP - Beed,420435_3,BD Spares,AVR CARD,Sales Coordinator,New,1-6BV-204,Military Secondary And Higher Secondary School,ZO_West (CS),213418681,HA294,15,BALASAHEBGADHAVE,,,,,,
1-13910071634,2026-05-02 18:52:14,eFSR,Service Engineer,Others/Remarks,KALA Care Global LLP - Pune,420435,KALA Care Global LLP - Beed,420435_3,Others/Remarks,Not required,Sales Coordinator,New,1-6BV-204,Military Secondary And Higher Secondary School,ZO_West (CS),213418681,HA294,15,BALASAHEBGADHAVE,,,,,,
1-13911079631,2026-05-03 20:07:32,eFSR,Service Engineer,Others/Remarks,KALA Care Global LLP - Pune,420435,KALA Care Global LLP - Ahmednagar,420435_2,BD Spares,Rediator hose pipe l,Sales Coordinator,Quotation Submitted,1-3RR88XD,Shrijee Heavy Projects Works Ltd,ZO_West (CS),212775652,4R1040TA,82.5,ALSIFSHAIKH,Rani Barate,Q420435022700262,2026-05-13 11:18:06,,,
1-13911079631,2026-05-03 20:07:32,eFSR,Service Engineer,Others/Remarks,KALA Care Global LLP - Pune,420435,KALA Care Global LLP - Ahmednagar,420435_2,Others/Remarks,Rediator hose pipe L,Sales Coordinator,Quotation Submitted,1-3RR88XD,Shrijee Heavy Projects Works Ltd,ZO_West (CS),212775652,4R1040TA,82.5,ALSIFSHAIKH,Rani Barate,Q420435022700262,2026-05-13 11:18:06,,,
1-13912428621,2026-05-04 12:26:54,Manual,Sales Coordinator,Paid Services -PM,KALA Care Global LLP - Pune,420435,KALA Care Global LLP - Babhleshwar,420435_5,Paid Services -PM,PAID SERVICING,Sales Coordinator,Quotation Submitted,1-69EMWBZ,Durva enterprises,ZO_West (CS),,CC418 G1,5,,Rani Barate,Q420435052700018,2026-05-04 12:48:08,,,
1-13912637128,2026-05-04 13:31:21,eFSR,Service Engineer,Others/Remarks,KALA Care Global LLP - Pune,420435,KALA Care Global LLP - Aurangabad,420435_1,Others/Remarks,Not required,Sales Coordinator,Does Not Qualify,1-3NKHX5O,Poona Christian Medical Association,ZO_West (CS),212930341,6R1080TA,125,KANHAIYADUBE,Rani Barate,,,,,
1-13912745893,2026-05-04 14:00:05,eFSR,Service Engineer,Others/Remarks,KALA Care Global LLP - Pune,420435,KALA Care Global LLP - Babhleshwar,420435_5,Coolant Change,Ok,Sales Coordinator,New,1-3MREC3,HDFC Bank Limited,ZO_West (CS),213402494,4R810TA G1,50,ISHWARJADHAV,,,,,,
1-13912745893,2026-05-04 14:00:05,eFSR,Service Engineer,Others/Remarks,KALA Care Global LLP - Pune,420435,KALA Care Global LLP - Babhleshwar,420435_5,Oil,Yas,Sales Coordinator,New,1-3MREC3,HDFC Bank Limited,ZO_West (CS),213402494,4R810TA G1,50,ISHWARJADHAV,,,,,,
1-13912745893,2026-05-04 14:00:05,eFSR,Service Engineer,Others/Remarks,KALA Care Global LLP - Pune,420435,KALA Care Global LLP - Babhleshwar,420435_5,Others/Remarks,Required,Sales Coordinator,New,1-3MREC3,HDFC Bank Limited,ZO_West (CS),213402494,4R810TA G1,50,ISHWARJADHAV,,,,,,
1-13912745893,2026-05-04 14:00:05,eFSR,Service Engineer,Others/Remarks,KALA Care Global LLP - Pune,420435,KALA Care Global LLP - Babhleshwar,420435_5,Service AMC/Bandhan/Anubandhan,Required,Sales Coordinator,New,1-3MREC3,HDFC Bank Limited,ZO_West (CS),213402494,4R810TA G1,50,ISHWARJADHAV,,,,,,
1-13912872481,2026-05-04 13:10:05,Manual,Sales Coordinator,Battery,KALA Care Global LLP - Pune,420435,KALA Care Global LLP - Belagavi,420435_9,Battery,Battery,Sales Coordinator,Converted,1-4GNPAO5,Faizan Saith,ZO_West (CS),,3R550NA G1,15,,Rani Barate,Q420435092700477,2026-06-17 11:44:38,,213590152,2026-06-17 11:35:40
1-13912910301,2026-05-04 13:13:03,Manual,Sales Coordinator,Oil,KALA Care Global LLP - Pune,420435,KALA Care Global LLP - Belagavi,420435_9,Oil,OIL REQUIRED,Sales Coordinator,Not Converted,1-41M1PIJ,PADMA OIL  CENTER GOKAK,ZO_West (CS),,,,,VIDYA DHABALI,Q420435092700180,2026-05-05 12:11:20,,,
1-13912910302,2026-05-04 13:13:47,Manual,Sales Coordinator,Oil,KALA Care Global LLP - Pune,420435,KALA Care Global LLP - Belagavi,420435_9,Paid Services -PM,csp,Sales Coordinator,Quotation Submitted,1-5W9X99H,M B MOTORS Hattaragi,ZO_West (CS),,3R550TA 4G1,20,,VIDYA DHABALI,Q420435092700170,2026-05-04 15:55:42,,,
1-13912952751,2026-05-04 13:30:43,Manual,Sales Coordinator,Oil,KALA Care Global LLP - Pune,420435,KALA Care Global LLP - Belagavi,420435_9,Paid Services -PM,CSP QUOTATION,Sales Coordinator,Converted,1-5UPNWY0,"Shri Hiranyakeshi Co-op.TransportSociety Ltd.,",ZO_West (CS),,3R550TA 4G1,25,,VIDYA DHABALI,Q420435092700174,2026-05-04 14:58:17,,212123393,2026-05-15 15:01:52
1-13912973320,2026-05-04 13:34:47,eFSR,Service Engineer,Others/Remarks,KALA Care Global LLP - Pune,420435,KALA Care Global LLP - Hubli,420435_8,Others/Remarks,No,Sales Coordinator,Does Not Qualify,1-3KMXJT,ICICI Bank Limited,ZO_West (CS),213408083,EA16,10,HUCHCHAPPAGADAGI,NIKITA HIREMATH,,,,,
1-13913164421,2026-05-04 14:23:35,Manual,Sales Coordinator,Paid Services -PM,KALA Care Global LLP - Pune,420435,KALA Care Global LLP - Ahmednagar,420435_2,Paid Services -PM,PAID SERVICING,Sales Coordinator,Quotation Submitted,1-4FF9BQB,Saideep Hospitability Services,ZO_West (CS),,EA16 G1,10,,Rani Barate,Q420435022700216,2026-05-04 14:33:43,,,
1-13913264753,2026-05-04 15:09:42,eFSR,Service Engineer,Others/Remarks,KALA Care Global LLP - Pune,420435,KALA Care Global LLP - Kalaburagi,420435_13,Others/Remarks,No,Sales Coordinator,Does Not Qualify,1-4BN88BW,Principal Investigator  NAHP-IG UAS Raichur,ZO_West (CS),213422349,3R1040T G1,25,Shakeel AshrafChowdhari,Rani Barate,,,,,
1-13913389311,2026-05-04 15:05:35,Manual,Sales Coordinator,Oil,KALA Care Global LLP - Pune,420435,KALA Care Global LLP - Belagavi,420435_9,Oil,CSP QUOTATION,Sales Coordinator,Not Converted,1-5YIJ012,B B DASANAVAR CONSTRUCTIONS,ZO_West (CS),,HA494,,,VIDYA DHABALI,Q420435092700176,2026-05-18 14:17:32,,,
1-13913435301,2026-05-04 15:14:19,Manual,Sales Coordinator,Battery,KALA Care Global LLP - Pune,420435,KALA Care Global LLP - Belagavi,420435_9,Battery,BATERY,Sales Coordinator,Converted,1-3VDFPRB,Mahila Vidyalaya Mandal English Medium School,ZO_West (CS),,HA294 G1,15,,VIDYA DHABALI,Q420435092700177,2026-05-04 15:17:31,,213481851,2026-05-21 13:01:27
1-13913456301,2026-05-04 15:18:56,Manual,Sales Coordinator,Oil,KALA Care Global LLP - Pune,420435,KALA Care Global LLP - Belagavi,420435_9,Paid Services -PM,CSP QUOTATION,Sales Coordinator,Converted,1-61T0GBE,DIMPLE SANJAY KUMAR PODDAR,ZO_West (CS),,4R1190NA1 BSV,,,VIDYA DHABALI,Q420435092700178,2026-05-04 15:28:53,,212458974,2026-06-11 13:03:25
1-13913463305,2026-05-04 15:23:04,eFSR,Service Engineer,Service AMC/Bandhan/Anubandhan,KALA Care Global LLP - Pune,420435,KALA Care Global LLP - Latur,420435_6,Service AMC/Bandhan/Anubandhan,Bandhan plus,Sales Coordinator,Does Not Qualify,1-5A9AUTW,Tirupati Construction.,ZO_West (CS),213422146,3R1040T G1,35,MAHALINGPATIL,Sareen Shaikh,,,,,
1-13913463829,2026-05-04 16:27:33,eFSR,Service Engineer,Oil,KALA Care Global LLP - Pune,420435,KALA Care Global LLP - Aurangabad,420435_1,BD Spares,Engine overhaul requ,Sales Coordinator,Nurturing,1-61LYXM1,BALASON INFRASTRUCTURE SOLUTIONS PRIVATE LIMITED,ZO_West (CS),213422609,4R1040TA2,,KAMLAKARMORE,Rani Barate,,,,,
1-13913463829,2026-05-04 16:27:33,eFSR,Service Engineer,Oil,KALA Care Global LLP - Pune,420435,KALA Care Global LLP - Aurangabad,420435_1,Coolant Change,15 ltr,Sales Coordinator,Nurturing,1-61LYXM1,BALASON INFRASTRUCTURE SOLUTIONS PRIVATE LIMITED,ZO_West (CS),213422609,4R1040TA2,,KAMLAKARMORE,Rani Barate,,,,,
1-13913463829,2026-05-04 16:27:33,eFSR,Service Engineer,Oil,KALA Care Global LLP - Pune,420435,KALA Care Global LLP - Aurangabad,420435_1,Oil,13 ltr,Sales Coordinator,Nurturing,1-61LYXM1,BALASON INFRASTRUCTURE SOLUTIONS PRIVATE LIMITED,ZO_West (CS),213422609,4R1040TA2,,KAMLAKARMORE,Rani Barate,,,,,
1-13913881851,2026-05-04 16:35:14,eFSR,Service Engineer,Others/Remarks,KALA Care Global LLP - Pune,420435,KALA Care Global LLP - Belagavi,420435_9,Others/Remarks,Fuel pipe,Sales Coordinator,Quotation Submitted,1-3N7O521,OM PETROLEUM,ZO_West (CS),213421540,EA16 G1,10,PRASHANTPATIL,VIDYA DHABALI,Q420435092700197,2026-05-07 14:39:54,,,
1-13914000301,2026-05-04 16:24:03,Manual,Sales Coordinator,Oil,KALA Care Global LLP - Pune,420435,KALA Care Global LLP - Belagavi,420435_9,Oil,PARTS REQUIRED,Sales Coordinator,Quotation Submitted,1-DW5-1190,BHARAT PETROLEUM CORPORATION LIMITED,ZO_West (CS),,6SL9088TA,,,VIDYA DHABALI,Q420435092700179,2026-05-04 16:35:03,,,
1-13914257214,2026-05-04 21:57:22,eFSR,Service Engineer,Others/Remarks,KALA Care Global LLP - Pune,420435,KALA Care Global LLP - Hospet,420435_10,Oil,Need oil service cos,Sales Coordinator,Converted,1-1WF-3921,Panaganti Kalyan Mantapa,ZO_West (CS),213422582,EA20,15,DADAPEERM,B Sneha Ballari,Q420435102700169,2026-05-13 10:18:22,2026-05-13 10:18:56,213429618,2026-05-06 11:01:36
1-13914257214,2026-05-04 21:57:22,eFSR,Service Engineer,Others/Remarks,KALA Care Global LLP - Pune,420435,KALA Care Global LLP - Hospet,420435_10,Others/Remarks,Need oil service cos,Sales Coordinator,Converted,1-1WF-3921,Panaganti Kalyan Mantapa,ZO_West (CS),213422582,EA20,15,DADAPEERM,B Sneha Ballari,Q420435102700169,2026-05-13 10:18:22,2026-05-13 10:18:56,213429618,2026-05-06 11:01:36
1-13914257214,2026-05-04 21:57:22,eFSR,Service Engineer,Others/Remarks,KALA Care Global LLP - Pune,420435,KALA Care Global LLP - Hospet,420435_10,Paid Services -PM,Need oil service cos,Sales Coordinator,Converted,1-1WF-3921,Panaganti Kalyan Mantapa,ZO_West (CS),213422582,EA20,15,DADAPEERM,B Sneha Ballari,Q420435102700169,2026-05-13 10:18:22,2026-05-13 10:18:56,213429618,2026-05-06 11:01:36
1-13914291641,2026-05-04 17:25:54,eFSR,Service Engineer,Oil,KALA Care Global LLP - Pune,420435,KALA Care Global LLP - Hubli,420435_8,Battery,180 ah -2,Sales Coordinator,Does Not Qualify,1-4ISRKO5,District Surgeon District Hospital Dharwad,ZO_West (CS),213414743,DV8TA G1,320,KHURSHIDHAVARAGI,NIKITA HIREMATH,,,,,
1-13914291641,2026-05-04 17:25:54,eFSR,Service Engineer,Oil,KALA Care Global LLP - Pune,420435,KALA Care Global LLP - Hubli,420435_8,Coolant Change,52 liter,Sales Coordinator,Does Not Qualify,1-4ISRKO5,District Surgeon District Hospital Dharwad,ZO_West (CS),213414743,DV8TA G1,320,KHURSHIDHAVARAGI,NIKITA HIREMATH,,,,,
1-13914291641,2026-05-04 17:25:54,eFSR,Service Engineer,Oil,KALA Care Global LLP - Pune,420435,KALA Care Global LLP - Hubli,420435_8,Oil,Oil service required,Sales Coordinator,Does Not Qualify,1-4ISRKO5,District Surgeon District Hospital Dharwad,ZO_West (CS),213414743,DV8TA G1,320,KHURSHIDHAVARAGI,NIKITA HIREMATH,,,,,
1-13914291641,2026-05-04 17:25:54,eFSR,Service Engineer,Oil,KALA Care Global LLP - Pune,420435,KALA Care Global LLP - Hubli,420435_8,Paid Services -PM,Oil service,Sales Coordinator,Does Not Qualify,1-4ISRKO5,District Surgeon District Hospital Dharwad,ZO_West (CS),213414743,DV8TA G1,320,KHURSHIDHAVARAGI,NIKITA HIREMATH,,,,,
1-13914291641,2026-05-04 17:25:54,eFSR,Service Engineer,Oil,KALA Care Global LLP - Pune,420435,KALA Care Global LLP - Hubli,420435_8,Service AMC/Bandhan/Anubandhan,Bhandan,Sales Coordinator,Does Not Qualify,1-4ISRKO5,District Surgeon District Hospital Dharwad,ZO_West (CS),213414743,DV8TA G1,320,KHURSHIDHAVARAGI,NIKITA HIREMATH,,,,,
1-13914664548,2026-05-04 18:43:02,eFSR,Service Engineer,BD Spares,KALA Care Global LLP - Pune,420435,KALA Care Global LLP - Ahmednagar,420435_2,BD Spares,Return fuel pipe req,Service Coordinator,Quotation Submitted,1-3M56Y26,jai ganesh poultry farm,ZO_West (CS),213421593,3R1040T G1,30,ALSIFSHAIKH,Rani Barate,Q420435022700259,2026-05-13 11:11:29,,,
1-13914664644,2026-05-04 18:57:31,eFSR,Service Engineer,BD Spares,KALA Care Global LLP - Pune,420435,KALA Care Global LLP - Aurangabad,420435_1,BD Spares,EGAT required,Service Coordinator,Does Not Qualify,1-D4P04S,SAI CONTRACTORS & ENGINEERS,ZO_West (CS),213400554,Engines,,KAMLAKARMORE,Rani Barate,,,,,
1-13915726421,2026-05-05 10:02:12,Manual,Sales Coordinator,Others/Remarks,KALA Care Global LLP - Pune,420435,KALA Care Global LLP - Ahmednagar,420435_2,Others/Remarks,spares required,Sales Coordinator,Invoiced Generated,1-22KCME,Uday Automobiles,ZO_West (CS),,,,,Rani Barate,Q420435022700222,2026-05-05 10:05:13,,1-13915748921,2026-05-05 10:10:48
1-13915849061,2026-05-05 10:40:31,Manual,Sales Coordinator,Others/Remarks,KALA Care Global LLP - Pune,420435,KALA Care Global LLP - Ahmednagar,420435_2,Others/Remarks,SPARES & OIL,Sales Coordinator,Invoiced Generated,1-KMY7PI,Om Sai Hydrolicks.,ZO_West (CS),,,,,Rani Barate,Q420435022700223,2026-05-05 10:48:57,,1-13917027711,2026-05-05 14:19:43
1-13916277338,2026-05-05 11:52:21,eFSR,Service Engineer,BD Spares,KALA Care Global LLP - Pune,420435,KALA Care Global LLP - Hubli,420435_8,BD Spares,Battery cable,Service Coordinator,Does Not Qualify,1-3MREC3,HDFC Bank Limited,ZO_West (CS),213337393,3R1040TA G1,40,HUCHCHAPPAGADAGI,NIKITA HIREMATH,,,,,
1-13916586834,2026-05-05 13:42:49,eFSR,Service Engineer,Oil,KALA Care Global LLP - Pune,420435,KALA Care Global LLP - Belagavi,420435_9,Battery,Battery required,Sales Coordinator,Quotation Submitted,1-2YTOK6K,MRF LTD,ZO_West (CS),212119978,CC418G1,5,RAJUTALWAR,VIDYA DHABALI,Q420435092700196,2026-05-20 12:38:55,,,
1-13916586834,2026-05-05 13:42:49,eFSR,Service Engineer,Oil,KALA Care Global LLP - Pune,420435,KALA Care Global LLP - Belagavi,420435_9,Oil,Oil servsing due,Sales Coordinator,Quotation Submitted,1-2YTOK6K,MRF LTD,ZO_West (CS),212119978,CC418G1,5,RAJUTALWAR,VIDYA DHABALI,Q420435092700196,2026-05-20 12:38:55,,,
1-13917117381,2026-05-05 14:36:24,Manual,Sales Coordinator,Others/Remarks,KALA Care Global LLP - Pune,420435,KALA Care Global LLP - Ahmednagar,420435_2,Others/Remarks,FOR WATER PUMP,Sales Coordinator,Invoiced Generated,1-48ZJRNH,DANDWATE TRACTORS,ZO_West (CS),,,,,Rani Barate,Q420435022700224,2026-05-05 14:39:52,,1-13918391361,2026-05-05 17:35:01
1-13917152171,2026-05-05 14:48:04,Manual,Sales Coordinator,Oil,KALA Care Global LLP - Pune,420435,KALA Care Global LLP - Belagavi,420435_9,Paid Services -PM,CSP QUOTATION,Sales Coordinator,Not Converted,1-65TDRYH,G M Vasedar,ZO_West (CS),,4R810,,,VIDYA DHABALI,Q420435092700182,2026-05-05 14:55:53,,,
1-13917433431,2026-05-05 15:06:30,Manual,Sales Coordinator,Oil,KALA Care Global LLP - Pune,420435,KALA Care Global LLP - Belagavi,420435_9,Paid Services -PM,CSP QUOTATION,Sales Coordinator,Not Converted,1-699Y1CH,SHRI NOUSHAD HUSEN DESAI CIVIL CONTRACTOR,ZO_West (CS),,4R810,,,VIDYA DHABALI,Q420435092700184,2026-05-05 15:15:12,,,
1-13917562301,2026-05-05 15:27:21,Manual,Sales Coordinator,Oil,KALA Care Global LLP - Pune,420435,KALA Care Global LLP - Belagavi,420435_9,Paid Services -PM,CSP QUOTATION,Sales Coordinator,Qualifying,1-6CKW35P,PADMAVATI CONSTRUCTION.,ZO_West (CS),,HA494,,,VIDYA DHABALI,Q420435092700186,2026-05-05 15:34:26,,,
1-13917563054,2026-05-05 15:38:52,Manual,Sales Coordinator,Oil,KALA Care Global LLP - Pune,420435,KALA Care Global LLP - Belagavi,420435_9,Paid Services -PM,CSP QUOTATION,Sales Coordinator,Qualifying,1-6CKW35P,PADMAVATI CONSTRUCTION.,ZO_West (CS),,HA494,,,VIDYA DHABALI,Q420435092700187,2026-05-05 15:44:33,,,
1-13917723971,2026-05-05 16:05:08,Manual,Sales Coordinator,Oil,KALA Care Global LLP - Pune,420435,KALA Care Global LLP - Belagavi,420435_9,Paid Services -PM,CSP QUOTATION,Sales Coordinator,Not Converted,1-6CXYYJD,MOHD SAZID CONSTRUCTION,ZO_West (CS),,4R1190,,,VIDYA DHABALI,Q420435092700188,2026-05-05 16:10:29,,,
1-13917899791,2026-05-05 16:25:59,Manual,Sales Coordinator,Others/Remarks,KALA Care Global LLP - Pune,420435,KALA Care Global LLP - Ahmednagar,420435_2,Others/Remarks,AIR FILTER REQUIRED,Sales Coordinator,Invoiced Generated,1-959ZHV,Unique Sales & Services,ZO_West (CS),,,,,Rani Barate,Q420435022700226,2026-05-05 16:29:52,,1-13917967473,2026-05-05 16:30:00
1-13918733321,2026-05-05 18:00:19,Manual,Sales Coordinator,Others/Remarks,KALA Care Global LLP - Pune,420435,KALA Care Global LLP - Ahmednagar,420435_2,Others/Remarks,oil sump required,Sales Coordinator,Invoiced Generated,1-5VE3OJF,DEEPAK DYNOBA BHAGAT,ZO_West (CS),,,,,Rani Barate,Q420435022700227,2026-05-05 18:07:59,,1-13924709250,2026-05-07 10:48:53
1-13918852351,2026-05-05 18:15:19,Manual,Sales Coordinator,Coolant Change,KALA Care Global LLP - Pune,420435,KALA Care Global LLP - Ahmednagar,420435_2,Coolant Change,95 LTR COLLENT REQUIRED,Sales Coordinator,Quotation Submitted,1-3V34Y55,Maharashtra Airport Development Company Limited,ZO_West (CS),,,,,Rani Barate,Q420435022700228,2026-05-05 18:23:16,,,
1-13919281522,2026-05-05 22:33:38,eFSR,Service Engineer,Overhauling,KALA Care Global LLP - Pune,420435,KALA Care Global LLP - Hospet,420435_10,Overhauling,Overalling spres,Service Coordinator,Does Not Qualify,1-HQCPRJ,Basavaraj,ZO_West (CS),213427246,HA494,,MOHAMMED JAFERKALUR,B Sneha Ballari,,,,,
1-13920182551,2026-05-06 10:40:45,Manual,Sales Coordinator,Paid Services -PM,KALA Care Global LLP - Pune,420435,KALA Care Global LLP - Ahmednagar,420435_2,Paid Services -PM,PAID SERVICING,Sales Coordinator,Quotation Submitted,1-54WMQYC,Narmada Dudh Sankalan & Shitkaran Kendra,ZO_West (CS),,EA16 G1,10,,Rani Barate,Q420435022700231,2026-05-06 10:48:33,,,
1-13922215221,2026-05-06 16:19:08,eFSR,Service Engineer,Others/Remarks,KALA Care Global LLP - Pune,420435,KALA Care Global LLP - Parbhani,420435_7,Others/Remarks,..,Sales Coordinator,Does Not Qualify,1-5SYFUZT,Pravin Pandurang Kadam,ZO_West (CS),213428184,4R1190,,PRABHAKARUPHADE,Rani Barate,,,,,
1-13922331684,2026-05-06 16:26:45,eFSR,Service Engineer,Coolant Change,KALA Care Global LLP - Pune,420435,KALA Care Global LLP - Ahmednagar,420435_2,Coolant Change,Need coolent bs5,Sales Coordinator,Quotation Submitted,1-6ASQAFB,Lokhande Anil Hausrao,ZO_West (CS),213209303,4R1190,,ALSIFSHAIKH,Rani Barate,Q420435022700258,2026-05-12 14:38:33,,,
1-13922461130,2026-05-06 17:09:03,eFSR,Service Engineer,Oil,KALA Care Global LLP - Pune,420435,KALA Care Global LLP - Hubli,420435_8,Battery,Ok,Sales Coordinator,Does Not Qualify,1-4ISRKO5,District Surgeon District Hospital Dharwad,ZO_West (CS),213417240,DV8TA G1,320,KRISHNADASABAL,NIKITA HIREMATH,,,,,
1-13922461130,2026-05-06 17:09:03,eFSR,Service Engineer,Oil,KALA Care Global LLP - Pune,420435,KALA Care Global LLP - Hubli,420435_8,Oil,Ok,Sales Coordinator,Does Not Qualify,1-4ISRKO5,District Surgeon District Hospital Dharwad,ZO_West (CS),213417240,DV8TA G1,320,KRISHNADASABAL,NIKITA HIREMATH,,,,,
1-13922695750,2026-05-06 17:09:52,eFSR,Service Engineer,Others/Remarks,KALA Care Global LLP - Pune,420435,KALA Care Global LLP - Hospet,420435_10,Others/Remarks,Customer need major,Sales Coordinator,Does Not Qualify,1-3VO64Q7,GOVIND NAYAK,ZO_West (CS),213431046,4R1040TC BS III,,JilanShekshavali,B Sneha Ballari,,,,,
1-13923707334,2026-05-06 19:25:18,eFSR,Service Engineer,Others/Remarks,KALA Care Global LLP - Pune,420435,KALA Care Global LLP - Hospet,420435_10,Others/Remarks,Exest below and air,Sales Coordinator,New,1-1NB96TO,M/s. Lotus Construction Corporation,ZO_West (CS),213332480,HA294 G1,15,MOHAMMED JAFERKALUR,,,,,,
1-13924604673,2026-05-07 10:27:25,eFSR,Service Engineer,Others/Remarks,KALA Care Global LLP - Pune,420435,KALA Care Global LLP - Aurangabad,420435_1,Others/Remarks,Ok,Sales Coordinator,Does Not Qualify,1-1LW5C8M,ATC Telecom Infrastructure Private Limited,ZO_West (CS),212555856,3R550ETA 4G1,25,HarshalIngle,Rani Barate,,,,,
1-13924633301,2026-05-07 10:23:59,Manual,Sales Coordinator,Others/Remarks,KALA Care Global LLP - Pune,420435,KALA Care Global LLP - Ahmednagar,420435_2,Others/Remarks,AIR FILTER REQUIRED,Sales Coordinator,Invoiced Generated,1-3MC2FDN,Jagtap Infraventures India Pvt. Ltd.,ZO_West (CS),,,,,Rani Barate,Q420435022700239,2026-05-07 10:28:52,,1-13937766621,2026-05-09 10:32:02
1-13924667971,2026-05-07 10:49:51,Manual,Sales Coordinator,BD Spares,KALA Care Global LLP - Pune,420435,KALA Care Global LLP - Aurangabad,420435_1,BD Spares,AVR,Sales Coordinator,Order/SR Cancelled,1-1VU-2474,Grainotch Industries Limited,ZO_West (CS),,12K22TA,600,,Rani Barate,Q420435012700199,2026-05-07 18:02:44,,,
1-13924803405,2026-05-07 10:59:43,eFSR,Service Engineer,Others/Remarks,KALA Care Global LLP - Pune,420435,KALA Care Global LLP - Hospet,420435_10,Others/Remarks,Need urea,Sales Coordinator,Qualifying,1-4A1XNVO,SUZLON SOUTHERN PROJECTS LIMITED,ZO_West (CS),213432586,4K1080ETA4G1,125.4,DADAPEERM,B Sneha Ballari,,,,,
1-13924934311,2026-05-07 11:07:55,Manual,Sales Coordinator,Paid Services -PM,KALA Care Global LLP - Pune,420435,KALA Care Global LLP - Hubli,420435_8,Others/Remarks,WET PM,Sales Coordinator,Not Converted,1-6COYGA6,SANATH NIRMAN PRIVATE LIMITED,ZO_West (CS),,,,,NIKITA HIREMATH,Q420435082700163,2026-05-07 11:13:31,,,
1-13925195059,2026-05-07 12:21:18,eFSR,Service Engineer,Others/Remarks,KALA Care Global LLP - Pune,420435,KALA Care Global LLP - Belagavi,420435_9,Coolant Change,Required,Sales Coordinator,Not Converted,1-481X5EU,Excellent Coaching Classes,ZO_West (CS),213433909,3R1040T G1,25,PRASHANTPATIL,VIDYA DHABALI,Q420435092700200,2026-05-20 12:01:20,,,
1-13925195059,2026-05-07 12:21:18,eFSR,Service Engineer,Others/Remarks,KALA Care Global LLP - Pune,420435,KALA Care Global LLP - Belagavi,420435_9,Others/Remarks,Oil service required,Sales Coordinator,Not Converted,1-481X5EU,Excellent Coaching Classes,ZO_West (CS),213433909,3R1040T G1,25,PRASHANTPATIL,VIDYA DHABALI,Q420435092700200,2026-05-20 12:01:20,,,
1-13925363419,2026-05-07 12:29:24,eFSR,Service Engineer,Allied Oil,KALA Care Global LLP - Pune,420435,KALA Care Global LLP - Hospet,420435_10,Allied Oil,Give quatation coole,Sales Coordinator,Does Not Qualify,1-69N1I37,Aswani Multispeciaity Hospital,ZO_West (CS),213433910,4K1080ETA4G1,125,VIJAYKUMAR,B Sneha Ballari,,,,,
1-13925422096,2026-05-07 13:26:16,eFSR,Service Engineer,Others/Remarks,KALA Care Global LLP - Pune,420435,KALA Care Global LLP - Hubli,420435_8,Oil,Ok,Sales Coordinator,Does Not Qualify,1-O5G08T,The Director(KIMS),ZO_West (CS),213419436,DV8TA G1,320,KRISHNADASABAL,NIKITA HIREMATH,,,,,
1-13925422096,2026-05-07 13:26:16,eFSR,Service Engineer,Others/Remarks,KALA Care Global LLP - Pune,420435,KALA Care Global LLP - Hubli,420435_8,Others/Remarks,Ok,Sales Coordinator,Does Not Qualify,1-O5G08T,The Director(KIMS),ZO_West (CS),213419436,DV8TA G1,320,KRISHNADASABAL,NIKITA HIREMATH,,,,,
1-13925443301,2026-05-07 12:32:22,Manual,Sales Coordinator,Paid Services -PM,KALA Care Global LLP - Pune,420435,KALA Care Global LLP - Ahmednagar,420435_2,Paid Services -PM,PAID SERVICING,Sales Coordinator,Converted,1-3NPK72R,BAJARANGBALI CONSTRUCTION,ZO_West (CS),,4R 1040 (LTK no. X861002330),,,Rani Barate,Q420435022700240,2026-05-19 10:48:35,,212242957,2026-05-19 10:43:29
1-13925483192,2026-05-07 13:19:12,eFSR,Service Engineer,Others/Remarks,KALA Care Global LLP - Pune,420435,KALA Care Global LLP - Nanded,420435_4,Others/Remarks,Na,Sales Coordinator,Does Not Qualify,1-6CLCXX1,Mayuri Construction.,ZO_West (CS),213334537,HA494,,RAFIQSHAIKH,Jyoti Mangesh,,,,,
1-13925706891,2026-05-07 14:29:19,eFSR,Service Engineer,Others/Remarks,KALA Care Global LLP - Pune,420435,KALA Care Global LLP - Hospet,420435_10,Others/Remarks,Need oil service,Sales Coordinator,Converted,1-5VX-2890,HARIPRIYA HAPMETI,ZO_West (CS),213432090,EW28,20,JilanShekshavali,B Sneha Ballari,Q420435102700189,2026-05-09 13:32:30,,,
1-13926301881,2026-05-07 16:22:08,eFSR,Service Engineer,Others/Remarks,KALA Care Global LLP - Pune,420435,KALA Care Global LLP - Aurangabad,420435_1,Others/Remarks,No,Sales Coordinator,Does Not Qualify,1-5NFRPF4,Urja Bio System Pvt. Ltd.,ZO_West (CS),213429517,6SL90,125,SUDHIRMHASLEKAR,Rani Barate,,,,,
1-13926762321,2026-05-07 15:57:20,Manual,Sales Coordinator,Others/Remarks,KALA Care Global LLP - Pune,420435,KALA Care Global LLP - Ahmednagar,420435_2,Others/Remarks,ENGINE SERVICING SPARES,Sales Coordinator,Quotation Submitted,1-30PVON8,"MAHESH STONE CRUSHER, EARTH MOVERS & SUPPLIERS",ZO_West (CS),,,,,Rani Barate,Q420435022700241,2026-05-07 16:01:15,,,
1-13927166421,2026-05-07 16:54:30,eFSR,Service Engineer,Others/Remarks,KALA Care Global LLP - Pune,420435,KALA Care Global LLP - Kalaburagi,420435_13,Battery,Bandhan,Sales Coordinator,Does Not Qualify,1-4C7WACP,SHREE SIDDABASAVESHWAR PETROLEUM,ZO_West (CS),212444625,HA294,15,Md ZakirAli,Rani Barate,,,,,
1-13927166421,2026-05-07 16:54:30,eFSR,Service Engineer,Others/Remarks,KALA Care Global LLP - Pune,420435,KALA Care Global LLP - Kalaburagi,420435_13,New DG,Bandhan,Sales Coordinator,Does Not Qualify,1-4C7WACP,SHREE SIDDABASAVESHWAR PETROLEUM,ZO_West (CS),212444625,HA294,15,Md ZakirAli,Rani Barate,,,,,
1-13927166421,2026-05-07 16:54:30,eFSR,Service Engineer,Others/Remarks,KALA Care Global LLP - Pune,420435,KALA Care Global LLP - Kalaburagi,420435_13,New Engine,Bandhan,Sales Coordinator,Does Not Qualify,1-4C7WACP,SHREE SIDDABASAVESHWAR PETROLEUM,ZO_West (CS),212444625,HA294,15,Md ZakirAli,Rani Barate,,,,,
1-13927166421,2026-05-07 16:54:30,eFSR,Service Engineer,Others/Remarks,KALA Care Global LLP - Pune,420435,KALA Care Global LLP - Kalaburagi,420435_13,Oil,Bandhan,Sales Coordinator,Does Not Qualify,1-4C7WACP,SHREE SIDDABASAVESHWAR PETROLEUM,ZO_West (CS),212444625,HA294,15,Md ZakirAli,Rani Barate,,,,,
1-13927166421,2026-05-07 16:54:30,eFSR,Service Engineer,Others/Remarks,KALA Care Global LLP - Pune,420435,KALA Care Global LLP - Kalaburagi,420435_13,Others/Remarks,Bandhan,Sales Coordinator,Does Not Qualify,1-4C7WACP,SHREE SIDDABASAVESHWAR PETROLEUM,ZO_West (CS),212444625,HA294,15,Md ZakirAli,Rani Barate,,,,,
1-13927166421,2026-05-07 16:54:30,eFSR,Service Engineer,Others/Remarks,KALA Care Global LLP - Pune,420435,KALA Care Global LLP - Kalaburagi,420435_13,Paid Services -PM,Bandhan,Sales Coordinator,Does Not Qualify,1-4C7WACP,SHREE SIDDABASAVESHWAR PETROLEUM,ZO_West (CS),212444625,HA294,15,Md ZakirAli,Rani Barate,,,,,
1-13927166421,2026-05-07 16:54:30,eFSR,Service Engineer,Others/Remarks,KALA Care Global LLP - Pune,420435,KALA Care Global LLP - Kalaburagi,420435_13,Service AMC/Bandhan/Anubandhan,Bandhan,Sales Coordinator,Does Not Qualify,1-4C7WACP,SHREE SIDDABASAVESHWAR PETROLEUM,ZO_West (CS),212444625,HA294,15,Md ZakirAli,Rani Barate,,,,,
1-13927543546,2026-05-07 17:43:24,eFSR,Service Engineer,Others/Remarks,KALA Care Global LLP - Pune,420435,KALA Care Global LLP - Kalaburagi,420435_13,Battery,Bandhan,Sales Coordinator,Does Not Qualify,1-4OEQLP4,LAXMI VISHNU SILKS,ZO_West (CS),212465479,4R810TA G1,62.5,Md ZakirAli,Rani Barate,,,,,
1-13927543546,2026-05-07 17:43:24,eFSR,Service Engineer,Others/Remarks,KALA Care Global LLP - Pune,420435,KALA Care Global LLP - Kalaburagi,420435_13,Mobile Lighting Tower,Bandhan,Sales Coordinator,Does Not Qualify,1-4OEQLP4,LAXMI VISHNU SILKS,ZO_West (CS),212465479,4R810TA G1,62.5,Md ZakirAli,Rani Barate,,,,,
1-13927543546,2026-05-07 17:43:24,eFSR,Service Engineer,Others/Remarks,KALA Care Global LLP - Pune,420435,KALA Care Global LLP - Kalaburagi,420435_13,NuLife,Bandhan,Sales Coordinator,Does Not Qualify,1-4OEQLP4,LAXMI VISHNU SILKS,ZO_West (CS),212465479,4R810TA G1,62.5,Md ZakirAli,Rani Barate,,,,,
1-13927543546,2026-05-07 17:43:24,eFSR,Service Engineer,Others/Remarks,KALA Care Global LLP - Pune,420435,KALA Care Global LLP - Kalaburagi,420435_13,Others/Remarks,Bandhan,Sales Coordinator,Does Not Qualify,1-4OEQLP4,LAXMI VISHNU SILKS,ZO_West (CS),212465479,4R810TA G1,62.5,Md ZakirAli,Rani Barate,,,,,
1-13927543546,2026-05-07 17:43:24,eFSR,Service Engineer,Others/Remarks,KALA Care Global LLP - Pune,420435,KALA Care Global LLP - Kalaburagi,420435_13,Paid Services -PM,Bandhan,Sales Coordinator,Does Not Qualify,1-4OEQLP4,LAXMI VISHNU SILKS,ZO_West (CS),212465479,4R810TA G1,62.5,Md ZakirAli,Rani Barate,,,,,
1-13927543546,2026-05-07 17:43:24,eFSR,Service Engineer,Others/Remarks,KALA Care Global LLP - Pune,420435,KALA Care Global LLP - Kalaburagi,420435_13,Service AMC/Bandhan/Anubandhan,Bandhan,Sales Coordinator,Does Not Qualify,1-4OEQLP4,LAXMI VISHNU SILKS,ZO_West (CS),212465479,4R810TA G1,62.5,Md ZakirAli,Rani Barate,,,,,
1-13933385868,2026-05-08 10:48:07,eFSR,Service Engineer,Others/Remarks,KALA Care Global LLP - Pune,420435,KALA Care Global LLP - Hospet,420435_10,BD Spares,Coolant and fan belt,Sales Coordinator,Does Not Qualify,1-4FV73KZ,SAPTAGIRI PATTINA SOUHARDA SAHAKARI SANGHA NIYAMITHA SINDHANUR,ZO_West (CS),213435965,2R1040 G1,20,MOHAMEED ABDULLAHMOHAMMED,B Sneha Ballari,,,,,
1-13933385868,2026-05-08 10:48:07,eFSR,Service Engineer,Others/Remarks,KALA Care Global LLP - Pune,420435,KALA Care Global LLP - Hospet,420435_10,Others/Remarks,Need to be coolant a,Sales Coordinator,Does Not Qualify,1-4FV73KZ,SAPTAGIRI PATTINA SOUHARDA SAHAKARI SANGHA NIYAMITHA SINDHANUR,ZO_West (CS),213435965,2R1040 G1,20,MOHAMEED ABDULLAHMOHAMMED,B Sneha Ballari,,,,,
1-13933385868,2026-05-08 10:48:07,eFSR,Service Engineer,Others/Remarks,KALA Care Global LLP - Pune,420435,KALA Care Global LLP - Hospet,420435_10,Service AMC/Bandhan/Anubandhan,Need to be coolant a,Sales Coordinator,Does Not Qualify,1-4FV73KZ,SAPTAGIRI PATTINA SOUHARDA SAHAKARI SANGHA NIYAMITHA SINDHANUR,ZO_West (CS),213435965,2R1040 G1,20,MOHAMEED ABDULLAHMOHAMMED,B Sneha Ballari,,,,,
1-13934505081,2026-05-08 13:19:21,Manual,Sales Coordinator,Oil,KALA Care Global LLP - Pune,420435,KALA Care Global LLP - Kalaburagi,420435_13,Oil,Oil Service,Sales Coordinator,Converted,1-5VM6U8J,JAGANNATH SAYABANNA,ZO_West (CS),,,,,Rani Barate,Q420435132700139,2026-05-08 13:24:40,,1-13935402321,2026-05-08 15:43:34
1-13934759316,2026-05-08 13:51:14,eFSR,Service Engineer,Others/Remarks,KALA Care Global LLP - Pune,420435,KALA Care Global LLP - Belagavi,420435_9,Others/Remarks,Oil service air filt,Sales Coordinator,Does Not Qualify,1-4CNB6UZ,Gogte Infrastructure Developement Corporation Limited,ZO_West (CS),208618253,DV12TA G2,625,SUNILHUMBARWADI,VIDYA DHABALI,,,,,
1-13934863563,2026-05-08 14:26:07,eFSR,Service Engineer,Coolant Change,KALA Care Global LLP - Pune,420435,KALA Care Global LLP - Ahmednagar,420435_2,Coolant Change,Premium coolent requ,Sales Coordinator,Quotation Submitted,1-1MLWCIO,Swami Vivekanand Charitable Trust,ZO_West (CS),213433243,3R1040T G1,30,ALSIFSHAIKH,Rani Barate,Q420435022700247,2026-05-09 13:41:33,,,
1-13935832614,2026-05-08 16:47:36,Manual,Sales Coordinator,Oil,KALA Care Global LLP - Pune,420435,KALA Care Global LLP - Nanded,420435_4,Oil,OIL,Sales Coordinator,Quotation Approved,1-6E8GBV6,NEW BHARAT FANCY,ZO_West (CS),,,,,Jyoti Mangesh,Q420435042700129,2026-05-08 16:56:48,2026-05-08 16:57:03,,
1-13935895585,2026-05-08 17:01:12,eFSR,Service Engineer,Others/Remarks,KALA Care Global LLP - Pune,420435,KALA Care Global LLP - Kalaburagi,420435_13,Others/Remarks,KoELBandan,Sales Coordinator,Does Not Qualify,1-3NTUA9F,Meera Suiting Cloth Merchant,ZO_West (CS),212050771,3R1040T G1,30,Md ZakirAli,Rani Barate,,,,,
1-13937330805,2026-05-09 09:21:52,eFSR,Service Engineer,Others/Remarks,KALA Care Global LLP - Pune,420435,KALA Care Global LLP - Nanded,420435_4,Others/Remarks,not required,Sales Coordinator,Does Not Qualify,1-6CSRW4D,Shawas Hospital,ZO_West (CS),213421620,3GK550ETA 4SR1,25,SAGARPARDESHI,Sareen Shaikh,,,,,
1-13937733571,2026-05-09 10:29:46,Manual,Sales Coordinator,Others/Remarks,KALA Care Global LLP - Pune,420435,KALA Care Global LLP - Belagavi,420435_9,Others/Remarks,spare parts required,Sales Coordinator,Invoiced Generated,1-3N3AI1O,GURU RAGHAVENDRA TRADERS,ZO_West (CS),,,,,VIDYA DHABALI,Q420435092700199,2026-05-09 10:36:20,,1-13937798041,2026-05-09 10:37:12
1-13937794621,2026-05-09 10:41:06,Manual,Sales Coordinator,Oil,KALA Care Global LLP - Pune,420435,KALA Care Global LLP - Kalaburagi,420435_13,Oil,Oil Service.,Sales Coordinator,Converted,1-3TRNEEI,Jakhotia Polyfibre Private Limited,ZO_West (CS),,4R1040T,62.5,,Rani Barate,Q420435132700142,2026-05-23 11:56:43,,213420800,2026-06-03 11:55:28
1-13937871611,2026-05-09 10:50:39,Manual,Sales Coordinator,Oil,KALA Care Global LLP - Pune,420435,KALA Care Global LLP - Kalaburagi,420435_13,Oil,Oil Service.,Sales Coordinator,Converted,1-3TRNEEI,Jakhotia Polyfibre Private Limited,ZO_West (CS),,4K1080TA1,125,,Rani Barate,Q420435132700143,2026-05-09 10:55:45,,213420804,2026-06-03 11:56:56
1-13938290302,2026-05-09 11:53:43,Manual,Sales Coordinator,Others/Remarks,KALA Care Global LLP - Pune,420435,KALA Care Global LLP - Ahmednagar,420435_2,Others/Remarks,fan required,Sales Coordinator,Invoiced Generated,1-1I73SXL,Unique Engginering Works,ZO_West (CS),,,,,Rani Barate,Q420435022700244,2026-05-09 11:56:07,2026-05-09 11:56:27,1-13938271151,2026-05-09 11:56:54
1-13938403371,2026-05-09 12:16:35,Manual,Sales Coordinator,Others/Remarks,KALA Care Global LLP - Pune,420435,KALA Care Global LLP - Belagavi,420435_9,BD Spares,SPARES REQUIRED,Sales Coordinator,Invoiced Generated,1-6EI19L6,YATRIK CONTRACTOR,ZO_West (CS),,,,,VIDYA DHABALI,Q420435092700201,2026-05-09 12:19:44,,1-13938248820,2026-05-09 12:20:25
1-13938650941,2026-05-09 13:08:44,Manual,Sales Coordinator,Others/Remarks,KALA Care Global LLP - Pune,420435,KALA Care Global LLP - Ahmednagar,420435_2,Others/Remarks,switch,Sales Coordinator,Invoiced Generated,1-3N2VQ1B,DIGAMBAR KISAN BHINGARE,ZO_West (CS),,,,,Rani Barate,Q420435022700246,2026-05-09 13:11:53,,1-13938715491,2026-05-09 13:12:34
1-13938809328,2026-05-09 13:44:04,eFSR,Service Engineer,Others/Remarks,KALA Care Global LLP - Pune,420435,KALA Care Global LLP - Ahmednagar,420435_2,Others/Remarks,Ha294 engine,Sales Coordinator,Does Not Qualify,1-4QFTMQU,Essar Mahalkali Petrol Pump..,ZO_West (CS),212801048,HA294,15,ALSIFSHAIKH,Rani Barate,,,,,
1-13938876514,2026-05-09 13:42:54,Manual,Sales Coordinator,Others/Remarks,KALA Care Global LLP - Pune,420435,KALA Care Global LLP - Ahmednagar,420435_2,Others/Remarks,ENGINE SPARES,Sales Coordinator,Invoiced Generated,1-36XLRS7,DK TRACTORS & NUTBOLTS,ZO_West (CS),,,,,Rani Barate,Q420435022700248,2026-05-09 13:49:14,,1-13938800021,2026-05-09 13:49:55
1-13939002604,2026-05-09 14:36:55,eFSR,Service Engineer,New DG,KALA Care Global LLP - Pune,420435,KALA Care Global LLP - Kalaburagi,420435_13,New DG,KoELBandan,Sales Coordinator,Does Not Qualify,1-68CLGSY,CNF Phosphate (India) Private Limited,ZO_West (CS),213018959,6SL1500TA G3,250,Md ZakirAli,Rani Barate,,,,,
1-13939203011,2026-05-09 14:24:41,Manual,Sales Coordinator,Battery,KALA Care Global LLP - Pune,420435,KALA Care Global LLP - Belagavi,420435_9,Battery,BATTERY,Sales Coordinator,Not Converted,1-3FQGJRF,Shree Ortho & Trauma Centre- Belguam,ZO_West (CS),,4R810TA G1,62.5,,VIDYA DHABALI,Q420435092700728,2026-07-25 17:00:24,,,
1-13939464201,2026-05-09 15:10:43,Manual,Sales Coordinator,Diesel Exhaust Fluid,KALA Care Global LLP - Pune,420435,KALA Care Global LLP - Babhleshwar,420435_5,Diesel Exhaust Fluid,210 LTR BARREL,Sales Coordinator,Quotation Submitted,1-4ONCBTO,KARMAVEER SHANKARAO KALE SAHAKARI SAKHAR KARKHANA LTD,ZO_West (CS),,,,,Rani Barate,Q420435052700022,2026-05-09 15:14:59,,,
1-13939745301,2026-05-09 15:51:28,Manual,Sales Coordinator,Paid Services -PM,KALA Care Global LLP - Pune,420435,KALA Care Global LLP - Ahmednagar,420435_2,Paid Services -PM,oil servicing,Sales Coordinator,Quotation Submitted,1-5YWCYP0,SANTOSH SAHEBRAO SHIRSAT,ZO_West (CS),,4R810,,,Rani Barate,Q420435022700249,2026-05-09 15:59:25,,,
1-13939795217,2026-05-09 17:13:57,eFSR,Service Engineer,Others/Remarks,KALA Care Global LLP - Pune,420435,KALA Care Global LLP - Hospet,420435_10,Others/Remarks,Need to be DEF,Sales Coordinator,Qualifying,1-4A1XNVO,SUZLON SOUTHERN PROJECTS LIMITED,ZO_West (CS),213442228,4K1080ETA4G1,125.4,MOHAMEED ABDULLAHMOHAMMED,B Sneha Ballari,,,,,
1-13940427331,2026-05-09 17:23:37,Manual,Sales Coordinator,Others/Remarks,KALA Care Global LLP - Pune,420435,KALA Care Global LLP - Ahmednagar,420435_2,Others/Remarks,ENGINE SPARES,Sales Coordinator,Invoiced Generated,1-5JUIA26,Kala Defence & Aerospace Systems Private Limited.,ZO_West (CS),,,,,Rani Barate,Q420435022700252,2026-05-09 17:26:45,,1-13940427531,2026-05-09 17:27:15
1-13940622681,2026-05-09 18:08:35,Manual,Sales Coordinator,Others/Remarks,KALA Care Global LLP - Pune,420435,KALA Care Global LLP - Belagavi,420435_9,BD Spares,SPARES REQUIRED,Sales Coordinator,Invoiced Generated,1-5LO9544,ISHA HYDRO POWER,ZO_West (CS),,,,,VIDYA DHABALI,Q420435092700205,2026-05-09 18:13:06,,1-13951277805,2026-05-13 10:17:34
1-13941779484,2026-05-10 19:49:55,eFSR,Service Engineer,Oil,KALA Care Global LLP - Pune,420435,KALA Care Global LLP - Belagavi,420435_9,Oil,Oil servsing due,Sales Coordinator,Converted,1-3LYFWT8,THE PRINCIPAL,ZO_West (CS),213441677,HA694,55,RAJUTALWAR,VIDYA DHABALI,Q420435092700231,2026-05-28 11:50:39,,213452503,2026-06-03 13:38:06
1-13941829346,2026-05-10 19:28:14,eFSR,Service Engineer,Oil,KALA Care Global LLP - Pune,420435,KALA Care Global LLP - Belagavi,420435_9,Battery,Battery required,Sales Coordinator,Does Not Qualify,1-1OWC6QZ,Commandant,ZO_West (CS),213441646,3R1040T G1,30,RAJUTALWAR,VIDYA DHABALI,,,,,
1-13941829346,2026-05-10 19:28:14,eFSR,Service Engineer,Oil,KALA Care Global LLP - Pune,420435,KALA Care Global LLP - Belagavi,420435_9,Coolant Change,Required coolant,Sales Coordinator,Does Not Qualify,1-1OWC6QZ,Commandant,ZO_West (CS),213441646,3R1040T G1,30,RAJUTALWAR,VIDYA DHABALI,,,,,
1-13941829346,2026-05-10 19:28:14,eFSR,Service Engineer,Oil,KALA Care Global LLP - Pune,420435,KALA Care Global LLP - Belagavi,420435_9,Oil,Oil servsing due,Sales Coordinator,Does Not Qualify,1-1OWC6QZ,Commandant,ZO_West (CS),213441646,3R1040T G1,30,RAJUTALWAR,VIDYA DHABALI,,,,,
1-13942753721,2026-05-11 10:26:59,Manual,Sales Coordinator,Others/Remarks,KALA Care Global LLP - Pune,420435,KALA Care Global LLP - Ahmednagar,420435_2,Others/Remarks,engine spares,Sales Coordinator,Invoiced Generated,1-6EKGVBP,ASHOK LAXMAN SURYAVANSHI,ZO_West (CS),,,,,Rani Barate,Q420435022700253,2026-05-13 12:32:43,,1-13952008963,2026-05-13 12:32:46
1-13944041301,2026-05-11 14:04:03,Manual,Sales Coordinator,BD Spares,KALA Care Global LLP - Pune,420435,KALA Care Global LLP - Belagavi,420435_9,BD Spares,SPARES QUOTE,Sales Coordinator,Not Converted,1-3KKZRL9,RAVI INFRABUILD PROJECTS LIMITED,ZO_West (CS),,,,,VIDYA DHABALI,Q420435092700207,2026-05-11 14:56:07,,,
1-13944120541,2026-05-11 14:27:42,Manual,Sales Coordinator,Paid Services -PM,KALA Care Global LLP - Pune,420435,KALA Care Global LLP - Belagavi,420435_9,Paid Services -PM,SERVICE PARTS REQUOIRED,Sales Coordinator,Converted,1-4CNB6UZ,Gogte Infrastructure Developement Corporation Limited,ZO_West (CS),,DV12TA G2,625,,VIDYA DHABALI,Q420435092700209,2026-05-11 14:58:39,,208618254,2026-05-29 10:34:23
1-13944248747,2026-05-11 15:07:49,eFSR,Service Engineer,BD Spares,KALA Care Global LLP - Pune,420435,KALA Care Global LLP - Hospet,420435_10,BD Spares,Water pump and v bel,Service Coordinator,Converted,1-111XHF5,Hotel  Priya Darshini,ZO_West (CS),213445745,SL90,250,MOHAMMED JAFERKALUR,B Sneha Ballari,Q420435102700205,2026-05-12 15:42:29,,,
1-13945135151,2026-05-11 17:02:49,Manual,Sales Coordinator,Others/Remarks,KALA Care Global LLP - Pune,420435,KALA Care Global LLP - Ahmednagar,420435_2,Others/Remarks,ENGINE SPARES,Sales Coordinator,Invoiced Generated,1-1KP-2295,RAHUL RAMCHANDRA SHINDE,ZO_West (CS),,,,,Rani Barate,Q420435022700254,2026-05-11 17:12:35,,1-13945329451,2026-05-11 17:21:08
1-13945138697,2026-05-11 17:06:43,eFSR,Service Engineer,Battery,KALA Care Global LLP - Pune,420435,KALA Care Global LLP - Vijayapura,420435_14,Battery,Battery required,Sales Coordinator,Quotation Submitted,1-3VPLVOB,Solapur Janta Sahakari Bank Ltd,ZO_West (CS),212617577,CC418G1,5,SANGAPPA BANNATTIBANNATTI,Rani Barate,Q420435142700093,2026-05-21 13:37:01,,,
1-13945192404,2026-05-11 17:04:49,eFSR,Service Engineer,Others/Remarks,KALA Care Global LLP - Pune,420435,KALA Care Global LLP - Hospet,420435_10,Others/Remarks,Customer need v belt,Sales Coordinator,Does Not Qualify,1-1IEC3D,Essaar Informatics & Services,ZO_West (CS),213445663,4R810TA G1,62.5,JilanShekshavali,B Sneha Ballari,,,,,
1-13945358792,2026-05-11 17:41:15,eFSR,Service Engineer,Oil,KALA Care Global LLP - Pune,420435,KALA Care Global LLP - Babhleshwar,420435_5,Oil,Oil,Sales Coordinator,New,1-359AH7U,M/s. Excel Packaging,ZO_West (CS),213431376,4R810TA G1,62.5,SANDIPGAGARE,,,,,,
1-13945394107,2026-05-11 17:36:06,Manual,Sales Coordinator,BD Spares,KALA Care Global LLP - Pune,420435,KALA Care Global LLP - Belagavi,420435_9,BD Spares,BD Spares,Sales Coordinator,Not Converted,1-1W9-1208,J.G.Co-Operative Hospital,ZO_West (CS),,HA694T,70,,VIDYA DHABALI,Q420435092700212,2026-05-11 17:43:46,,,
1-13945697765,2026-05-11 22:12:21,eFSR,Service Engineer,Others/Remarks,KALA Care Global LLP - Pune,420435,KALA Care Global LLP - Hospet,420435_10,Oil,Need oil,Sales Coordinator,Does Not Qualify,1-4IBX5LR,SRI VAMSIC CONSTRUCTION,ZO_West (CS),213445567,4R1040TA2,,MDAsifMDAsif,B Sneha Ballari,,,,,
1-13945697765,2026-05-11 22:12:21,eFSR,Service Engineer,Others/Remarks,KALA Care Global LLP - Pune,420435,KALA Care Global LLP - Hospet,420435_10,Others/Remarks,Need to be oil servi,Sales Coordinator,Does Not Qualify,1-4IBX5LR,SRI VAMSIC CONSTRUCTION,ZO_West (CS),213445567,4R1040TA2,,MDAsifMDAsif,B Sneha Ballari,,,,,
1-13946249368,2026-05-11 22:46:13,eFSR,Service Engineer,Others/Remarks,KALA Care Global LLP - Pune,420435,KALA Care Global LLP - Hospet,420435_10,Others/Remarks,Not required,Sales Coordinator,Does Not Qualify,1-67DEWUI,Shridhar Shetty,ZO_West (CS),213447394,3GK550TC 4SR1,20,MOHAMMED JAFERKALUR,B Sneha Ballari,,,,,
1-13947125581,2026-05-12 10:55:25,Manual,Sales Coordinator,Paid Services -PM,KALA Care Global LLP - Pune,420435,KALA Care Global LLP - Ahmednagar,420435_2,Paid Services -PM,PAID SERVICING,Sales Coordinator,Quotation Submitted,1-4JKN2ZX,Shrijee Process Engineering Works Limited,ZO_West (CS),,6SL9088T,125,,Rani Barate,Q420435022700255,2026-05-12 11:06:32,,,
1-13947137431,2026-05-12 10:52:20,Manual,Sales Coordinator,Paid Services -PM,KALA Care Global LLP - Pune,420435,KALA Care Global LLP - Belagavi,420435_9,BD Spares,BD Spares,Sales Coordinator,Invoiced Generated,1-4IB92NA,DURADUNDESHWAR DIVATE,ZO_West (CS),,,,,VIDYA DHABALI,Q420435092700214,2026-05-12 11:00:16,,1-13947135714,2026-05-12 11:00:25
1-13947325621,2026-05-12 11:26:32,Manual,Sales Coordinator,Paid Services -PM,KALA Care Global LLP - Pune,420435,KALA Care Global LLP - Babhleshwar,420435_5,Paid Services -PM,PAID SERVICING,Sales Coordinator,Quotation Submitted,1-5EANDVI,SHRI SAI SAMARTH CONSTRUCTIONS,ZO_West (CS),,4R1190,,,Rani Barate,Q420435052700023,2026-05-12 12:28:27,,,
1-13947618431,2026-05-12 11:59:11,Manual,Sales Coordinator,BD Spares,KALA Care Global LLP - Pune,420435,KALA Care Global LLP - Belagavi,420435_9,BD Spares,WATER PUMP QUOTATION,Sales Coordinator,Quotation Submitted,1-3KOFV9O,"PLR Projects Pvt. Ltd.,",ZO_West (CS),,,,,VIDYA DHABALI,Q420435092700215,2026-05-12 12:05:33,,,
1-13947649741,2026-05-12 12:11:21,Manual,Sales Coordinator,Oil,KALA Care Global LLP - Pune,420435,KALA Care Global LLP - Aurangabad,420435_1,Oil,OIL,Sales Coordinator,Invoiced Generated,1-4P18D1D,SHREE INFRAPROJECTS,ZO_West (CS),,,,,Rani Barate,Q420435012700249,2026-05-12 12:15:53,2026-05-12 12:16:50,1-13947650111,2026-05-12 12:18:05
1-13947676152,2026-05-12 12:10:30,Manual,Sales Coordinator,Diesel Exhaust Fluid,KALA Care Global LLP - Pune,420435,KALA Care Global LLP - Ahmednagar,420435_2,Diesel Exhaust Fluid,DEF BARREL REQUIRED,Sales Coordinator,Quotation Submitted,1-3MC2FDN,Jagtap Infraventures India Pvt. Ltd.,ZO_West (CS),,,,,Rani Barate,Q420435022700256,2026-05-12 12:16:20,,,
1-13947740391,2026-05-12 12:23:37,Manual,Sales Coordinator,Others/Remarks,KALA Care Global LLP - Pune,420435,KALA Care Global LLP - Belagavi,420435_9,Others/Remarks,oil filters quote,Sales Coordinator,Converted,1-34KUBG3,Mahashakti Concrete Solutions,ZO_West (CS),,HA494,,,VIDYA DHABALI,Q420435092700217,2026-05-12 12:34:41,,213456491,2026-05-14 12:24:33
1-13947740749,2026-05-12 12:38:56,Manual,Sales Coordinator,Paid Services -PM,KALA Care Global LLP - Pune,420435,KALA Care Global LLP - Belagavi,420435_9,Paid Services -PM,oil service parts,Sales Coordinator,Not Converted,1-35JKLBT,Mahashakti Concrete Solution,ZO_West (CS),,HA494,,,VIDYA DHABALI,Q420435092700218,2026-05-12 12:49:21,,,
1-13947876060,2026-05-12 12:55:41,Manual,Sales Coordinator,Paid Services -PM,KALA Care Global LLP - Pune,420435,KALA Care Global LLP - Belagavi,420435_9,Paid Services -PM,400252727,Sales Coordinator,Not Converted,1-1A14VAJ,SRI MARUTHI DEVELOPERS,ZO_West (CS),,,,,VIDYA DHABALI,Q420435092700219,2026-05-12 13:03:20,,,
1-13947966301,2026-05-12 13:04:22,Manual,Sales Coordinator,Paid Services -PM,KALA Care Global LLP - Pune,420435,KALA Care Global LLP - Ahmednagar,420435_2,Paid Services -PM,PAID CSP,Sales Coordinator,Quotation Submitted,1-5XGYGRC,Sampat Ganpat Waghmare,ZO_West (CS),,4R1190,,,Rani Barate,Q420435022700257,2026-05-12 13:23:33,,,
1-13948032035,2026-05-12 14:14:27,eFSR,Service Engineer,Coolant Change,KALA Care Global LLP - Pune,420435,KALA Care Global LLP - Belagavi,420435_9,Coolant Change,5ltr,Sales Coordinator,Order/SR Generated,1-5VI7ZVS,CHANDUKAKA SARAF JEWELS PRIVATE LIMITED,ZO_West (CS),213397418,4R810ETA 4G1,58.5,SATISHNAVAGEKAR,VIDYA DHABALI,Q420435092700689,2026-07-21 10:26:34,,213728845,2026-07-21 09:53:48
1-13948038010,2026-05-12 13:49:09,eFSR,Service Engineer,BD Spares,KALA Care Global LLP - Pune,420435,KALA Care Global LLP - Belagavi,420435_9,BD Spares,Avr required,Service Coordinator,Quotation Submitted,1-4CN1OU1,AB Foods,ZO_West (CS),213449129,4R1040,40,GAJANANBHOSALE,VIDYA DHABALI,Q420435092700222,2026-05-12 15:42:30,,,
1-13948157301,2026-05-12 13:51:01,Manual,Sales Coordinator,Paid Services -PM,KALA Care Global LLP - Pune,420435,KALA Care Global LLP - Belagavi,420435_9,BD Spares,OIL BARREL QUOTATION,Sales Coordinator,Invoiced Generated,1-2XA0XP0,Imran Arab,ZO_West (CS),,,,,VIDYA DHABALI,Q420435092700220,2026-05-12 13:57:28,,1-14012288471,2026-05-27 11:21:10
1-13948172341,2026-05-12 13:56:51,eFSR,Service Engineer,Service AMC/Bandhan/Anubandhan,KALA Care Global LLP - Pune,420435,KALA Care Global LLP - Aurangabad,420435_1,Others/Remarks,Head gasket,Sales Coordinator,New,1-3N2OJV8,SANJEEV AUTO  PARTS MANUFACTURERS PRIVATE LIMITED,ZO_West (CS),213361810,DV12ETA G11,750,DATTAKAMBLE,Rani Barate,,,,,
1-13948172341,2026-05-12 13:56:51,eFSR,Service Engineer,Service AMC/Bandhan/Anubandhan,KALA Care Global LLP - Pune,420435,KALA Care Global LLP - Aurangabad,420435_1,Service AMC/Bandhan/Anubandhan,Oil 55 ltr gold kirl,Sales Coordinator,New,1-3N2OJV8,SANJEEV AUTO  PARTS MANUFACTURERS PRIVATE LIMITED,ZO_West (CS),213361810,DV12ETA G11,750,DATTAKAMBLE,Rani Barate,,,,,
1-13948203052,2026-05-12 14:41:28,eFSR,Service Engineer,Others/Remarks,KALA Care Global LLP - Pune,420435,KALA Care Global LLP - Belagavi,420435_9,Others/Remarks,Stop relay,Sales Coordinator,Does Not Qualify,1-6E1R0J9,BVB ENGINEERING CO.,ZO_West (CS),213448578,4R1040NA,,PRASHANTPATIL,VIDYA DHABALI,,,,,
1-13948561551,2026-05-12 14:55:56,Manual,Sales Coordinator,Others/Remarks,KALA Care Global LLP - Pune,420435,KALA Care Global LLP - Belagavi,420435_9,Oil,Oil,Sales Coordinator,Invoiced Generated,1-3N3AI1O,GURU RAGHAVENDRA TRADERS,ZO_West (CS),,,,,VIDYA DHABALI,Q420435092700221,2026-05-12 14:59:50,,1-13948594691,2026-05-12 15:00:16
1-13948746031,2026-05-12 15:26:48,Manual,Sales Coordinator,Others/Remarks,KALA Care Global LLP - Pune,420435,KALA Care Global LLP - Ahmednagar,420435_2,Others/Remarks,FOR ENGINE SPARES,Sales Coordinator,Invoiced Generated,1-4S6JPYZ,Ratnadeep Construction,ZO_West (CS),,,,,Rani Barate,Q420435022700260,2026-05-13 10:00:10,,1-13966510916,2026-05-16 13:29:02
1-13948954205,2026-05-12 16:41:58,eFSR,Service Engineer,Others/Remarks,KALA Care Global LLP - Pune,420435,KALA Care Global LLP - Hubli,420435_8,Others/Remarks,Adblue,Sales Coordinator,Quotation Submitted,1-5XABHZ8,TPRS ENTERPRISES PRIVATE LIMITED,ZO_West (CS),213445463,6SL90ETA 4G3,320,KAREPPADOOPAD,NIKITA HIREMATH,Q420435082700182,2026-05-14 12:35:57,,,
1-13949207792,2026-05-12 17:19:37,eFSR,Service Engineer,Others/Remarks,KALA Care Global LLP - Pune,420435,KALA Care Global LLP - Latur,420435_6,Others/Remarks,No,Sales Coordinator,Does Not Qualify,1-3X3L4XE,M/s SRI VAMSIC CONSTRUCTION,ZO_West (CS),213444358,4R1190,,MAHALINGPATIL,Sareen Shaikh,,,,,
1-13949705311,2026-05-12 17:32:15,Manual,Sales Coordinator,Oil,KALA Care Global LLP - Pune,420435,KALA Care Global LLP - Kalaburagi,420435_13,Oil,Oil Service.,Sales Coordinator,Order/SR Generated,1-4T5CH4P,CHANNAPPA G POOJARI,ZO_West (CS),,4R1190,,,Rani Barate,Q420435132700145,2026-05-12 17:37:52,,210747386,2026-05-13 19:36:33
1-13949856293,2026-05-12 18:43:30,eFSR,Service Engineer,Others/Remarks,KALA Care Global LLP - Pune,420435,KALA Care Global LLP - Kalaburagi,420435_13,Others/Remarks,Kol Ban,Sales Coordinator,Does Not Qualify,1-5VX-3629,SHANTVEER PATTADHYAKSHARU INDUSTRIAL TRAINING CENTER.,ZO_West (CS),212292506,HA294,15,Md ZakirAli,Rani Barate,,,,,
1-13949980921,2026-05-12 18:01:12,Manual,Sales Coordinator,Others/Remarks,KALA Care Global LLP - Pune,420435,KALA Care Global LLP - Belagavi,420435_9,Others/Remarks,PARTS REQUIRED,Sales Coordinator,Converted,1-D4I9HN,S S LASKAR  CONSTRUCTION,ZO_West (CS),,4R810T,,,VIDYA DHABALI,Q420435092700225,2026-05-13 09:53:56,,213454586,2026-05-13 17:33:56
1-13950225616,2026-05-12 20:45:46,eFSR,Service Engineer,Others/Remarks,KALA Care Global LLP - Pune,420435,KALA Care Global LLP - Hospet,420435_10,Others/Remarks,Need oil service,Sales Coordinator,Does Not Qualify,1-1JJ-4787,M S Petroleums,ZO_West (CS),213449116,HA294,15,MDAsifMDAsif,B Sneha Ballari,,,,,
1-13951620872,2026-05-13 11:09:46,Manual,Sales Coordinator,Others/Remarks,KALA Care Global LLP - Pune,420435,KALA Care Global LLP - Belagavi,420435_9,Oil,OIL REQUIRED,Sales Coordinator,Invoiced Generated,1-3N3AI1O,GURU RAGHAVENDRA TRADERS,ZO_West (CS),,,,,VIDYA DHABALI,Q420435092700226,2026-05-13 11:12:44,,1-13951655581,2026-05-13 11:15:15
1-13952087591,2026-05-13 12:27:42,Manual,Sales Coordinator,Battery,KALA Care Global LLP - Pune,420435,KALA Care Global LLP - Belagavi,420435_9,Battery,OIL SERVICE AND BATTERY QUOTATION,Sales Coordinator,Quotation Submitted,1-1OWC6QZ,Commandant,ZO_West (CS),,3R1040T G1,30,,VIDYA DHABALI,Q420435092700229,2026-05-13 13:00:33,,,
1-13952088292,2026-05-13 12:36:50,Manual,Sales Coordinator,BD Spares,KALA Care Global LLP - Pune,420435,KALA Care Global LLP - Belagavi,420435_9,Battery,BATTERY QUOTATION,Sales Coordinator,Not Converted,1-3LYFWT8,THE PRINCIPAL,ZO_West (CS),,HA694,55,,VIDYA DHABALI,Q420435092700230,2026-05-13 17:46:23,,,
1-13952225464,2026-05-13 13:01:06,eFSR,Service Engineer,BD Spares,KALA Care Global LLP - Pune,420435,KALA Care Global LLP - Belagavi,420435_9,BD Spares,7.5kva single phase,Service Coordinator,Does Not Qualify,1-3KMXJT,ICICI Bank Limited,ZO_West (CS),213452538,EA10 G1,7.5,GAJANANBHOSALE,VIDYA DHABALI,,,,,
1-13952323381,2026-05-13 13:09:04,Manual,Sales Coordinator,BD Spares,KALA Care Global LLP - Pune,420435,KALA Care Global LLP - Kalaburagi,420435_13,BD Spares,LFL and LLOP Problem,Sales Coordinator,Awaiting Approval,1-6C3V620,BHAVANI ELECTRICALS,ZO_West (CS),,6SL9088TA,160,,Rani Barate,Q420435132700146,2026-05-13 17:10:48,,,
1-13953268744,2026-05-13 16:18:46,eFSR,Service Engineer,Service AMC/Bandhan/Anubandhan,KALA Care Global LLP - Pune,420435,KALA Care Global LLP - Hospet,420435_10,Service AMC/Bandhan/Anubandhan,Need to be oil servi,Sales Coordinator,Does Not Qualify,1-4M2C3UW,Sri Kumaraswamy Mineral Exports Private Limited,ZO_West (CS),213451520,3R550NA G1,15,MOHAMEED ABDULLAHMOHAMMED,B Sneha Ballari,,,,,
1-13953268954,2026-05-13 16:32:17,eFSR,Service Engineer,Diesel Exhaust Fluid,KALA Care Global LLP - Pune,420435,KALA Care Global LLP - Ahmednagar,420435_2,Diesel Exhaust Fluid,210 ltr required,Sales Coordinator,Does Not Qualify,1-5UXX0DO,Mrs pallavi vaibhav Kulkarni,ZO_West (CS),213452479,DV8ETA 4G2,400,NILESHSALUNKE,Rani Barate,,,,,
1-13953338001,2026-05-13 16:11:02,Manual,Sales Coordinator,Others/Remarks,KALA Care Global LLP - Pune,420435,KALA Care Global LLP - Ahmednagar,420435_2,Diesel Exhaust Fluid,DEF BARREL,Sales Coordinator,Invoiced Generated,1-4LG95WJ,Samruddhi Bakery & Dairy Products,ZO_West (CS),,,,,Rani Barate,Q420435022700270,2026-05-13 16:15:45,,1-13963345200,2026-05-15 17:28:41
1-13953768592,2026-05-13 17:07:56,eFSR,Service Engineer,Oil,KALA Care Global LLP - Pune,420435,KALA Care Global LLP - Hospet,420435_10,Oil,Oil service sprace n,Sales Coordinator,Does Not Qualify,1-4M6INQO,K. Mart Supermart.,ZO_West (CS),213453562,2R1040 G1,20,MOHAMMED JAFERKALUR,B Sneha Ballari,,,,,
1-13953816092,2026-05-13 17:41:17,eFSR,Service Engineer,Overhauling,KALA Care Global LLP - Pune,420435,KALA Care Global LLP - Hospet,420435_10,Overhauling,Engine overalling sp,Service Coordinator,Does Not Qualify,1-32YWOD,Satavahana Ispat Limited,ZO_West (CS),213447371,4R1040TC_BSIII,,MOHAMMED JAFERKALUR,B Sneha Ballari,,,,,
1-13954249663,2026-05-13 18:55:39,eFSR,Service Engineer,Others/Remarks,KALA Care Global LLP - Pune,420435,KALA Care Global LLP - Hospet,420435_10,DF Kit,Required,Sales Coordinator,Does Not Qualify,1-5XJHUZQ,MANJUNATHA V. WORKS CONTRACTOR,ZO_West (CS),213453398,4K1080ETA4G1,125,MDAsifMDAsif,B Sneha Ballari,,,,,
1-13954249663,2026-05-13 18:55:39,eFSR,Service Engineer,Others/Remarks,KALA Care Global LLP - Pune,420435,KALA Care Global LLP - Hospet,420435_10,Others/Remarks,Df and oil service m,Sales Coordinator,Does Not Qualify,1-5XJHUZQ,MANJUNATHA V. WORKS CONTRACTOR,ZO_West (CS),213453398,4K1080ETA4G1,125,MDAsifMDAsif,B Sneha Ballari,,,,,
1-13955591899,2026-05-14 10:59:19,eFSR,Service Engineer,Overhauling,KALA Care Global LLP - Pune,420435,KALA Care Global LLP - Belagavi,420435_9,Overhauling,Mejor overhaul,Service Coordinator,Converted,1-499U9EB,KADAPATTI INFRA PRIVATE LIMITED.,ZO_West (CS),213219323,4R810T,,SATISHNAVAGEKAR,VIDYA DHABALI,Q420435092700239,2026-05-20 16:50:22,,213502239,2026-05-26 17:45:49
1-13955624371,2026-05-14 10:25:51,Manual,Sales Coordinator,Others/Remarks,KALA Care Global LLP - Pune,420435,KALA Care Global LLP - Ahmednagar,420435_2,Others/Remarks,engine spares,Sales Coordinator,Quotation Submitted,1-KMY7PI,Om Sai Hydrolicks.,ZO_West (CS),,,,,Rani Barate,Q420435022700271,2026-05-14 10:30:58,,,
1-13955862921,2026-05-14 11:15:09,Manual,Sales Coordinator,Paid Services -PM,KALA Care Global LLP - Pune,420435,KALA Care Global LLP - Ahmednagar,420435_2,Others/Remarks,FLYWHEEL RING REPLACEMENT,Sales Coordinator,Quotation Submitted,1-4KL0RGQ,Venkatesh Infra,ZO_West (CS),,HA494,,,Rani Barate,Q420435022700272,2026-05-14 11:30:04,,,
1-13956116581,2026-05-14 12:09:47,Manual,Sales Coordinator,Battery,KALA Care Global LLP - Pune,420435,KALA Care Global LLP - Ahmednagar,420435_2,Battery,75 AMP BATTERY,Sales Coordinator,Quotation Submitted,1-4QFTMQU,Essar Mahalkali Petrol Pump..,ZO_West (CS),,,,,Rani Barate,Q420435022700274,2026-05-14 12:13:18,,,
1-13956582201,2026-05-14 12:59:58,Manual,Sales Coordinator,Overhauling,KALA Care Global LLP - Pune,420435,KALA Care Global LLP - Belagavi,420435_9,Overhauling,PARTS REQUIRED,Sales Coordinator,Invoiced Generated,1-43I02BF,VRL LOGISTICS LIMITED,ZO_West (CS),,,,,VIDYA DHABALI,Q420435092700235,2026-05-14 13:02:59,,1-13956665551,2026-05-14 13:03:28
1-13956818084,2026-05-14 14:25:09,eFSR,Service Engineer,Battery,KALA Care Global LLP - Pune,420435,KALA Care Global LLP - Belagavi,420435_9,Battery,88ah,Sales Coordinator,Does Not Qualify,1-3PPGPUH,The Karnataka Bank  Limited.,ZO_West (CS),212813649,EA16,10,RAJUTALWAR,VIDYA DHABALI,,,,,
1-13956818084,2026-05-14 14:25:09,eFSR,Service Engineer,Battery,KALA Care Global LLP - Pune,420435,KALA Care Global LLP - Belagavi,420435_9,Battery,Battery,Sales Coordinator,Does Not Qualify,1-3PPGPUH,The Karnataka Bank  Limited.,ZO_West (CS),212813649,EA16,10,RAJUTALWAR,VIDYA DHABALI,,,,,
1-13956818084,2026-05-14 14:25:09,eFSR,Service Engineer,Battery,KALA Care Global LLP - Pune,420435,KALA Care Global LLP - Belagavi,420435_9,Oil,Oil servsing,Sales Coordinator,Does Not Qualify,1-3PPGPUH,The Karnataka Bank  Limited.,ZO_West (CS),212813649,EA16,10,RAJUTALWAR,VIDYA DHABALI,,,,,
1-13957441951,2026-05-14 15:40:13,Manual,Sales Coordinator,Paid Services -PM,KALA Care Global LLP - Pune,420435,KALA Care Global LLP - Ahmednagar,420435_2,Paid Services -PM,PAID SERVICING,Sales Coordinator,Quotation Submitted,1-3W2FNE7,NHAI,ZO_West (CS),,HA294 G1,15,,Rani Barate,Q420435022700277,2026-05-14 16:00:03,,,
1-13957659288,2026-05-14 17:27:28,eFSR,Service Engineer,Others/Remarks,KALA Care Global LLP - Pune,420435,KALA Care Global LLP - Ahmednagar,420435_2,Others/Remarks,Not required,Sales Coordinator,Does Not Qualify,1-5ZJ3T8Q,Rushikesh Tarthe,ZO_West (CS),213457420,HA494,,NavnathPatare,Rani Barate,,,,,
1-13957910301,2026-05-14 16:13:16,Manual,Sales Coordinator,Others/Remarks,KALA Care Global LLP - Pune,420435,KALA Care Global LLP - Belagavi,420435_9,Paid Services -PM,OIL SERVICE,Sales Coordinator,Converted,1-3412OLP,Shree Renuka Sugars Limited,ZO_West (CS),,6R1080TA G1,125,,VIDYA DHABALI,Q420435092700238,2026-05-14 16:29:47,,212355571,2026-07-07 10:54:37
1-13957954420,2026-05-14 16:29:22,eFSR,Service Engineer,DF Kit,KALA Care Global LLP - Pune,420435,KALA Care Global LLP - Aurangabad,420435_1,DF Kit,Adbule require,Sales Coordinator,Does Not Qualify,1-6EKHU0M,Golokdham apartment owner association,ZO_West (CS),211437953,4K1080ETA4G1,125.4,PARVEZSAYED,Rani Barate,,,,,
1-13957955168,2026-05-14 17:12:10,eFSR,Service Engineer,Others/Remarks,KALA Care Global LLP - Pune,420435,KALA Care Global LLP - Hospet,420435_10,Others/Remarks,Customer need oil fi,Sales Coordinator,Does Not Qualify,1-5S7VVZ3,DHRUVA EDUCATION TRUST,ZO_West (CS),213456625,3R1040T G1,30,JilanShekshavali,B Sneha Ballari,,,,,
1-13959076509,2026-05-14 21:30:19,eFSR,Service Engineer,Others/Remarks,KALA Care Global LLP - Pune,420435,KALA Care Global LLP - Ballari,420435_11,BD Spares,Machine,Sales Coordinator,New,1-47XBWUV,SRI AZHAGU NACHI AMMAN AND CO,ZO_West (CS),212796871,Engines,,NAGARAJ PPATEGOWDAR,,,,,,
1-13959076509,2026-05-14 21:30:19,eFSR,Service Engineer,Others/Remarks,KALA Care Global LLP - Pune,420435,KALA Care Global LLP - Ballari,420435_11,Others/Remarks,Machine,Sales Coordinator,New,1-47XBWUV,SRI AZHAGU NACHI AMMAN AND CO,ZO_West (CS),212796871,Engines,,NAGARAJ PPATEGOWDAR,,,,,,
1-13961104671,2026-05-15 11:22:33,Manual,Sales Coordinator,Others/Remarks,KALA Care Global LLP - Pune,420435,KALA Care Global LLP - Belagavi,420435_9,Paid Services -PM,PARTS REQUIRED,Sales Coordinator,Invoiced Generated,1-5R70LNH,MKC INFRASTRUCTURE LIMITED,ZO_West (CS),,,,,VIDYA DHABALI,Q420435092700240,2026-05-15 11:27:08,,1-13996454548,2026-05-23 12:41:24
1-13961168101,2026-05-15 11:35:06,Manual,Sales Coordinator,Oil,KALA Care Global LLP - Pune,420435,KALA Care Global LLP - Belagavi,420435_9,Others/Remarks,PARTS REQUIRED,Sales Coordinator,Invoiced Generated,1-5R70LNH,MKC INFRASTRUCTURE LIMITED,ZO_West (CS),,,,,VIDYA DHABALI,Q420435092700241,2026-05-15 11:48:25,,1-14023190911,2026-05-30 11:39:16
1-13961528301,2026-05-15 12:10:57,Manual,Sales Coordinator,BD Spares,KALA Care Global LLP - Pune,420435,KALA Care Global LLP - Kalaburagi,420435_13,BD Spares,Controller Issue,Sales Coordinator,Converted,1-4OC883Y,RHC. Constructions,ZO_West (CS),,3R1040T G1,30,,Rani Barate,Q420435132700148,2026-05-15 12:15:09,,213474751,2026-05-19 16:45:40
1-13961601475,2026-05-15 12:27:45,eFSR,Service Engineer,Others/Remarks,KALA Care Global LLP - Pune,420435,KALA Care Global LLP - Belagavi,420435_9,Coolant Change,Coolant required,Sales Coordinator,Converted,1-36Q6ILI,Kasbekar Metgud Clinic,ZO_West (CS),213460266,4R1040TA G1,82.5,RAJUTALWAR,VIDYA DHABALI,Q420435092700708,2026-07-23 12:08:42,,213738245,2026-07-23 11:45:39
1-13961601475,2026-05-15 12:27:45,eFSR,Service Engineer,Others/Remarks,KALA Care Global LLP - Pune,420435,KALA Care Global LLP - Belagavi,420435_9,Oil,Oil servsing due,Sales Coordinator,Converted,1-36Q6ILI,Kasbekar Metgud Clinic,ZO_West (CS),213460266,4R1040TA G1,82.5,RAJUTALWAR,VIDYA DHABALI,Q420435092700708,2026-07-23 12:08:42,,213738245,2026-07-23 11:45:39
1-13961601475,2026-05-15 12:27:45,eFSR,Service Engineer,Others/Remarks,KALA Care Global LLP - Pune,420435,KALA Care Global LLP - Belagavi,420435_9,Others/Remarks,Not required,Sales Coordinator,Converted,1-36Q6ILI,Kasbekar Metgud Clinic,ZO_West (CS),213460266,4R1040TA G1,82.5,RAJUTALWAR,VIDYA DHABALI,Q420435092700708,2026-07-23 12:08:42,,213738245,2026-07-23 11:45:39
1-13961828139,2026-05-15 13:25:29,eFSR,Service Engineer,Service AMC/Bandhan/Anubandhan,KALA Care Global LLP - Pune,420435,KALA Care Global LLP - Belagavi,420435_9,Service AMC/Bandhan/Anubandhan,Received,Sales Coordinator,Does Not Qualify,1-5VR-2634,Vishwas Hospital,ZO_West (CS),212521704,HA394,25,AMITMEKKALIKE,VIDYA DHABALI,,,,,
1-13961902051,2026-05-15 13:30:08,Manual,Sales Coordinator,Others/Remarks,KALA Care Global LLP - Pune,420435,KALA Care Global LLP - Belagavi,420435_9,Others/Remarks,OTHERS,Sales Coordinator,Invoiced Generated,1-3N3AI1O,GURU RAGHAVENDRA TRADERS,ZO_West (CS),,,,,VIDYA DHABALI,Q420435092700244,2026-05-15 13:39:11,,1-13961982471,2026-05-15 13:39:50
1-13961917341,2026-05-15 13:21:39,Manual,Sales Coordinator,Oil,KALA Care Global LLP - Pune,420435,KALA Care Global LLP - Belagavi,420435_9,Paid Services -PM,csp  quotation,Sales Coordinator,Quotation Submitted,1-5ZE40RL,Sadashiva Bennalli Contractor,ZO_West (CS),,HA494,,,VIDYA DHABALI,Q420435092700243,2026-05-15 13:36:52,,,
1-13961937704,2026-05-15 13:38:45,Manual,Sales Coordinator,Oil,KALA Care Global LLP - Pune,420435,KALA Care Global LLP - Belagavi,420435_9,Paid Services -PM,CSP QUOTATION,Sales Coordinator,Converted,1-61S6O7G,A J Enterprises..,ZO_West (CS),,HA494,,,VIDYA DHABALI,Q420435092700245,2026-05-15 13:44:26,,212455118,2026-05-28 12:36:21
1-13961940322,2026-05-15 13:28:45,eFSR,Service Engineer,Coolant Change,KALA Care Global LLP - Pune,420435,KALA Care Global LLP - Babhleshwar,420435_5,Coolant Change,Required,Sales Coordinator,New,1-3GZQIBR,Unicorn Developers,ZO_West (CS),212268493,3R1040T G1,25,ISHWARJADHAV,,,,,,
1-13962017641,2026-05-15 13:51:32,Manual,Sales Coordinator,Oil,KALA Care Global LLP - Pune,420435,KALA Care Global LLP - Kalaburagi,420435_13,Oil,Engine Oil Service,Sales Coordinator,Converted,1-5LWV42N,SNEHA FARMS PVT LTD(KARNATAKA),ZO_West (CS),,4R1190,,,Rani Barate,Q420435132700152,2026-05-15 15:43:26,,213126514,2026-06-01 11:17:11
1-13962054735,2026-05-15 14:11:46,eFSR,Service Engineer,Coolant Change,KALA Care Global LLP - Pune,420435,KALA Care Global LLP - Belagavi,420435_9,Coolant Change,Requirement coolant,Sales Coordinator,Quotation Submitted,1-1JG-3534,Shri Sai Hospital,ZO_West (CS),213461217,3R1040T G1,35,RAJUTALWAR,VIDYA DHABALI,Q420435092700255,2026-07-25 15:46:34,,,
1-13962116391,2026-05-15 14:17:55,Manual,Sales Coordinator,Oil,KALA Care Global LLP - Pune,420435,KALA Care Global LLP - Kalaburagi,420435_13,Oil,Engine Oil Service.,Sales Coordinator,Converted,1-5LWV42N,SNEHA FARMS PVT LTD(KARNATAKA),ZO_West (CS),,4R1190,,,Rani Barate,Q420435132700150,2026-05-15 14:24:20,,213542466,2026-06-04 11:05:40
1-13962148861,2026-05-15 14:31:25,Manual,Sales Coordinator,Diesel Exhaust Fluid,KALA Care Global LLP - Pune,420435,KALA Care Global LLP - Ahmednagar,420435_2,Diesel Exhaust Fluid,DEF 10 LTR,Sales Coordinator,Invoiced Generated,1-48690UB,SPD INFRA PROJECT PRIVATE LIMITED,ZO_West (CS),,,,,Rani Barate,Q420435022700278,2026-05-15 14:35:55,,1-13963344791,2026-05-15 17:23:15
1-13962234557,2026-05-15 14:36:31,eFSR,Service Engineer,Oil,KALA Care Global LLP - Pune,420435,KALA Care Global LLP - Hospet,420435_10,Oil,Oil service sprace,Sales Coordinator,Does Not Qualify,1-5W0-3587,VIKAS SOUHARD CO. OPERATIVE BANK LTD,ZO_West (CS),213460472,RB22,20,MOHAMMED JAFERKALUR,B Sneha Ballari,,,,,
1-13962234557,2026-05-15 14:36:31,eFSR,Service Engineer,Oil,KALA Care Global LLP - Pune,420435,KALA Care Global LLP - Hospet,420435_10,Service AMC/Bandhan/Anubandhan,Bandhan plus,Sales Coordinator,Does Not Qualify,1-5W0-3587,VIKAS SOUHARD CO. OPERATIVE BANK LTD,ZO_West (CS),213460472,RB22,20,MOHAMMED JAFERKALUR,B Sneha Ballari,,,,,
1-13962852693,2026-05-15 16:09:29,Manual,Sales Coordinator,Oil,KALA Care Global LLP - Pune,420435,KALA Care Global LLP - Belagavi,420435_9,Paid Services -PM,CSP QUOTATION,Sales Coordinator,Not Converted,1-6DGPYR0,Neha Infrastructure.,ZO_West (CS),,HA494,,,VIDYA DHABALI,Q420435092700246,2026-05-18 11:42:44,,,
1-13963395017,2026-05-15 23:06:08,eFSR,Service Engineer,Overhauling,KALA Care Global LLP - Pune,420435,KALA Care Global LLP - Belagavi,420435_9,BD Spares,Overall required,Service Coordinator,Does Not Qualify,1-3MREC3,HDFC Bank Limited,ZO_West (CS),213460704,4R1190,50,RAJUTALWAR,VIDYA DHABALI,,,,,
1-13963395017,2026-05-15 23:06:08,eFSR,Service Engineer,Overhauling,KALA Care Global LLP - Pune,420435,KALA Care Global LLP - Belagavi,420435_9,Coolant Change,Required,Service Coordinator,Does Not Qualify,1-3MREC3,HDFC Bank Limited,ZO_West (CS),213460704,4R1190,50,RAJUTALWAR,VIDYA DHABALI,,,,,
1-13963395017,2026-05-15 23:06:08,eFSR,Service Engineer,Overhauling,KALA Care Global LLP - Pune,420435,KALA Care Global LLP - Belagavi,420435_9,Others/Remarks,Over heating,Service Coordinator,Does Not Qualify,1-3MREC3,HDFC Bank Limited,ZO_West (CS),213460704,4R1190,50,RAJUTALWAR,VIDYA DHABALI,,,,,
1-13963395017,2026-05-15 23:06:08,eFSR,Service Engineer,Overhauling,KALA Care Global LLP - Pune,420435,KALA Care Global LLP - Belagavi,420435_9,Overhauling,Majer over all,Service Coordinator,Does Not Qualify,1-3MREC3,HDFC Bank Limited,ZO_West (CS),213460704,4R1190,50,RAJUTALWAR,VIDYA DHABALI,,,,,
1-13963636758,2026-05-15 17:51:26,eFSR,Service Engineer,Others/Remarks,KALA Care Global LLP - Pune,420435,KALA Care Global LLP - Aurangabad,420435_1,Others/Remarks,No,Sales Coordinator,Does Not Qualify,1-66BGVTP,PRIYANKA ENTERPRISES,ZO_West (CS),212838852,4R810,,SUDHIRMHASLEKAR,Rani Barate,,,,,
1-13963930077,2026-05-15 18:45:24,eFSR,Service Engineer,Service AMC/Bandhan/Anubandhan,KALA Care Global LLP - Pune,420435,KALA Care Global LLP - Hospet,420435_10,Service AMC/Bandhan/Anubandhan,Bandhan plus,Sales Coordinator,Does Not Qualify,1-5W0-3587,VIKAS SOUHARD CO. OPERATIVE BANK LTD,ZO_West (CS),213461697,RB22,20,MOHAMMED JAFERKALUR,B Sneha Ballari,,,,,
1-13964116132,2026-05-15 21:45:03,eFSR,Service Engineer,Others/Remarks,KALA Care Global LLP - Pune,420435,KALA Care Global LLP - Ballari,420435_11,BD Spares,Electronic,Sales Coordinator,New,1-3N0JGE,Reliance Retail Limited,ZO_West (CS),213463042,4K1080TA G2,100,NAGARAJ PPATEGOWDAR,,,,,,
1-13964116132,2026-05-15 21:45:03,eFSR,Service Engineer,Others/Remarks,KALA Care Global LLP - Pune,420435,KALA Care Global LLP - Ballari,420435_11,Others/Remarks,Electronic,Sales Coordinator,New,1-3N0JGE,Reliance Retail Limited,ZO_West (CS),213463042,4K1080TA G2,100,NAGARAJ PPATEGOWDAR,,,,,,
1-13965462849,2026-05-16 10:17:33,eFSR,Service Engineer,Others/Remarks,KALA Care Global LLP - Pune,420435,KALA Care Global LLP - Hospet,420435_10,Others/Remarks,Customer need radiat,Sales Coordinator,Does Not Qualify,1-1KM-4438,BKG MINES,ZO_West (CS),213460626,3R1040,30,JilanShekshavali,B Sneha Ballari,,,,,
1-13966179751,2026-05-16 12:11:38,Manual,Sales Coordinator,BD Spares,KALA Care Global LLP - Pune,420435,KALA Care Global LLP - Belagavi,420435_9,BD Spares,QUOTATION REQUIRED,Sales Coordinator,Invoiced Generated,1-5LO9544,ISHA HYDRO POWER,ZO_West (CS),,,,,VIDYA DHABALI,Q420435092700250,2026-05-16 12:15:14,,1-13966226331,2026-05-16 12:17:45
1-13966192073,2026-05-16 16:30:45,eFSR,Service Engineer,Mobile Lighting Tower,KALA Care Global LLP - Pune,420435,KALA Care Global LLP - Hospet,420435_10,Mobile Lighting Tower,Good,Sales Coordinator,Converted,1-337VTAV,MR SHRIDHAR KULKARNI - RAICHUR,ZO_West (CS),213464428,3R1040T G1,35,Amjad AliABDULLAHKHADAR,B Sneha Ballari,Q420435102700550,2026-06-24 16:03:08,,213549262,2026-06-06 09:56:21
1-13966354751,2026-05-16 12:47:43,Manual,Sales Coordinator,Oil,KALA Care Global LLP - Pune,420435,KALA Care Global LLP - Kalaburagi,420435_13,Oil,Engine Oil Service.,Sales Coordinator,Converted,1-4UREFOW,BHEEMARAYA TRADERS,ZO_West (CS),,Engines,,,Rani Barate,Q420435132700155,2026-05-16 12:54:39,,212944075,2026-05-16 15:37:52
1-13966374121,2026-05-16 13:00:33,Manual,Sales Coordinator,Paid Services -PM,KALA Care Global LLP - Pune,420435,KALA Care Global LLP - Ahmednagar,420435_2,Paid Services -PM,PAID SERVICING,Sales Coordinator,Qualifying,1-1QMBFNX,M/S Deshmukh &  Company,ZO_West (CS),,4R 1040 (LTK no. X861002330),,,Rani Barate,Q420435022700279,2026-05-16 14:38:00,,,
1-13967066081,2026-05-16 15:11:10,eFSR,Service Engineer,Service AMC/Bandhan/Anubandhan,KALA Care Global LLP - Pune,420435,KALA Care Global LLP - Hospet,420435_10,Service AMC/Bandhan/Anubandhan,Bandhan,Sales Coordinator,Does Not Qualify,1-41BI7IM,BEST CUTZ UNISEX SALOON,ZO_West (CS),213464188,3R1040T G1,25,Parashuram GGouripurada,B Sneha Ballari,,,,,
1-13967181247,2026-05-16 15:41:45,eFSR,Service Engineer,Others/Remarks,KALA Care Global LLP - Pune,420435,KALA Care Global LLP - Ahmednagar,420435_2,BD Spares,Air filter Assembly,Sales Coordinator,Converted,1-LDG6ZF,Niramay Hospital,ZO_West (CS),213452821,4R810TA G1,62.5,ALSIFSHAIKH,Rani Barate,Q420435022700303,2026-05-21 12:12:45,,213535024,2026-06-04 10:53:52
1-13967181247,2026-05-16 15:41:45,eFSR,Service Engineer,Others/Remarks,KALA Care Global LLP - Pune,420435,KALA Care Global LLP - Ahmednagar,420435_2,Others/Remarks,Air filter Assembly,Sales Coordinator,Converted,1-LDG6ZF,Niramay Hospital,ZO_West (CS),213452821,4R810TA G1,62.5,ALSIFSHAIKH,Rani Barate,Q420435022700303,2026-05-21 12:12:45,,213535024,2026-06-04 10:53:52
1-13967317600,2026-05-16 15:50:37,eFSR,Service Engineer,Coolant Change,KALA Care Global LLP - Pune,420435,KALA Care Global LLP - Nanded,420435_4,Coolant Change,Collent,Sales Coordinator,Awaiting Approval,1-64UW5B7,RSB RETAIL INDIA LIMITED,ZO_West (CS),213464874,6SL90ETA 4G2,250,VINODBUKTARE,Sareen Shaikh,Q420435042700184,2026-05-19 12:56:14,,,
1-13967328911,2026-05-16 15:50:06,Manual,Sales Coordinator,Others/Remarks,KALA Care Global LLP - Pune,420435,KALA Care Global LLP - Ahmednagar,420435_2,Others/Remarks,ENGINE SPARES,Sales Coordinator,Invoiced Generated,1-4I2SYCO,PREMRAJ BUILDCON PRIVATE LIMITED,ZO_West (CS),,,,,Rani Barate,Q420435022700281,2026-05-16 15:57:22,,1-13998147371,2026-05-23 17:42:04
1-13967867273,2026-05-16 17:51:25,eFSR,Service Engineer,Others/Remarks,KALA Care Global LLP - Pune,420435,KALA Care Global LLP - Hospet,420435_10,Others/Remarks,,Sales Coordinator,Does Not Qualify,1-60J7XMR,SANDUR MAGNESE AND IRON ORE LIMITED,ZO_West (CS),213464931,CC418 G1.1,5.5,MOHAMMED JAFERKALUR,B Sneha Ballari,,,,,
1-13967985361,2026-05-16 16:59:01,Manual,Sales Coordinator,Paid Services -PM,KALA Care Global LLP - Pune,420435,KALA Care Global LLP - Belagavi,420435_9,Paid Services -PM,pm,Sales Coordinator,Converted,1-5VU-2388,THE GOKAK T.A.T.CMS LTD,ZO_West (CS),,HA394,25,,VIDYA DHABALI,Q420435092700253,2026-05-16 17:02:44,,213238977,2026-05-16 17:02:11
1-13968189622,2026-05-16 18:06:32,eFSR,Service Engineer,Oil,KALA Care Global LLP - Pune,420435,KALA Care Global LLP - Babhleshwar,420435_5,Coolant Change,Required,Sales Coordinator,New,1-69W1DJL,R V Bhutambre,ZO_West (CS),213441324,3R1190ENA 4G1,30,ISHWARJADHAV,,,,,,
1-13968189622,2026-05-16 18:06:32,eFSR,Service Engineer,Oil,KALA Care Global LLP - Pune,420435,KALA Care Global LLP - Babhleshwar,420435_5,Oil,Ok,Sales Coordinator,New,1-69W1DJL,R V Bhutambre,ZO_West (CS),213441324,3R1190ENA 4G1,30,ISHWARJADHAV,,,,,,
1-13968189622,2026-05-16 18:06:32,eFSR,Service Engineer,Oil,KALA Care Global LLP - Pune,420435,KALA Care Global LLP - Babhleshwar,420435_5,Service AMC/Bandhan/Anubandhan,Required,Sales Coordinator,New,1-69W1DJL,R V Bhutambre,ZO_West (CS),213441324,3R1190ENA 4G1,30,ISHWARJADHAV,,,,,,
1-13968189899,2026-05-16 19:53:06,eFSR,Service Engineer,Paid Services -PM,KALA Care Global LLP - Pune,420435,KALA Care Global LLP - Hubli,420435_8,Paid Services -PM,Oil service required,Service Coordinator,Does Not Qualify,1-5NDWVHD,RENUKA CHIDANAND KAMBLE,ZO_West (CS),213465873,3R1190ENA 4G1,30,HUCHCHAPPAGADAGI,NIKITA HIREMATH,,,,,
1-13968795441,2026-05-17 01:08:41,eFSR,Service Engineer,Others/Remarks,KALA Care Global LLP - Pune,420435,KALA Care Global LLP - Nanded,420435_4,Others/Remarks,COLLENT is required,Sales Coordinator,Awaiting Approval,1-5U7RAQT,POPULAR BAKERS,ZO_West (CS),212114616,3R550TA 4G1,25,DineshKalidas,Sareen Shaikh,Q420435042700185,2026-05-19 13:02:05,,,
1-13971347308,2026-05-17 12:23:56,eFSR,Service Engineer,Others/Remarks,KALA Care Global LLP - Pune,420435,KALA Care Global LLP - Hospet,420435_10,Others/Remarks,Need oil service,Sales Coordinator,Does Not Qualify,1-5H1S7AO,AMARESH NANDAREDDY CONTRACTOR,ZO_West (CS),213464563,4R1190,,MDAsifMDAsif,B Sneha Ballari,,,,,
1-13971347733,2026-05-17 15:21:21,eFSR,Service Engineer,Others/Remarks,KALA Care Global LLP - Pune,420435,KALA Care Global LLP - Nanded,420435_4,Coolant Change,COLLENT is required,Sales Coordinator,Awaiting Approval,1-68GMP58,GANESH RAMESH LUNGARE...,ZO_West (CS),213466813,4R1190,,DineshKalidas,Sareen Shaikh,Q420435042700186,2026-05-19 13:06:45,,,
1-13971347733,2026-05-17 15:21:21,eFSR,Service Engineer,Others/Remarks,KALA Care Global LLP - Pune,420435,KALA Care Global LLP - Nanded,420435_4,Others/Remarks,COLLENT is required,Sales Coordinator,Awaiting Approval,1-68GMP58,GANESH RAMESH LUNGARE...,ZO_West (CS),213466813,4R1190,,DineshKalidas,Sareen Shaikh,,,,,
1-13972941461,2026-05-18 10:22:59,Manual,Sales Coordinator,Others/Remarks,KALA Care Global LLP - Pune,420435,KALA Care Global LLP - Ahmednagar,420435_2,Others/Remarks,FOR ENGINE SPARES,Sales Coordinator,Invoiced Generated,1-2Q0Z13J,PRAKASH ELECTRICAL & ELECTRONICS,ZO_West (CS),,,,,Rani Barate,Q420435022700282,2026-05-18 14:42:49,,1-13974395279,2026-05-18 14:42:58
1-13973348401,2026-05-18 11:25:23,Manual,Sales Coordinator,Oil,KALA Care Global LLP - Pune,420435,KALA Care Global LLP - Belagavi,420435_9,Paid Services -PM,OIL SERVICE,Sales Coordinator,Quotation Submitted,1-5BE4R4V,"KLE Society,.",ZO_West (CS),,6KL12TASR1,320,,VIDYA DHABALI,Q420435092700262,2026-06-11 12:31:09,,,
1-13973745741,2026-05-18 12:58:29,eFSR,Service Engineer,Oil,KALA Care Global LLP - Pune,420435,KALA Care Global LLP - Babhleshwar,420435_5,Coolant Change,Yas,Sales Coordinator,New,1-4IQO4FF,Sopan Nivruti Maid,ZO_West (CS),212171450,RV3,20,ISHWARJADHAV,,,,,,
1-13973745741,2026-05-18 12:58:29,eFSR,Service Engineer,Oil,KALA Care Global LLP - Pune,420435,KALA Care Global LLP - Babhleshwar,420435_5,Oil,Yas,Sales Coordinator,New,1-4IQO4FF,Sopan Nivruti Maid,ZO_West (CS),212171450,RV3,20,ISHWARJADHAV,,,,,,
1-13973745741,2026-05-18 12:58:29,eFSR,Service Engineer,Oil,KALA Care Global LLP - Pune,420435,KALA Care Global LLP - Babhleshwar,420435_5,Service AMC/Bandhan/Anubandhan,Sarvising,Sales Coordinator,New,1-4IQO4FF,Sopan Nivruti Maid,ZO_West (CS),212171450,RV3,20,ISHWARJADHAV,,,,,,
1-13973745946,2026-05-18 13:13:45,eFSR,Service Engineer,Oil,KALA Care Global LLP - Pune,420435,KALA Care Global LLP - Belagavi,420435_9,Coolant Change,Coolant required,Sales Coordinator,Quotation Submitted,1-5W0-3413,Mrs. ARATI KULKARNI.,ZO_West (CS),213468705,4R1040,40,RAJUTALWAR,VIDYA DHABALI,Q420435092700270,2026-05-21 16:27:48,,,
1-13973745946,2026-05-18 13:13:45,eFSR,Service Engineer,Oil,KALA Care Global LLP - Pune,420435,KALA Care Global LLP - Belagavi,420435_9,Oil,Oil servsing due,Sales Coordinator,Quotation Submitted,1-5W0-3413,Mrs. ARATI KULKARNI.,ZO_West (CS),213468705,4R1040,40,RAJUTALWAR,VIDYA DHABALI,Q420435092700270,2026-05-21 16:27:48,,,
1-13973784661,2026-05-18 13:03:54,eFSR,Service Engineer,Overhauling,KALA Care Global LLP - Pune,420435,KALA Care Global LLP - Ballari,420435_11,BD Spares,Dg,Service Coordinator,New,1-DWE-3701,SRI SAI DATTA AGRO FOODS,ZO_West (CS),213468373,4R1040T,62.5,NAGARAJ PPATEGOWDAR,,,,,,
1-13973784661,2026-05-18 13:03:54,eFSR,Service Engineer,Overhauling,KALA Care Global LLP - Pune,420435,KALA Care Global LLP - Ballari,420435_11,Coolant Change,DG,Service Coordinator,New,1-DWE-3701,SRI SAI DATTA AGRO FOODS,ZO_West (CS),213468373,4R1040T,62.5,NAGARAJ PPATEGOWDAR,,,,,,
1-13973784661,2026-05-18 13:03:54,eFSR,Service Engineer,Overhauling,KALA Care Global LLP - Pune,420435,KALA Care Global LLP - Ballari,420435_11,Oil,Dg,Service Coordinator,New,1-DWE-3701,SRI SAI DATTA AGRO FOODS,ZO_West (CS),213468373,4R1040T,62.5,NAGARAJ PPATEGOWDAR,,,,,,
1-13973784661,2026-05-18 13:03:54,eFSR,Service Engineer,Overhauling,KALA Care Global LLP - Pune,420435,KALA Care Global LLP - Ballari,420435_11,Overhauling,Radiator,Service Coordinator,New,1-DWE-3701,SRI SAI DATTA AGRO FOODS,ZO_West (CS),213468373,4R1040T,62.5,NAGARAJ PPATEGOWDAR,,,,,,
1-13973887771,2026-05-18 13:13:37,Manual,Sales Coordinator,Others/Remarks,KALA Care Global LLP - Pune,420435,KALA Care Global LLP - Ahmednagar,420435_2,Others/Remarks,ENGINE SPARES,Sales Coordinator,Quotation Submitted,1-2ZXQIGA,MR. KEDARNATH  DNYANESHWAR RASAL,ZO_West (CS),,,,,Rani Barate,Q420435022700283,2026-05-18 14:28:02,,,
1-13973927391,2026-05-18 13:24:19,Manual,Sales Coordinator,Oil,KALA Care Global LLP - Pune,420435,KALA Care Global LLP - Belagavi,420435_9,Paid Services -PM,csp quotation,Sales Coordinator,Not Converted,1-5ZE40RL,Sadashiva Bennalli Contractor,ZO_West (CS),,HA494,,,VIDYA DHABALI,Q420435092700268,2026-05-19 10:15:11,,,
1-13973973301,2026-05-18 13:28:03,Manual,Sales Coordinator,Others/Remarks,KALA Care Global LLP - Pune,420435,KALA Care Global LLP - Ahmednagar,420435_2,Others/Remarks,ENGINE SPARES,Sales Coordinator,Invoiced Generated,1-1KS-1116,SHREE SHRUTI INFRAPRODUCTS & SERVICES PVT LTD,ZO_West (CS),,,,,Rani Barate,Q420435022700284,2026-05-20 14:45:18,,1-13985177491,2026-05-20 16:29:15
1-13974005306,2026-05-18 13:33:38,eFSR,Service Engineer,Oil,KALA Care Global LLP - Pune,420435,KALA Care Global LLP - Belagavi,420435_9,Coolant Change,Required,Sales Coordinator,Quotation Submitted,1-DW8-2401,ARATI SANJAY KULKARNI.,ZO_West (CS),213468734,4R1040,40,RAJUTALWAR,VIDYA DHABALI,Q420435092700269,2026-05-21 16:33:36,,,
1-13974005306,2026-05-18 13:33:38,eFSR,Service Engineer,Oil,KALA Care Global LLP - Pune,420435,KALA Care Global LLP - Belagavi,420435_9,Oil,Oil servsing due,Sales Coordinator,Quotation Submitted,1-DW8-2401,ARATI SANJAY KULKARNI.,ZO_West (CS),213468734,4R1040,40,RAJUTALWAR,VIDYA DHABALI,Q420435092700269,2026-05-21 16:33:36,,,
1-13974095916,2026-05-18 14:42:26,eFSR,Service Engineer,Battery,KALA Care Global LLP - Pune,420435,KALA Care Global LLP - Aurangabad,420435_1,BD Spares,Lvm required,Sales Coordinator,Does Not Qualify,1-3KMXJT,ICICI Bank Limited,ZO_West (CS),213465382,2R1040 G1,20,AJAYLOKHANDE,Rani Barate,,,,,
1-13974095916,2026-05-18 14:42:26,eFSR,Service Engineer,Battery,KALA Care Global LLP - Pune,420435,KALA Care Global LLP - Aurangabad,420435_1,Battery,75 ah battery,Sales Coordinator,Does Not Qualify,1-3KMXJT,ICICI Bank Limited,ZO_West (CS),213465382,2R1040 G1,20,AJAYLOKHANDE,Rani Barate,,,,,
1-13974601699,2026-05-18 15:33:28,eFSR,Service Engineer,Oil,KALA Care Global LLP - Pune,420435,KALA Care Global LLP - Belagavi,420435_9,Oil,Oil servsing due,Sales Coordinator,Converted,1-1K4-1781,DR.R.G. KULKARNI.,ZO_West (CS),212171437,HA394,25,RAJUTALWAR,VIDYA DHABALI,Q420435092700578,2026-07-02 11:45:50,,213584902,2026-06-26 10:09:17
1-13974987220,2026-05-18 17:58:17,eFSR,Service Engineer,Battery,KALA Care Global LLP - Pune,420435,KALA Care Global LLP - Hospet,420435_10,Battery,New battery and band,Sales Coordinator,Qualifying,1-4A4PHFW,S.B. Urbanscapes,ZO_West (CS),213468561,4K1080TA G2,125.4,Krishna kumarG,B Sneha Ballari,Q420435102700496,,,,
1-13974987220,2026-05-18 17:58:17,eFSR,Service Engineer,Battery,KALA Care Global LLP - Pune,420435,KALA Care Global LLP - Hospet,420435_10,Service AMC/Bandhan/Anubandhan,New battery and band,Sales Coordinator,Qualifying,1-4A4PHFW,S.B. Urbanscapes,ZO_West (CS),213468561,4K1080TA G2,125.4,Krishna kumarG,B Sneha Ballari,Q420435102700496,,,,
1-13975924277,2026-05-18 21:14:50,eFSR,Service Engineer,Overhauling,KALA Care Global LLP - Pune,420435,KALA Care Global LLP - Hospet,420435_10,Overhauling,Majer overalling spr,Service Coordinator,New,1-5W8JTDN,JSW,ZO_West (CS),213469643,6SL9088TA,,MOHAMMED JAFERKALUR,,,,,,
1-13978472061,2026-05-19 10:10:50,Manual,Sales Coordinator,Diesel Exhaust Fluid,KALA Care Global LLP - Pune,420435,KALA Care Global LLP - Ahmednagar,420435_2,Diesel Exhaust Fluid,DEF 60 LTR,Sales Coordinator,Invoiced Generated,1-3MC2FDN,Jagtap Infraventures India Pvt. Ltd.,ZO_West (CS),,,,,Rani Barate,Q420435022700289,2026-05-19 10:30:42,,1-13980223601,2026-05-19 15:06:32
1-13978852045,2026-05-19 11:48:21,eFSR,Service Engineer,Battery,KALA Care Global LLP - Pune,420435,KALA Care Global LLP - Belagavi,420435_9,Battery,Required battery,Sales Coordinator,Not Converted,1-3J2QU22,Venugram Hospitals Belgaum Private Limited,ZO_West (CS),213471760,6R1080TA G1,125,RAJUTALWAR,VIDYA DHABALI,Q420435092700279,2026-05-20 11:13:48,,,
1-13978942908,2026-05-19 11:33:19,eFSR,Service Engineer,Others/Remarks,KALA Care Global LLP - Pune,420435,KALA Care Global LLP - Belagavi,420435_9,Others/Remarks,Kg645 display requir,Sales Coordinator,Quotation Submitted,1-43IAOKS,Subramanya Petroleums,ZO_West (CS),213470004,HA294 G1,15,PRASHANTPATIL,VIDYA DHABALI,Q420435092700278,2026-05-20 11:06:59,,,
1-13979217865,2026-05-19 12:25:21,eFSR,Service Engineer,Oil,KALA Care Global LLP - Pune,420435,KALA Care Global LLP - Babhleshwar,420435_5,Oil,Yas,Sales Coordinator,New,1-3HJNDMT,Chandukaka Saraf and Sons Private Limited,ZO_West (CS),213219839,4R810TA G1,62.5,ISHWARJADHAV,,,,,,
1-13979217865,2026-05-19 12:25:21,eFSR,Service Engineer,Oil,KALA Care Global LLP - Pune,420435,KALA Care Global LLP - Babhleshwar,420435_5,Paid Services -PM,Yas,Sales Coordinator,New,1-3HJNDMT,Chandukaka Saraf and Sons Private Limited,ZO_West (CS),213219839,4R810TA G1,62.5,ISHWARJADHAV,,,,,,
1-13979217865,2026-05-19 12:25:21,eFSR,Service Engineer,Oil,KALA Care Global LLP - Pune,420435,KALA Care Global LLP - Babhleshwar,420435_5,Service AMC/Bandhan/Anubandhan,Yas,Sales Coordinator,New,1-3HJNDMT,Chandukaka Saraf and Sons Private Limited,ZO_West (CS),213219839,4R810TA G1,62.5,ISHWARJADHAV,,,,,,
1-13979394643,2026-05-19 12:55:36,eFSR,Service Engineer,Others/Remarks,KALA Care Global LLP - Pune,420435,KALA Care Global LLP - Ahmednagar,420435_2,Diesel Exhaust Fluid,Fuel filter broken n,Sales Coordinator,New,1-3GQB4VE,SVC Co operative Bank Ltd,ZO_West (CS),213464223,3R1040T G1,30,NavnathPatare,,,,,,
1-13979394643,2026-05-19 12:55:36,eFSR,Service Engineer,Others/Remarks,KALA Care Global LLP - Pune,420435,KALA Care Global LLP - Ahmednagar,420435_2,Others/Remarks,Fuel filter required,Sales Coordinator,New,1-3GQB4VE,SVC Co operative Bank Ltd,ZO_West (CS),213464223,3R1040T G1,30,NavnathPatare,,,,,,
1-13979394696,2026-05-19 12:58:51,eFSR,Service Engineer,Others/Remarks,KALA Care Global LLP - Pune,420435,KALA Care Global LLP - Hospet,420435_10,Others/Remarks,Customer need lube o,Sales Coordinator,Invoiced Generated,1-5RLWSPZ,Shantha Constructions Prop: Ajith Shetty,ZO_West (CS),213472770,4R810,,JilanShekshavali,B Sneha Ballari,Q420435102700255,2026-05-19 13:28:12,2026-05-19 13:31:50,1-13985848081,2026-05-20 18:06:16
1-13979417541,2026-05-19 12:45:26,Manual,Sales Coordinator,Allied Oil,KALA Care Global LLP - Pune,420435,KALA Care Global LLP - Ahmednagar,420435_2,Allied Oil,68 NO HYDROLIC OIL BARREL,Sales Coordinator,Quotation Submitted,1-6EKGVBP,ASHOK LAXMAN SURYAVANSHI,ZO_West (CS),,,,,Rani Barate,Q420435022700293,2026-05-19 12:48:38,,,
1-13979633544,2026-05-19 13:42:46,eFSR,Service Engineer,BD Spares,KALA Care Global LLP - Pune,420435,KALA Care Global LLP - Ahmednagar,420435_2,BD Spares,Conopy door,Service Coordinator,Does Not Qualify,1-3KMXJT,ICICI Bank Limited,ZO_West (CS),213452559,2R1040 G1,20,NavnathPatare,Rani Barate,,,,,
1-13980385167,2026-05-19 16:22:08,eFSR,Service Engineer,Others/Remarks,KALA Care Global LLP - Pune,420435,KALA Care Global LLP - Hubli,420435_8,Others/Remarks,Ok,Sales Coordinator,Does Not Qualify,1-5PCH7V2,Veda International,ZO_West (CS),213469340,4K1080TA G2,125.4,KRISHNADASABAL,NIKITA HIREMATH,,,,,
1-13980750461,2026-05-19 16:30:06,Manual,Sales Coordinator,Others/Remarks,KALA Care Global LLP - Pune,420435,KALA Care Global LLP - Ahmednagar,420435_2,Others/Remarks,engine spares,Sales Coordinator,Quotation Submitted,1-5JUIA26,Kala Defence & Aerospace Systems Private Limited.,ZO_West (CS),,,,,Rani Barate,Q420435022700295,2026-05-25 13:37:19,,,
1-13981366843,2026-05-19 18:01:13,eFSR,Service Engineer,Service AMC/Bandhan/Anubandhan,KALA Care Global LLP - Pune,420435,KALA Care Global LLP - Hospet,420435_10,Service AMC/Bandhan/Anubandhan,Advise the coustomer,Sales Coordinator,Does Not Qualify,1-4A4PHFW,S.B. Urbanscapes,ZO_West (CS),213472867,4K1080TA G2,125.4,Krishna kumarG,B Sneha Ballari,,,,,
1-13981400164,2026-05-19 19:05:41,eFSR,Service Engineer,Service AMC/Bandhan/Anubandhan,KALA Care Global LLP - Pune,420435,KALA Care Global LLP - Hospet,420435_10,Service AMC/Bandhan/Anubandhan,Need to be AMC,Sales Coordinator,Does Not Qualify,1-180UY7A,Rajeshwari Children Hospital,ZO_West (CS),213470702,2R1040 G1,20,MOHAMEED ABDULLAHMOHAMMED,B Sneha Ballari,,,,,
1-13981453361,2026-05-19 17:38:00,Manual,Sales Coordinator,Others/Remarks,KALA Care Global LLP - Pune,420435,KALA Care Global LLP - Belagavi,420435_9,BD Spares,FAN REQUIRED,Sales Coordinator,Converted,1-2FYT83E,"DEV STRUCTURAL INDIA PVT LTD.,",ZO_West (CS),,HA694,,,VIDYA DHABALI,Q420435092700275,2026-05-19 17:44:24,,213152923,2026-05-22 16:59:58
1-13981553371,2026-05-19 17:50:54,Manual,Sales Coordinator,Diesel Exhaust Fluid,KALA Care Global LLP - Pune,420435,KALA Care Global LLP - Aurangabad,420435_1,Oil,OIL & FILTER REQ,Sales Coordinator,Invoiced Generated,1-2Z7775K,GANGAMAI INDUSTRIES AND CONSTRUCTIONS PRIVATE LIMITED,ZO_West (CS),,,,,Rani Barate,Q420435012700297,2026-05-21 14:27:27,2026-05-21 14:29:02,1-13988498111,2026-05-21 14:29:25
1-13981583491,2026-05-19 17:56:43,Manual,Sales Coordinator,Diesel Exhaust Fluid,KALA Care Global LLP - Pune,420435,KALA Care Global LLP - Ahmednagar,420435_2,Diesel Exhaust Fluid,DEF,Sales Coordinator,Invoiced Generated,1-5YI5E6R,BHARAT CONSTRUCTIONS INDIA PRIVATE LIMITED,ZO_West (CS),,DV12ETA 4G2,750,,Rani Barate,Q420435022700297,2026-05-19 18:14:39,,1-14021225501,2026-05-29 16:35:59
1-13981825685,2026-05-19 19:49:11,eFSR,Service Engineer,Others/Remarks,KALA Care Global LLP - Pune,420435,KALA Care Global LLP - Hubli,420435_8,Others/Remarks,No,Sales Coordinator,New,1-1JP-2039,GUNJIKAR PETROLEUMS,ZO_West (CS),213452465,HA294,15,NAMDEVKHAVARI,,,,,,
1-13981825878,2026-05-19 20:34:15,eFSR,Service Engineer,Others/Remarks,KALA Care Global LLP - Pune,420435,KALA Care Global LLP - Hospet,420435_10,Others/Remarks,Not required,Sales Coordinator,Does Not Qualify,1-6AQR9TT,Safeway Corp,ZO_West (CS),213206363,4R1040T4 BS-II,,MOHAMMED JAFERKALUR,B Sneha Ballari,,,,,
1-13983495897,2026-05-20 12:08:20,Manual,Sales Coordinator,BD Spares,KALA Care Global LLP - Pune,420435,KALA Care Global LLP - Belagavi,420435_9,BD Spares,PARTS REQUIRED,Sales Coordinator,Invoiced Generated,1-3N3AI1O,GURU RAGHAVENDRA TRADERS,ZO_West (CS),,,,,VIDYA DHABALI,Q420435092700280,2026-05-20 12:17:28,,1-13983607301,2026-05-20 12:19:13
1-13984105055,2026-05-20 14:11:15,eFSR,Service Engineer,Mobile Lighting Tower,KALA Care Global LLP - Pune,420435,KALA Care Global LLP - Parbhani,420435_7,Mobile Lighting Tower,...,Sales Coordinator,Does Not Qualify,1-3Q057PZ,Sangli Urban Co Operative Bank Limited,ZO_West (CS),212722588,EA10,5,PRABHAKARUPHADE,Rani Barate,,,,,
1-13984255311,2026-05-20 14:08:14,Manual,Sales Coordinator,Oil,KALA Care Global LLP - Pune,420435,KALA Care Global LLP - Belagavi,420435_9,Oil,OIL SERVICE,Sales Coordinator,Invoiced Generated,1-413BTB0,S S KANAMUCHANAL CONTRACTOR,ZO_West (CS),,,,,VIDYA DHABALI,Q420435092700282,2026-05-20 14:12:06,,1-13984190831,2026-05-20 14:12:35
1-13984343381,2026-05-20 14:34:33,Manual,Sales Coordinator,Oil,KALA Care Global LLP - Pune,420435,KALA Care Global LLP - Belagavi,420435_9,BD Spares,PARTS REQUIRED,Sales Coordinator,Invoiced Generated,1-5LO9544,ISHA HYDRO POWER,ZO_West (CS),,,,,VIDYA DHABALI,Q420435092700283,2026-05-20 14:37:11,,1-13984320031,2026-05-20 14:37:44
1-13984601461,2026-05-20 15:19:41,Manual,Sales Coordinator,Others/Remarks,KALA Care Global LLP - Pune,420435,KALA Care Global LLP - Belagavi,420435_9,Others/Remarks,PARTS REQUIRED,Sales Coordinator,Invoiced Generated,1-2ZVO3A,Shri Kalmeshwar Enterprises,ZO_West (CS),,,,,VIDYA DHABALI,Q420435092700284,2026-05-20 15:25:57,,1-13984838341,2026-05-20 15:52:43
1-13984833608,2026-05-20 16:11:06,eFSR,Service Engineer,BD Spares,KALA Care Global LLP - Pune,420435,KALA Care Global LLP - Ahmednagar,420435_2,BD Spares,Rocker cover gasket,Service Coordinator,Quotation Submitted,1-3JTA39N,MITSUBOSHI BELTING INDIA PVT LTD,ZO_West (CS),213232729,DV12ETA G11,750,NavnathPatare,Rani Barate,Q420435022700342,2026-05-28 13:28:53,,,
1-13985720446,2026-05-20 17:59:12,eFSR,Service Engineer,Others/Remarks,KALA Care Global LLP - Pune,420435,KALA Care Global LLP - Hubli,420435_8,Others/Remarks,Controller display,Sales Coordinator,Does Not Qualify,1-4CICLLB,R & C. Infra Engineers Pvt. Ltd.,ZO_West (CS),213477769,3R550TC 4G1 CPCB4+,15,KAREPPADOOPAD,NIKITA HIREMATH,,,,,
1-13986384366,2026-05-20 20:27:30,eFSR,Service Engineer,Oil,KALA Care Global LLP - Pune,420435,KALA Care Global LLP - Hospet,420435_10,Oil,Oil,Sales Coordinator,Quotation Submitted,1-5P6XQG0,Godavarthi Venkataraju,ZO_West (CS),213477066,4R810,,MOHAMMED JAFERKALUR,B Sneha Ballari,Q420435102700359,2026-06-04 16:44:28,,,
1-13987447281,2026-05-21 11:15:27,Manual,Sales Coordinator,Others/Remarks,KALA Care Global LLP - Pune,420435,KALA Care Global LLP - Ahmednagar,420435_2,Others/Remarks,servicing spares for huyndai 140,Sales Coordinator,Invoiced Generated,1-3LS03XN,M/s.B.S.Sonwane,ZO_West (CS),,,,,Rani Barate,Q420435022700301,2026-05-21 11:27:21,,1-13988463594,2026-05-21 14:10:43
1-13987562466,2026-05-21 11:29:47,Manual,Sales Coordinator,Others/Remarks,KALA Care Global LLP - Pune,420435,KALA Care Global LLP - Ahmednagar,420435_2,Others/Remarks,SERVICING SPARES,Sales Coordinator,Invoiced Generated,1-3LS03XN,M/s.B.S.Sonwane,ZO_West (CS),,,,,Rani Barate,Q420435022700302,2026-05-21 11:50:12,,1-13988463635,2026-05-21 14:11:14
1-13987729771,2026-05-21 11:58:23,Manual,Sales Coordinator,Diesel Exhaust Fluid,KALA Care Global LLP - Pune,420435,KALA Care Global LLP - Belagavi,420435_9,Diesel Exhaust Fluid,DEF,Sales Coordinator,Quotation Submitted,1-3SMJ475,Chandukaka Saraf And Sons Private Limited,ZO_West (CS),,4R1190ETA 4G1,82.5,,VIDYA DHABALI,Q420435092700287,2026-06-19 11:09:47,,,
1-13987894911,2026-05-21 12:14:21,Manual,Sales Coordinator,Allied Oil,KALA Care Global LLP - Pune,420435,KALA Care Global LLP - Kalaburagi,420435_13,Allied Oil,Allied Oil,Sales Coordinator,Converted,1-5XK0VG4,RAJARAJESHWARI FOOD SUPPLIERS,ZO_West (CS),,,,,Rani Barate,Q420435132700161,2026-05-21 12:23:31,,1-13988045311,2026-05-21 12:29:04
1-13987960261,2026-05-21 12:36:39,Manual,Sales Coordinator,Oil,KALA Care Global LLP - Pune,420435,KALA Care Global LLP - Kalaburagi,420435_13,Oil,Engine Oil Service,Sales Coordinator,Converted,1-3X76SN0,N S MULGE CONSTRUCTIONS,ZO_West (CS),,HA494,,,Rani Barate,Q420435132700162,2026-05-21 12:43:35,,212705052,2026-05-21 12:31:30
1-13988243781,2026-05-21 14:08:35,eFSR,Service Engineer,Others/Remarks,KALA Care Global LLP - Pune,420435,KALA Care Global LLP - Kalaburagi,420435_13,Others/Remarks,No,Sales Coordinator,In Progress,1-3X76SN0,N S MULGE CONSTRUCTIONS,ZO_West (CS),212705052,HA494,,Shakeel AshrafChowdhari,,,,,,
1-13988243933,2026-05-21 14:25:17,eFSR,Service Engineer,Others/Remarks,KALA Care Global LLP - Pune,420435,KALA Care Global LLP - Vijayapura,420435_14,Others/Remarks,Not required,Sales Coordinator,New,1-53THYQR,SPARKLE GOLD RETAIL VENTURES LIMITED,ZO_West (CS),213456055,NK,125,MUTHURAJ MADIVALAPPANATIKAR,,,,,,
1-13988314775,2026-05-21 14:13:48,eFSR,Service Engineer,Others/Remarks,KALA Care Global LLP - Pune,420435,KALA Care Global LLP - Hubli,420435_8,Oil,Ok,Sales Coordinator,Does Not Qualify,1-2Z48PSX,Mr. MANJUNATH C SADAR.,ZO_West (CS),213470961,3R1040T G1,25,KRISHNADASABAL,NIKITA HIREMATH,,,,,
1-13988314775,2026-05-21 14:13:48,eFSR,Service Engineer,Others/Remarks,KALA Care Global LLP - Pune,420435,KALA Care Global LLP - Hubli,420435_8,Others/Remarks,Ok,Sales Coordinator,Does Not Qualify,1-2Z48PSX,Mr. MANJUNATH C SADAR.,ZO_West (CS),213470961,3R1040T G1,25,KRISHNADASABAL,NIKITA HIREMATH,,,,,
1-13988695001,2026-05-21 14:59:23,Manual,Sales Coordinator,Others/Remarks,KALA Care Global LLP - Pune,420435,KALA Care Global LLP - Belagavi,420435_9,Others/Remarks,PARTS REQUIRED,Sales Coordinator,Invoiced Generated,1-40WTCZB,SHRI SWAMI SAMARTH ENGINEERS LIMITED,ZO_West (CS),,,,,VIDYA DHABALI,Q420435092700290,2026-05-21 15:17:26,,1-13997453521,2026-05-23 15:50:11
1-13988752889,2026-05-21 15:56:24,eFSR,Service Engineer,Overhauling,KALA Care Global LLP - Pune,420435,KALA Care Global LLP - Nanded,420435_4,Overhauling,Da,Service Coordinator,Does Not Qualify,1-3Q057PZ,Sangli Urban Co Operative Bank Limited,ZO_West (CS),212722612,EA10,5,RAFIQSHAIKH,Sareen Shaikh,,,,,
1-13989171095,2026-05-21 17:07:16,eFSR,Service Engineer,Battery,KALA Care Global LLP - Pune,420435,KALA Care Global LLP - Hubli,420435_8,BD Spares,Fuel gauge,Sales Coordinator,New,1-1JY7D78,The Principal Police Training Center,ZO_West (CS),213481307,HA694TCI G1,62.5,KHURSHIDHAVARAGI,,,,,,
1-13989171095,2026-05-21 17:07:16,eFSR,Service Engineer,Battery,KALA Care Global LLP - Pune,420435,KALA Care Global LLP - Hubli,420435_8,Battery,Battery required 130,Sales Coordinator,New,1-1JY7D78,The Principal Police Training Center,ZO_West (CS),213481307,HA694TCI G1,62.5,KHURSHIDHAVARAGI,,,,,,
1-13989430658,2026-05-21 16:40:04,Manual,Sales Coordinator,Others/Remarks,KALA Care Global LLP - Pune,420435,KALA Care Global LLP - Belagavi,420435_9,Others/Remarks,PARTS REQUIRED,Sales Coordinator,Invoiced Generated,1-2ZVO3A,Shri Kalmeshwar Enterprises,ZO_West (CS),,,,,VIDYA DHABALI,Q420435092700291,2026-05-21 16:43:13,,1-13989447991,2026-05-21 16:43:53
1-13989635284,2026-05-21 18:05:05,eFSR,Service Engineer,Diesel Exhaust Fluid,KALA Care Global LLP - Pune,420435,KALA Care Global LLP - Vijayapura,420435_14,Diesel Exhaust Fluid,Expression bello,Sales Coordinator,Converted,1-4JKG9Y3,MANJUNATH RAMANGOUDA PATIL,ZO_West (CS),213481018,Engines,,MALLAPPA SADASHIVSANTI,Rani Barate,Q420435142700098,2026-05-22 12:38:29,,213505117,2026-06-09 11:47:56
1-13989762491,2026-05-21 17:26:21,Manual,Sales Coordinator,Others/Remarks,KALA Care Global LLP - Pune,420435,KALA Care Global LLP - Belagavi,420435_9,Others/Remarks,PARTS REQUIRED,Sales Coordinator,Invoiced Generated,1-3N3AI1O,GURU RAGHAVENDRA TRADERS,ZO_West (CS),,,,,VIDYA DHABALI,Q420435092700292,2026-05-21 17:29:46,,1-13989813711,2026-05-21 17:32:17
1-13990368981,2026-05-21 18:32:18,Manual,Sales Coordinator,Paid Services -PM,KALA Care Global LLP - Pune,420435,KALA Care Global LLP - Belagavi,420435_9,Paid Services -PM,PARTS REQUIRED,Sales Coordinator,Invoiced Generated,1-3XMIVHO,M/s Anand Minerals,ZO_West (CS),,,,,VIDYA DHABALI,Q420435092700293,2026-05-21 18:36:12,,1-13990445573,2026-05-21 18:36:35
1-13991294522,2026-05-22 09:24:17,eFSR,Service Engineer,Others/Remarks,KALA Care Global LLP - Pune,420435,KALA Care Global LLP - Belagavi,420435_9,Others/Remarks,Oil service,Sales Coordinator,Not Converted,1-4KFMMCA,WHITE WATER RESORT,ZO_West (CS),213478373,EA16 G1,10,PRASHANTPATIL,VIDYA DHABALI,Q420435092700305,2026-05-23 14:59:42,,213488430,2026-05-26 11:02:24
1-13991519395,2026-05-22 10:20:03,eFSR,Service Engineer,Oil,KALA Care Global LLP - Pune,420435,KALA Care Global LLP - Babhleshwar,420435_5,Oil,Yasyas,Sales Coordinator,New,1-4UOTEWI,Hotel Saikrupabhel Snacks and Sweets,ZO_West (CS),213478361,EA16 G1,10,ISHWARJADHAV,,,,,,
1-13991519395,2026-05-22 10:20:03,eFSR,Service Engineer,Oil,KALA Care Global LLP - Pune,420435,KALA Care Global LLP - Babhleshwar,420435_5,Service AMC/Bandhan/Anubandhan,Required,Sales Coordinator,New,1-4UOTEWI,Hotel Saikrupabhel Snacks and Sweets,ZO_West (CS),213478361,EA16 G1,10,ISHWARJADHAV,,,,,,
1-13991519644,2026-05-22 10:27:12,eFSR,Service Engineer,BD Spares,KALA Care Global LLP - Pune,420435,KALA Care Global LLP - Belagavi,420435_9,BD Spares,Auto panel+control,Service Coordinator,Does Not Qualify,1-5W0-2003,"Deputy Conservaator of forests, Belgaum",ZO_West (CS),213484064,RB33,30,SATISHNAVAGEKAR,VIDYA DHABALI,,,,,
1-13991605841,2026-05-22 10:43:35,Manual,Sales Coordinator,Others/Remarks,KALA Care Global LLP - Pune,420435,KALA Care Global LLP - Ahmednagar,420435_2,Others/Remarks,engine filters,Sales Coordinator,Invoiced Generated,1-BE1XUJ,MALGANGA CONSTRUCTION,ZO_West (CS),,,,,Rani Barate,Q420435022700307,2026-05-22 10:47:09,,1-13991650781,2026-05-22 10:47:45
1-13991714351,2026-05-22 10:54:56,Manual,Sales Coordinator,Paid Services -PM,KALA Care Global LLP - Pune,420435,KALA Care Global LLP - Ahmednagar,420435_2,Paid Services -PM,ENGINE SERVICING,Sales Coordinator,Quotation Submitted,1-1KP-2661,Sai Shiv Ram Petroleum.,ZO_West (CS),,HA394,25,,Rani Barate,Q420435022700308,2026-05-22 11:04:05,,,
1-13991748301,2026-05-22 10:56:08,Manual,Sales Coordinator,Battery,KALA Care Global LLP - Pune,420435,KALA Care Global LLP - Kalaburagi,420435_13,Battery,Battery,Sales Coordinator,Converted,1-1JV-3566,Assistant Commissioner and Administrative Officer  Shree Revansiddeshwar Temple Revgi,ZO_West (CS),,3R1040,30,,Rani Barate,Q420435132700163,2026-05-22 11:01:18,,213489984,2026-05-23 10:51:01
1-13991768671,2026-05-22 11:05:43,Manual,Sales Coordinator,Oil,KALA Care Global LLP - Pune,420435,KALA Care Global LLP - Belagavi,420435_9,Paid Services -PM,OIL SERVICE,Sales Coordinator,Converted,1-198779F,JICOR SERVICES PRIVATE LIMITED,ZO_West (CS),,4R1040TA2,,,VIDYA DHABALI,Q420435092700296,2026-05-22 14:39:01,,213487442,2026-06-12 12:37:27
1-13991913041,2026-05-22 11:27:22,Manual,Sales Coordinator,Others/Remarks,KALA Care Global LLP - Pune,420435,KALA Care Global LLP - Ahmednagar,420435_2,Paid Services -PM,ENGINE SERVICING,Sales Coordinator,Qualifying,1-1KP-1507,M/S Central Bank Of India.,ZO_West (CS),,4R1040,40,,Rani Barate,,,,,
1-13992339010,2026-05-22 12:39:48,Manual,Sales Coordinator,Oil,KALA Care Global LLP - Pune,420435,KALA Care Global LLP - Vijayapura,420435_14,Oil,ENGINE OIL SERVICE REQUIRE,Sales Coordinator,Converted,1-361D26G,VEERESHWARA CONSTRUCTIONS PRIVATE LIMITED,ZO_West (CS),,Engines,,,Rani Barate,Q420435142700099,2026-05-22 12:50:06,,213512682,2026-05-29 10:07:49
1-13992410412,2026-05-22 12:53:05,eFSR,Service Engineer,BD Spares,KALA Care Global LLP - Pune,420435,KALA Care Global LLP - Belagavi,420435_9,BD Spares,"Governor,mpu,avrr150",Service Coordinator,Converted,1-1WC-471,Victor Enterprises,ZO_West (CS),213486642,6KL12TASR1,320,SATISHNAVAGEKAR,VIDYA DHABALI,Q420435092700298,2026-05-22 17:25:41,,213520024,2026-05-30 10:59:16
1-13992619385,2026-05-22 13:37:04,eFSR,Service Engineer,Oil,KALA Care Global LLP - Pune,420435,KALA Care Global LLP - Hubli,420435_8,Oil,Oil service D G,Sales Coordinator,Does Not Qualify,1-6EL383W,ULTRA TECH CEMENT LIMITED UNIT RAJASHREE CEMENT WORKS,ZO_West (CS),213482623,6SL90ETA 4G3,320,KHURSHIDHAVARAGI,NIKITA HIREMATH,,,,,
1-13992619385,2026-05-22 13:37:04,eFSR,Service Engineer,Oil,KALA Care Global LLP - Pune,420435,KALA Care Global LLP - Hubli,420435_8,Service AMC/Bandhan/Anubandhan,Ok,Sales Coordinator,Does Not Qualify,1-6EL383W,ULTRA TECH CEMENT LIMITED UNIT RAJASHREE CEMENT WORKS,ZO_West (CS),213482623,6SL90ETA 4G3,320,KHURSHIDHAVARAGI,NIKITA HIREMATH,,,,,
1-13993199361,2026-05-22 14:49:20,Manual,Sales Coordinator,Overhauling,KALA Care Global LLP - Pune,420435,KALA Care Global LLP - Belagavi,420435_9,Overhauling,Overhauling,Sales Coordinator,Converted,1-342GA6A,M/s. TARADE BROTHERS CONSTRUCTION PVT LTD,ZO_West (CS),,HA494,,,VIDYA DHABALI,Q420435092700297,2026-06-04 15:19:11,,213544617,2026-06-04 18:13:47
1-13993472660,2026-05-22 16:21:00,eFSR,Service Engineer,Battery,KALA Care Global LLP - Pune,420435,KALA Care Global LLP - Ahmednagar,420435_2,Battery,Battery test replace,Sales Coordinator,Does Not Qualify,1-3MREC3,HDFC Bank Limited,ZO_West (CS),213338909,3R1040TA G1,45,NILESHSALUNKE,Rani Barate,,,,,
1-13993886074,2026-05-22 17:18:20,eFSR,Service Engineer,Others/Remarks,KALA Care Global LLP - Pune,420435,KALA Care Global LLP - Ahmednagar,420435_2,BD Spares,Coolant hose pipe re,Sales Coordinator,In Progress,1-3XQDGTI,Nagar Urban Co-Op Bank,ZO_West (CS),213476279,6SL1500TA G2,200,NILESHSALUNKE,,,,,,
1-13993886074,2026-05-22 17:18:20,eFSR,Service Engineer,Others/Remarks,KALA Care Global LLP - Pune,420435,KALA Care Global LLP - Ahmednagar,420435_2,Others/Remarks,Turbo oil out pipe r,Sales Coordinator,In Progress,1-3XQDGTI,Nagar Urban Co-Op Bank,ZO_West (CS),213476279,6SL1500TA G2,200,NILESHSALUNKE,,,,,,
1-13994361484,2026-05-22 17:39:27,eFSR,Service Engineer,Others/Remarks,KALA Care Global LLP - Pune,420435,KALA Care Global LLP - Hubli,420435_8,BD Spares,Fuel filter,Sales Coordinator,Does Not Qualify,1-3HJBSCL,Nxtra Data Limited,ZO_West (CS),213476213,6SL1500TASR1,180,KAREPPADOOPAD,NIKITA HIREMATH,,,,,
1-13994361484,2026-05-22 17:39:27,eFSR,Service Engineer,Others/Remarks,KALA Care Global LLP - Pune,420435,KALA Care Global LLP - Hubli,420435_8,Others/Remarks,Controller,Sales Coordinator,Does Not Qualify,1-3HJBSCL,Nxtra Data Limited,ZO_West (CS),213476213,6SL1500TASR1,180,KAREPPADOOPAD,NIKITA HIREMATH,,,,,
1-13994361487,2026-05-22 17:40:17,eFSR,Service Engineer,Others/Remarks,KALA Care Global LLP - Pune,420435,KALA Care Global LLP - Hubli,420435_8,BD Spares,Fuel pipe,Sales Coordinator,Does Not Qualify,1-3HJBSCL,Nxtra Data Limited,ZO_West (CS),213476166,6SL1500TASR1,180,KAREPPADOOPAD,NIKITA HIREMATH,,,,,
1-13994361487,2026-05-22 17:40:17,eFSR,Service Engineer,Others/Remarks,KALA Care Global LLP - Pune,420435,KALA Care Global LLP - Hubli,420435_8,Others/Remarks,Controller,Sales Coordinator,Does Not Qualify,1-3HJBSCL,Nxtra Data Limited,ZO_West (CS),213476166,6SL1500TASR1,180,KAREPPADOOPAD,NIKITA HIREMATH,,,,,
1-13994361487,2026-05-22 17:40:17,eFSR,Service Engineer,Others/Remarks,KALA Care Global LLP - Pune,420435,KALA Care Global LLP - Hubli,420435_8,Others/Remarks,Fuel pipe,Sales Coordinator,Does Not Qualify,1-3HJBSCL,Nxtra Data Limited,ZO_West (CS),213476166,6SL1500TASR1,180,KAREPPADOOPAD,NIKITA HIREMATH,,,,,
1-13994482301,2026-05-22 17:37:28,Manual,Sales Coordinator,Others/Remarks,KALA Care Global LLP - Pune,420435,KALA Care Global LLP - Belagavi,420435_9,BD Spares,K SEALANT,Sales Coordinator,Invoiced Generated,1-33DSIAB,Belgaum Engineering and Service,ZO_West (CS),,,,,VIDYA DHABALI,Q420435092700299,2026-05-22 17:40:31,,1-13994524365,2026-05-22 17:48:39
1-13994514761,2026-05-22 17:48:24,Manual,Sales Coordinator,Overhauling,KALA Care Global LLP - Pune,420435,KALA Care Global LLP - Aurangabad,420435_1,Overhauling,OH,Sales Coordinator,Invoiced Generated,1-3484ERV,MR. KEDARNATH  DNYANESHWAR RASAL.,ZO_West (CS),,,,,Rani Barate,Q420435012700307,2026-05-22 17:59:12,2026-05-22 17:59:27,1-13994503951,2026-05-22 18:00:15
1-13994705331,2026-05-22 18:41:08,eFSR,Service Engineer,Overhauling,KALA Care Global LLP - Pune,420435,KALA Care Global LLP - Parbhani,420435_7,Overhauling,"2,3",Service Coordinator,Does Not Qualify,1-3NAYMYI,R B JAIN,ZO_West (CS),213477777,4R1040TA-BS-III,,PRABHAKARUPHADE,Rani Barate,,,,,
1-13994818497,2026-05-22 20:38:36,eFSR,Service Engineer,Oil,KALA Care Global LLP - Pune,420435,KALA Care Global LLP - Belagavi,420435_9,Oil,Ool service due,Sales Coordinator,Not Converted,1-3PSGFNL,J H Fabricators,ZO_West (CS),213129832,4R810TA G1,62.5,RAJUTALWAR,VIDYA DHABALI,Q420435092700306,2026-05-25 12:00:12,,,
1-13995684311,2026-05-23 10:18:52,Manual,Sales Coordinator,Others/Remarks,KALA Care Global LLP - Pune,420435,KALA Care Global LLP - Belagavi,420435_9,Others/Remarks,PARTS QUOTE,Sales Coordinator,Invoiced Generated,1-3N3AI1O,GURU RAGHAVENDRA TRADERS,ZO_West (CS),,,,,VIDYA DHABALI,Q420435092700300,2026-05-23 10:23:43,,1-13995844596,2026-05-23 10:52:46
1-13995940671,2026-05-23 11:14:35,Manual,Sales Coordinator,Oil,KALA Care Global LLP - Pune,420435,KALA Care Global LLP - Aurangabad,420435_1,Oil,PM,Sales Coordinator,Invoiced Generated,1-3PHL5I6,AMAR INFRASTRUCTURE,ZO_West (CS),,,,,Rani Barate,Q420435012700313,2026-05-23 11:18:25,2026-05-23 11:21:05,1-13996081381,2026-05-23 11:41:37
1-13996000301,2026-05-23 11:21:18,Manual,Sales Coordinator,Oil,KALA Care Global LLP - Pune,420435,KALA Care Global LLP - Kalaburagi,420435_13,Oil,Engine Oil Service,Sales Coordinator,Converted,1-4FB1HDL,CORE GREEN SUGAR AND FUELS PRIVATE LIMITED,ZO_West (CS),,4R1190,,,Rani Barate,Q420435132700164,2026-05-23 14:18:28,,213141291,2026-06-09 10:05:01
1-13996216701,2026-05-23 12:10:16,Manual,Sales Coordinator,Allied Oil,KALA Care Global LLP - Pune,420435,KALA Care Global LLP - Aurangabad,420435_1,Allied Oil,HYDROLIC OIL REQ,Sales Coordinator,Invoiced Generated,1-5QS8TWS,V B NEMANE BUILDING MATERIAL SUPPLIERS,ZO_West (CS),,,,,Rani Barate,Q420435012700314,2026-05-23 12:14:47,2026-05-23 12:14:56,1-13996379431,2026-05-23 12:15:25
1-13996560120,2026-05-23 13:16:23,eFSR,Service Engineer,Oil,KALA Care Global LLP - Pune,420435,KALA Care Global LLP - Babhleshwar,420435_5,Oil,Oil,Sales Coordinator,New,1-5HLRLBX,Kajale Jewellers,ZO_West (CS),213490186,3R550TC 4G1 CPCB4+,15,SANDIPGAGARE,,,,,,
1-13996793099,2026-05-23 13:58:22,eFSR,Service Engineer,Others/Remarks,KALA Care Global LLP - Pune,420435,KALA Care Global LLP - Ahmednagar,420435_2,Coolant Change,Coolent required kir,Sales Coordinator,Quotation Submitted,1-46FSORY,Global Diagnostic Center,ZO_West (CS),210839927,4K1080TA G2,125.4,ALSIFSHAIKH,Rani Barate,Q420435022700343,2026-05-28 13:32:31,,,
1-13996793099,2026-05-23 13:58:22,eFSR,Service Engineer,Others/Remarks,KALA Care Global LLP - Pune,420435,KALA Care Global LLP - Ahmednagar,420435_2,Others/Remarks,Coolent need,Sales Coordinator,Quotation Submitted,1-46FSORY,Global Diagnostic Center,ZO_West (CS),210839927,4K1080TA G2,125.4,ALSIFSHAIKH,Rani Barate,Q420435022700343,2026-05-28 13:32:31,,,
1-13997018362,2026-05-23 13:59:15,eFSR,Service Engineer,Battery,KALA Care Global LLP - Pune,420435,KALA Care Global LLP - Babhleshwar,420435_5,Battery,Battery,Sales Coordinator,New,1-3V5H7UC,Dr Sonambekar Hospital,ZO_West (CS),211199418,4R810TA G1,62.5,SANDIPGAGARE,,,,,,
1-13997018799,2026-05-23 14:22:01,eFSR,Service Engineer,Battery,KALA Care Global LLP - Pune,420435,KALA Care Global LLP - Aurangabad,420435_1,Battery,150AH,Sales Coordinator,Converted,1-3NUX315,Emrald Medical Research Private Limited,ZO_West (CS),209659122,6SL1500TA G2,200,PARVEZSAYED,Rani Barate,Q420435012700318,2026-05-23 14:28:40,2026-05-23 14:28:52,213491438,2026-05-23 14:13:26
1-13997019205,2026-05-23 14:34:04,eFSR,Service Engineer,Oil,KALA Care Global LLP - Pune,420435,KALA Care Global LLP - Beed,420435_3,Oil,Engine lub oil,Sales Coordinator,New,1-67KGBE0,Mahesh Madhurkar,ZO_West (CS),213486977,3R550TA 4G1,25,BALASAHEBGADHAVE,,,,,,
1-13997031451,2026-05-23 14:00:09,Manual,Sales Coordinator,Allied Oil,KALA Care Global LLP - Pune,420435,KALA Care Global LLP - Aurangabad,420435_1,Allied Oil,OIL AND FILTER REQ,Sales Coordinator,Invoiced Generated,1-2IYPPEX,SAINATH NEMANE,ZO_West (CS),,,,,Rani Barate,Q420435012700317,2026-05-23 14:07:56,,1-13997045071,2026-05-23 14:09:05
1-13997195878,2026-05-23 15:12:56,eFSR,Service Engineer,Others/Remarks,KALA Care Global LLP - Pune,420435,KALA Care Global LLP - Ahmednagar,420435_2,Allied Oil,Oil,Sales Coordinator,New,1-1KP-1455,Dr. Deokar Sonography and X-Ray Clinic.,ZO_West (CS),210094986,HA394,25,ALSIFSHAIKH,,,,,,
1-13997195878,2026-05-23 15:12:56,eFSR,Service Engineer,Others/Remarks,KALA Care Global LLP - Pune,420435,KALA Care Global LLP - Ahmednagar,420435_2,DF Kit,"Oil filter,Fuel Filt",Sales Coordinator,New,1-1KP-1455,Dr. Deokar Sonography and X-Ray Clinic.,ZO_West (CS),210094986,HA394,25,ALSIFSHAIKH,,,,,,
1-13997195878,2026-05-23 15:12:56,eFSR,Service Engineer,Others/Remarks,KALA Care Global LLP - Pune,420435,KALA Care Global LLP - Ahmednagar,420435_2,Diesel Exhaust Fluid,Fuel filter,Sales Coordinator,New,1-1KP-1455,Dr. Deokar Sonography and X-Ray Clinic.,ZO_West (CS),210094986,HA394,25,ALSIFSHAIKH,,,,,,
1-13997195878,2026-05-23 15:12:56,eFSR,Service Engineer,Others/Remarks,KALA Care Global LLP - Pune,420435,KALA Care Global LLP - Ahmednagar,420435_2,Oil,15w40 kirloskar oil,Sales Coordinator,New,1-1KP-1455,Dr. Deokar Sonography and X-Ray Clinic.,ZO_West (CS),210094986,HA394,25,ALSIFSHAIKH,,,,,,
1-13997195878,2026-05-23 15:12:56,eFSR,Service Engineer,Others/Remarks,KALA Care Global LLP - Pune,420435,KALA Care Global LLP - Ahmednagar,420435_2,Others/Remarks,Servicing required,Sales Coordinator,New,1-1KP-1455,Dr. Deokar Sonography and X-Ray Clinic.,ZO_West (CS),210094986,HA394,25,ALSIFSHAIKH,,,,,,
1-13997195878,2026-05-23 15:12:56,eFSR,Service Engineer,Others/Remarks,KALA Care Global LLP - Pune,420435,KALA Care Global LLP - Ahmednagar,420435_2,Paid Services -PM,Servicing Required f,Sales Coordinator,New,1-1KP-1455,Dr. Deokar Sonography and X-Ray Clinic.,ZO_West (CS),210094986,HA394,25,ALSIFSHAIKH,,,,,,
1-13997399312,2026-05-23 15:33:22,Manual,Sales Coordinator,Battery,KALA Care Global LLP - Pune,420435,KALA Care Global LLP - Bagalkote,420435_12,Battery,Battery,Sales Coordinator,Not Converted,1-3UYM4M6,Basan Gouda Allikoti,ZO_West (CS),,6SL1500TA G2,200,,Rani Barate,Q420435122700138,2026-05-23 15:49:51,,,
1-13997933521,2026-05-23 16:53:21,Manual,Sales Coordinator,BD Spares,KALA Care Global LLP - Pune,420435,KALA Care Global LLP - Kalaburagi,420435_13,BD Spares,Dosing model,Sales Coordinator,Converted,1-3WXUFXN,B V R CONSTRUCTION SERVICES,ZO_West (CS),,Engines,,,Rani Barate,Q420435132700166,2026-05-23 16:57:26,,213490327,2026-05-23 11:36:40
1-13998243469,2026-05-23 18:52:05,eFSR,Service Engineer,Others/Remarks,KALA Care Global LLP - Pune,420435,KALA Care Global LLP - Ballari,420435_11,Others/Remarks,Starting,Sales Coordinator,New,1-3HNG2DP,Padmavati Almex Pvt Ltd,ZO_West (CS),213491906,4R810TA G1,62.5,NOOR MOHAMMEDSK,,,,,,
1-14004682332,2026-05-25 10:36:07,eFSR,Service Engineer,Others/Remarks,KALA Care Global LLP - Pune,420435,KALA Care Global LLP - Ahmednagar,420435_2,Others/Remarks,,Sales Coordinator,New,1-5JHNMWN,Aveer Lifestyle LLP,ZO_West (CS),212443371,4R1040TA,82.5,RUSHIKESHMAGAR,,,,,,
1-14004845331,2026-05-25 11:10:39,Manual,Sales Coordinator,Others/Remarks,KALA Care Global LLP - Pune,420435,KALA Care Global LLP - Aurangabad,420435_1,Others/Remarks,OH,Sales Coordinator,Invoiced Generated,1-6FIP82P,RAJENDRA BABURAO KAKADE (SONAI STONE CRUSHER),ZO_West (CS),,,,,B Sneha Ballari,Q420435012700325,2026-05-25 11:16:06,,1-14004813851,2026-05-25 11:16:30
1-14005070883,2026-05-25 12:10:44,Manual,Sales Coordinator,Coolant Change,KALA Care Global LLP - Pune,420435,KALA Care Global LLP - Belagavi,420435_9,Coolant Change,COOLANT REQUIRED,Sales Coordinator,Converted,1-43F726E,Shangri La Jungle Village,ZO_West (CS),,4K1080TA,100,,VIDYA DHABALI,Q420435092700307,2026-05-25 15:30:02,,213546411,2026-06-05 12:07:21
1-14005378491,2026-05-25 12:29:03,Manual,Sales Coordinator,Oil,KALA Care Global LLP - Pune,420435,KALA Care Global LLP - Kalaburagi,420435_13,Oil,Engine Oil Service,Sales Coordinator,Converted,1-19NHJO2,ABHIRUDDHI CONSTRUCTIONS PRIVATE LIMITED,ZO_West (CS),,Engines,,,Rani Barate,Q420435132700168,2026-06-20 15:55:38,,213061155,2026-06-19 11:18:29
1-14005383881,2026-05-25 12:30:47,Manual,Sales Coordinator,BD Spares,KALA Care Global LLP - Pune,420435,KALA Care Global LLP - Belagavi,420435_9,BD Spares,PARTS REQUIRED,Sales Coordinator,Invoiced Generated,1-3N3AI1O,GURU RAGHAVENDRA TRADERS,ZO_West (CS),,,,,VIDYA DHABALI,Q420435092700308,2026-05-25 12:34:04,,1-14010073701,2026-05-26 16:14:37
1-14005436301,2026-05-25 12:37:53,Manual,Sales Coordinator,Oil,KALA Care Global LLP - Pune,420435,KALA Care Global LLP - Kalaburagi,420435_13,Oil,Engine Oil Service,Sales Coordinator,Converted,1-4BQLHI1,BHAGYAWANTI ENTERPRISES & CIVIL CONTRSACTOR,ZO_West (CS),,4R810,,,Rani Barate,Q420435132700169,2026-05-25 17:07:52,,212717010,2026-05-26 11:37:37
1-14005467301,2026-05-25 12:45:01,Manual,Sales Coordinator,Others/Remarks,KALA Care Global LLP - Pune,420435,KALA Care Global LLP - Ahmednagar,420435_2,Others/Remarks,ENGINE SPARES,Sales Coordinator,Invoiced Generated,1-3FHCEFD,JITENDRA AABASAHEB DHUS,ZO_West (CS),,,,,Rani Barate,Q420435022700329,2026-06-06 11:47:30,,1-14064696829,2026-06-10 13:59:19
1-14005891701,2026-05-25 14:41:28,Manual,Sales Coordinator,Others/Remarks,KALA Care Global LLP - Pune,420435,KALA Care Global LLP - Ahmednagar,420435_2,Others/Remarks,ENGINE SPARES,Sales Coordinator,Invoiced Generated,1-3Z0RHT,B4S Solutions Pvt. Ltd.,ZO_West (CS),,,,,Rani Barate,Q420435022700332,2026-06-20 11:25:53,,1-14097810575,2026-06-20 11:25:58
1-14005913974,2026-05-25 16:08:00,eFSR,Service Engineer,Others/Remarks,KALA Care Global LLP - Pune,420435,KALA Care Global LLP - Belagavi,420435_9,Coolant Change,Required 26 litres 2,Sales Coordinator,Does Not Qualify,1-43F726E,Shangri La Jungle Village,ZO_West (CS),213494260,4K1080TA,100,PRASHANTPATIL,VIDYA DHABALI,,,,,
1-14005913974,2026-05-25 16:08:00,eFSR,Service Engineer,Others/Remarks,KALA Care Global LLP - Pune,420435,KALA Care Global LLP - Belagavi,420435_9,Coolant Change,Required 55 litres,Sales Coordinator,Does Not Qualify,1-43F726E,Shangri La Jungle Village,ZO_West (CS),213494260,4K1080TA,100,PRASHANTPATIL,VIDYA DHABALI,,,,,
1-14005913974,2026-05-25 16:08:00,eFSR,Service Engineer,Others/Remarks,KALA Care Global LLP - Pune,420435,KALA Care Global LLP - Belagavi,420435_9,Others/Remarks,Llop and radiator cl,Sales Coordinator,Does Not Qualify,1-43F726E,Shangri La Jungle Village,ZO_West (CS),213494260,4K1080TA,100,PRASHANTPATIL,VIDYA DHABALI,,,,,
1-14005913974,2026-05-25 16:08:00,eFSR,Service Engineer,Others/Remarks,KALA Care Global LLP - Pune,420435,KALA Care Global LLP - Belagavi,420435_9,Others/Remarks,Radiator clean requi,Sales Coordinator,Does Not Qualify,1-43F726E,Shangri La Jungle Village,ZO_West (CS),213494260,4K1080TA,100,PRASHANTPATIL,VIDYA DHABALI,,,,,
1-14005935754,2026-05-25 15:09:41,eFSR,Service Engineer,Others/Remarks,KALA Care Global LLP - Pune,420435,KALA Care Global LLP - Beed,420435_3,Others/Remarks,Not required,Sales Coordinator,New,1-498GEXN,VINAYAK CONSTRUCTION CO,ZO_West (CS),213495883,HA494,,LAHUDOIFODE,,,,,,
1-14005948811,2026-05-25 15:03:41,Manual,Sales Coordinator,Paid Services -PM,KALA Care Global LLP - Pune,420435,KALA Care Global LLP - Ahmednagar,420435_2,Paid Services -PM,PAID SERVICING,Sales Coordinator,Quotation Submitted,1-3ZII8GD,Jagdamba Dairy Private Limited,ZO_West (CS),,3R1040T G1,25,,Rani Barate,Q420435022700333,2026-05-25 15:14:08,,,
1-14006214301,2026-05-25 15:22:40,Manual,Sales Coordinator,Paid Services -PM,KALA Care Global LLP - Pune,420435,KALA Care Global LLP - Ahmednagar,420435_2,Paid Services -PM,PAID SERVICING,Sales Coordinator,Quotation Submitted,1-54WMQYC,Narmada Dudh Sankalan & Shitkaran Kendra,ZO_West (CS),,EA16 G1,10,,Rani Barate,Q420435022700334,2026-06-18 10:31:59,,,
1-14006660091,2026-05-25 16:48:35,Manual,Sales Coordinator,Others/Remarks,KALA Care Global LLP - Pune,420435,KALA Care Global LLP - Ahmednagar,420435_2,Others/Remarks,ENGINE SPARES,Sales Coordinator,Invoiced Generated,1-KMY7PI,Om Sai Hydrolicks.,ZO_West (CS),,,,,Rani Barate,Q420435022700335,2026-05-25 16:55:26,,1-14010495901,2026-05-26 17:25:29
1-14006857625,2026-05-25 17:29:01,eFSR,Service Engineer,Others/Remarks,KALA Care Global LLP - Pune,420435,KALA Care Global LLP - Belagavi,420435_9,Others/Remarks,Not required,Sales Coordinator,Does Not Qualify,1-5N399Z9,KALYANI SWEETS,ZO_West (CS),213497246,4R810ETA4G1,58.5,SUNILHUMBARWADI,VIDYA DHABALI,,,,,
1-14006878951,2026-05-25 17:22:06,Manual,Sales Coordinator,Paid Services -PM,KALA Care Global LLP - Pune,420435,KALA Care Global LLP - Hubli,420435_8,Paid Services -PM,OIL SERVICE,Sales Coordinator,Converted,1-5U5COF1,Manjunath Ramappa Dambal,ZO_West (CS),,4R1190,,,NIKITA HIREMATH,Q420435082700222,2026-05-25 17:31:04,2026-05-26 15:39:25,213497845,2026-05-26 07:45:15
1-14006918141,2026-05-25 17:34:15,Manual,Sales Coordinator,Paid Services -PM,KALA Care Global LLP - Pune,420435,KALA Care Global LLP - Hubli,420435_8,Paid Services -PM,OIL SERVICE,Sales Coordinator,Converted,1-5U3FBBL,Rudrappa S Upady,ZO_West (CS),,4R1190,,,NIKITA HIREMATH,Q420435082700223,2026-05-25 17:43:16,2026-05-28 16:14:43,211974210,2026-05-26 07:49:22
1-14007020101,2026-05-25 17:53:07,Manual,Sales Coordinator,Oil,KALA Care Global LLP - Pune,420435,KALA Care Global LLP - Kalaburagi,420435_13,Oil,Oil Service.,Sales Coordinator,Converted,1-3HVU21H,ACCURATE POWERTECH INDIA PVT LTD.,ZO_West (CS),,3R1190ETA 4G1,45,,Rani Barate,Q420435132700171,2026-05-25 18:25:39,,213037465,2026-05-27 11:16:17
1-14007037301,2026-05-25 17:50:14,Manual,Sales Coordinator,Paid Services -PM,KALA Care Global LLP - Pune,420435,KALA Care Global LLP - Belagavi,420435_9,Others/Remarks,OIL,Sales Coordinator,Invoiced Generated,1-635KM42,P AND G LOGISTICS,ZO_West (CS),,,,,VIDYA DHABALI,Q420435092700310,2026-05-25 17:53:03,,1-14008144841,2026-05-26 09:49:00
1-14007079607,2026-05-25 18:15:19,eFSR,Service Engineer,Others/Remarks,KALA Care Global LLP - Pune,420435,KALA Care Global LLP - Ahmednagar,420435_2,DF Kit,Fuel filter oil filt,Sales Coordinator,Quotation Submitted,1-1W0-886,Uni Klinger Limited,ZO_West (CS),209709832,6SL1500TA G2,200,ALSIFSHAIKH,Rani Barate,Q420435022700347,2026-05-28 17:12:03,,,
1-14007079607,2026-05-25 18:15:19,eFSR,Service Engineer,Others/Remarks,KALA Care Global LLP - Pune,420435,KALA Care Global LLP - Ahmednagar,420435_2,Oil,15w40 kirloskar oil,Sales Coordinator,Quotation Submitted,1-1W0-886,Uni Klinger Limited,ZO_West (CS),209709832,6SL1500TA G2,200,ALSIFSHAIKH,Rani Barate,Q420435022700347,2026-05-28 17:12:03,,,
1-14007079607,2026-05-25 18:15:19,eFSR,Service Engineer,Others/Remarks,KALA Care Global LLP - Pune,420435,KALA Care Global LLP - Ahmednagar,420435_2,Others/Remarks,Servicing required,Sales Coordinator,Quotation Submitted,1-1W0-886,Uni Klinger Limited,ZO_West (CS),209709832,6SL1500TA G2,200,ALSIFSHAIKH,Rani Barate,Q420435022700347,2026-05-28 17:12:03,,,
1-14008299541,2026-05-26 10:28:32,Manual,Sales Coordinator,Others/Remarks,KALA Care Global LLP - Pune,420435,KALA Care Global LLP - Belagavi,420435_9,Others/Remarks,PARTS REQUIRED,Sales Coordinator,Invoiced Generated,1-5LO9544,ISHA HYDRO POWER,ZO_West (CS),,,,,VIDYA DHABALI,Q420435092700311,2026-05-26 10:38:57,,1-14008453590,2026-05-26 10:59:22
1-14008905345,2026-05-26 12:13:56,eFSR,Service Engineer,Battery,KALA Care Global LLP - Pune,420435,KALA Care Global LLP - Aurangabad,420435_1,Battery,180 amp,Sales Coordinator,Converted,1-5OAFDAA,ABIS FOODS AND PROTEINS PRIVATE LIMITED.,ZO_West (CS),213500207,DV8TA G3,400,GANESHPATTHE,Rani Barate,Q420435012700335,2026-05-26 12:23:30,2026-05-26 12:23:41,213497702,2026-05-25 17:10:05
1-14008951510,2026-05-26 12:30:12,eFSR,Service Engineer,Oil,KALA Care Global LLP - Pune,420435,KALA Care Global LLP - Aurangabad,420435_1,Coolant Change,26,Sales Coordinator,Quotation Submitted,1-3XGQC51,Aurangabad Auto Engineering Private Limited,ZO_West (CS),213499798,6KL12TASR1,320,PARVEZSAYED,Rani Barate,Q420435012700341,2026-05-27 12:40:20,,,
1-14008951510,2026-05-26 12:30:12,eFSR,Service Engineer,Oil,KALA Care Global LLP - Pune,420435,KALA Care Global LLP - Aurangabad,420435_1,Oil,Required,Sales Coordinator,Quotation Submitted,1-3XGQC51,Aurangabad Auto Engineering Private Limited,ZO_West (CS),213499798,6KL12TASR1,320,PARVEZSAYED,Rani Barate,Q420435012700341,2026-05-27 12:40:20,,,
1-14008951510,2026-05-26 12:30:12,eFSR,Service Engineer,Oil,KALA Care Global LLP - Pune,420435,KALA Care Global LLP - Aurangabad,420435_1,Paid Services -PM,Service,Sales Coordinator,Quotation Submitted,1-3XGQC51,Aurangabad Auto Engineering Private Limited,ZO_West (CS),213499798,6KL12TASR1,320,PARVEZSAYED,Rani Barate,Q420435012700341,2026-05-27 12:40:20,,,
1-14008951532,2026-05-26 12:30:33,eFSR,Service Engineer,Others/Remarks,KALA Care Global LLP - Pune,420435,KALA Care Global LLP - Belagavi,420435_9,Others/Remarks,Oil service and cool,Sales Coordinator,Not Converted,1-3L9EFSB,AIRPLAZA RETAIL HOLDINGS PRIVATE LIMITED,ZO_West (CS),213499869,4K1080TA G2,125.4,PRASHANTPATIL,VIDYA DHABALI,Q420435092700324,2026-05-29 10:08:23,,,
1-14009164011,2026-05-26 13:20:25,Manual,Sales Coordinator,Overhauling,KALA Care Global LLP - Pune,420435,KALA Care Global LLP - Kalaburagi,420435_13,Overhauling,OVERHAUL,Sales Coordinator,Converted,1-67LZKNI,SHRI KUBERA STONE CRUSHER,ZO_West (CS),,,,,Rani Barate,Q420435132700172,2026-05-26 13:47:00,,1-14009228971,2026-05-26 13:49:12
1-14009370526,2026-05-26 14:22:52,eFSR,Service Engineer,Others/Remarks,KALA Care Global LLP - Pune,420435,KALA Care Global LLP - Ahmednagar,420435_2,Others/Remarks,Customer asking for,Sales Coordinator,New,1-3S4VTPK,Nighoj Nagari Sahakari Patsanstha Marya,ZO_West (CS),212704956,EA16,7.5,ALSIFSHAIKH,,,,,,
1-14009477125,2026-05-26 15:15:48,eFSR,Service Engineer,Paid Services -PM,KALA Care Global LLP - Pune,420435,KALA Care Global LLP - Aurangabad,420435_1,Paid Services -PM,Service required,Service Coordinator,Does Not Qualify,1-1A8L4FL,"DESHMUKH & COMPANY,",ZO_West (CS),213488425,4R1190TA,,KAMLAKARMORE,Rani Barate,,,,,
1-14009774492,2026-05-26 15:21:55,eFSR,Service Engineer,Others/Remarks,KALA Care Global LLP - Pune,420435,KALA Care Global LLP - Belagavi,420435_9,Coolant Change,Required,Sales Coordinator,Does Not Qualify,1-53THYQR,SPARKLE GOLD RETAIL VENTURES LIMITED,ZO_West (CS),213456054,NK,100,PRASHANTPATIL,VIDYA DHABALI,,,,,
1-14009774492,2026-05-26 15:21:55,eFSR,Service Engineer,Others/Remarks,KALA Care Global LLP - Pune,420435,KALA Care Global LLP - Belagavi,420435_9,Others/Remarks,Coolant required,Sales Coordinator,Does Not Qualify,1-53THYQR,SPARKLE GOLD RETAIL VENTURES LIMITED,ZO_West (CS),213456054,NK,100,PRASHANTPATIL,VIDYA DHABALI,,,,,
1-14009774823,2026-05-26 15:44:04,eFSR,Service Engineer,Others/Remarks,KALA Care Global LLP - Pune,420435,KALA Care Global LLP - Ahmednagar,420435_2,BD Spares,Engine v belt.,Sales Coordinator,Quotation Submitted,1-3U5MYSJ,Dr Gunjal Hospital Manik Nagar,ZO_West (CS),213499595,EA16,10,RUSHIKESHMAGAR,Rani Barate,Q420435022700346,2026-05-28 16:32:22,,,
1-14009774823,2026-05-26 15:44:04,eFSR,Service Engineer,Others/Remarks,KALA Care Global LLP - Pune,420435,KALA Care Global LLP - Ahmednagar,420435_2,Others/Remarks,Engine v belt,Sales Coordinator,Quotation Submitted,1-3U5MYSJ,Dr Gunjal Hospital Manik Nagar,ZO_West (CS),213499595,EA16,10,RUSHIKESHMAGAR,Rani Barate,Q420435022700346,2026-05-28 16:32:22,,,
1-14010117096,2026-05-26 17:15:36,eFSR,Service Engineer,Others/Remarks,KALA Care Global LLP - Pune,420435,KALA Care Global LLP - Ahmednagar,420435_2,Others/Remarks,Ni,Sales Coordinator,Does Not Qualify,1-69JTJRK,Hamche Agro Pvt Ltd,ZO_West (CS),213380978,4R810ETA4G1,58.5,ALSIFSHAIKH,Rani Barate,,,,,
1-14010232373,2026-05-26 16:46:16,eFSR,Service Engineer,Battery,KALA Care Global LLP - Pune,420435,KALA Care Global LLP - Hospet,420435_10,Battery,75AH REQUIREMENT,Sales Coordinator,Quotation Submitted,1-3FTENZX,VIKAS SOUHARDA CO OPERATIVE BANK LTD,ZO_West (CS),213500895,HA294 G1,15,Krishna kumarG,B Sneha Ballari,Q420435102700358,2026-06-04 16:34:23,,,
1-14010232373,2026-05-26 16:46:16,eFSR,Service Engineer,Battery,KALA Care Global LLP - Pune,420435,KALA Care Global LLP - Hospet,420435_10,Service AMC/Bandhan/Anubandhan,Approached bandhan p,Sales Coordinator,Quotation Submitted,1-3FTENZX,VIKAS SOUHARDA CO OPERATIVE BANK LTD,ZO_West (CS),213500895,HA294 G1,15,Krishna kumarG,B Sneha Ballari,Q420435102700358,2026-06-04 16:34:23,,,
1-14010232843,2026-05-26 17:07:06,eFSR,Service Engineer,Oil,KALA Care Global LLP - Pune,420435,KALA Care Global LLP - Hospet,420435_10,Oil,Oil service parts,Sales Coordinator,Quotation Submitted,1-19PXLB4,Koppal College for Medical Science,ZO_West (CS),213473280,DV8TA G1,320,MOHAMMED JAFERKALUR,B Sneha Ballari,Q420435102700311,2026-05-27 18:25:57,2026-05-26 17:46:08,,
1-14010232843,2026-05-26 17:07:06,eFSR,Service Engineer,Oil,KALA Care Global LLP - Pune,420435,KALA Care Global LLP - Hospet,420435_10,Paid Services -PM,Oil service,Sales Coordinator,Quotation Submitted,1-19PXLB4,Koppal College for Medical Science,ZO_West (CS),213473280,DV8TA G1,320,MOHAMMED JAFERKALUR,B Sneha Ballari,Q420435102700311,2026-05-27 18:25:57,2026-05-26 17:46:08,,
1-14010232843,2026-05-26 17:07:06,eFSR,Service Engineer,Oil,KALA Care Global LLP - Pune,420435,KALA Care Global LLP - Hospet,420435_10,Service AMC/Bandhan/Anubandhan,Oil service  parts,Sales Coordinator,Quotation Submitted,1-19PXLB4,Koppal College for Medical Science,ZO_West (CS),213473280,DV8TA G1,320,MOHAMMED JAFERKALUR,B Sneha Ballari,Q420435102700311,2026-05-27 18:25:57,2026-05-26 17:46:08,,
1-14010611541,2026-05-26 17:29:15,Manual,Sales Coordinator,Oil,KALA Care Global LLP - Pune,420435,KALA Care Global LLP - Kalaburagi,420435_13,Oil,Engine Oil Service,Sales Coordinator,Converted,1-4D23YDT,TOWN MUNICIPAL COUNCIL SEDAM,ZO_West (CS),,3R550NA G1,15,,Rani Barate,Q420435132700173,2026-05-26 17:43:47,,211437129,2026-06-12 15:24:20
1-14010620277,2026-05-26 20:08:40,eFSR,Service Engineer,Oil,KALA Care Global LLP - Pune,420435,KALA Care Global LLP - Hospet,420435_10,Oil,Oil service parts,Sales Coordinator,Converted,1-19PXLB4,Koppal College for Medical Science,ZO_West (CS),213500291,DV10TA G1,500,MOHAMMED JAFERKALUR,B Sneha Ballari,Q420435102700317,2026-05-27 10:27:31,2026-05-27 10:32:09,213496395,2026-05-27 10:12:10
1-14011264400,2026-05-26 21:04:33,eFSR,Service Engineer,Others/Remarks,KALA Care Global LLP - Pune,420435,KALA Care Global LLP - Hospet,420435_10,Others/Remarks,Engine overhalling,Sales Coordinator,Does Not Qualify,1-K0D-970,BELLARY OXYGEN CO. INDIA LTD,ZO_West (CS),213500663,6R1080 ( 12V RAD FF),,Parashuram GGouripurada,B Sneha Ballari,,,,,
1-14011264400,2026-05-26 21:04:33,eFSR,Service Engineer,Others/Remarks,KALA Care Global LLP - Pune,420435,KALA Care Global LLP - Hospet,420435_10,Overhauling,Required,Sales Coordinator,Does Not Qualify,1-K0D-970,BELLARY OXYGEN CO. INDIA LTD,ZO_West (CS),213500663,6R1080 ( 12V RAD FF),,Parashuram GGouripurada,B Sneha Ballari,,,,,
1-14011264400,2026-05-26 21:04:33,eFSR,Service Engineer,Others/Remarks,KALA Care Global LLP - Pune,420435,KALA Care Global LLP - Hospet,420435_10,Service AMC/Bandhan/Anubandhan,Engine overhalling,Sales Coordinator,Does Not Qualify,1-K0D-970,BELLARY OXYGEN CO. INDIA LTD,ZO_West (CS),213500663,6R1080 ( 12V RAD FF),,Parashuram GGouripurada,B Sneha Ballari,,,,,
1-14012130301,2026-05-27 10:43:01,Manual,Sales Coordinator,Others/Remarks,KALA Care Global LLP - Pune,420435,KALA Care Global LLP - Ahmednagar,420435_2,Others/Remarks,ENGINE SPARES,Sales Coordinator,Quotation Submitted,1-3LAFP5I,Yogesh Bhausaheb Pawar,ZO_West (CS),,,,,Rani Barate,Q420435022700337,2026-05-27 11:38:24,,,
1-14012137982,2026-05-27 10:57:29,eFSR,Service Engineer,Others/Remarks,KALA Care Global LLP - Pune,420435,KALA Care Global LLP - Aurangabad,420435_1,Others/Remarks,No,Sales Coordinator,Does Not Qualify,1-5L4XG42,Aero Equipmentss,ZO_West (CS),213502247,3R1190ENA 4G1,30,SUDHIRMHASLEKAR,Rani Barate,,,,,
1-14012176301,2026-05-27 10:53:11,Manual,Sales Coordinator,Paid Services -PM,KALA Care Global LLP - Pune,420435,KALA Care Global LLP - Vijayapura,420435_14,Paid Services -PM,engine oil service require,Sales Coordinator,Converted,1-3NQDB3Z,UDAYSHIVAKUMAR INFRA LIMITED,ZO_West (CS),,6K1080TA G2,160,,Rani Barate,Q420435142700104,2026-06-08 10:26:32,,212498331,2026-06-08 11:37:09
1-14012233613,2026-05-27 11:14:23,eFSR,Service Engineer,Others/Remarks,KALA Care Global LLP - Pune,420435,KALA Care Global LLP - Hospet,420435_10,Others/Remarks,Temperature sensor,Sales Coordinator,Quotation Submitted,1-52HOLP,RELIANCE CORPORATE IT PARK LIMITED,ZO_West (CS),213500984,4R1040TA G1,82.5,MDAsifMDAsif,B Sneha Ballari,Q420435102700357,2026-06-04 16:18:41,,,
1-14012234075,2026-05-27 11:24:56,eFSR,Service Engineer,Battery,KALA Care Global LLP - Pune,420435,KALA Care Global LLP - Ahmednagar,420435_2,Battery,Kirloskar,Sales Coordinator,Quotation Submitted,1-21SVN29,Durvesh Poultry Farming,ZO_West (CS),212923915,4R1040TA G1,82.5,SunilGujaba,Rani Barate,Q420435022700366,2026-06-01 15:12:16,,,
1-14012496932,2026-05-27 13:31:26,eFSR,Service Engineer,Others/Remarks,KALA Care Global LLP - Pune,420435,KALA Care Global LLP - Belagavi,420435_9,Others/Remarks,No,Sales Coordinator,Does Not Qualify,1-5VSUSV1,SIDHARTH SHANKAR GUDAS,ZO_West (CS),213504524,4R810ETA4G1,58.5,GAJANANBHOSALE,VIDYA DHABALI,,,,,
1-14012559141,2026-05-27 12:44:08,eFSR,Service Engineer,Service AMC/Bandhan/Anubandhan,KALA Care Global LLP - Pune,420435,KALA Care Global LLP - Hospet,420435_10,Service AMC/Bandhan/Anubandhan,Advise the coustomer,Sales Coordinator,Nurturing,1-49G9TOK,Golden Cakes & Bakes,ZO_West (CS),213502586,3R550NA G1,15,Krishna kumarG,B Sneha Ballari,,,,,
1-14012703488,2026-05-27 12:56:44,eFSR,Service Engineer,Others/Remarks,KALA Care Global LLP - Pune,420435,KALA Care Global LLP - Babhleshwar,420435_5,Others/Remarks,Radiator check up,Sales Coordinator,New,1-5WUQ28N,Shirdi Nagarpanchayat,ZO_West (CS),213479686,3R1040TA G1,40,SACHINPATHARE,,,,,,
1-14012704197,2026-05-27 13:18:33,eFSR,Service Engineer,Paid Services -PM,KALA Care Global LLP - Pune,420435,KALA Care Global LLP - Aurangabad,420435_1,Paid Services -PM,Oil filter and engin,Service Coordinator,Converted,1-4SKIAD3,LIMRA INFRAPROJECTS,ZO_West (CS),213504882,R1190,,SUDHIRMHASLEKAR,Rani Barate,Q420435012700342,2026-05-27 13:57:44,2026-05-27 13:57:53,212414432,2026-05-27 13:58:23
1-14013180671,2026-05-27 14:05:54,Manual,Sales Coordinator,Service AMC/Bandhan/Anubandhan,KALA Care Global LLP - Pune,420435,KALA Care Global LLP - Belagavi,420435_9,Service AMC/Bandhan/Anubandhan,Bandhan Plus,Sales Coordinator,Not Converted,1-4QVSGJ0,Nayara Shree Sant Balumama Petroleums,ZO_West (CS),,HA294 G1,15,,Rani Barate,Q420435092700493,2026-06-18 17:06:23,,,
1-14013326766,2026-05-27 14:56:00,eFSR,Service Engineer,Others/Remarks,KALA Care Global LLP - Pune,420435,KALA Care Global LLP - Ahmednagar,420435_2,Coolant Change,All coolant chenge,Sales Coordinator,Quotation Submitted,1-48LQ5J1,New Medicare Hospital,ZO_West (CS),212434574,3R1040T G1,35,RUSHIKESHMAGAR,Rani Barate,Q420435022700345,2026-05-28 16:27:33,,,
1-14013326766,2026-05-27 14:56:00,eFSR,Service Engineer,Others/Remarks,KALA Care Global LLP - Pune,420435,KALA Care Global LLP - Ahmednagar,420435_2,Others/Remarks,Coolant and air filt,Sales Coordinator,Quotation Submitted,1-48LQ5J1,New Medicare Hospital,ZO_West (CS),212434574,3R1040T G1,35,RUSHIKESHMAGAR,Rani Barate,Q420435022700345,2026-05-28 16:27:33,,,
1-14013480801,2026-05-27 15:17:42,Manual,Sales Coordinator,Others/Remarks,KALA Care Global LLP - Pune,420435,KALA Care Global LLP - Ahmednagar,420435_2,Others/Remarks,ENGINE SPARES,Sales Coordinator,Invoiced Generated,1-22KCME,Uday Automobiles,ZO_West (CS),,,,,Rani Barate,Q420435022700338,2026-05-27 15:22:17,,1-14014510861,2026-05-27 18:24:55
1-14013654530,2026-05-27 16:26:46,eFSR,Service Engineer,Others/Remarks,KALA Care Global LLP - Pune,420435,KALA Care Global LLP - Hospet,420435_10,Others/Remarks,Customer need flywhe,Sales Coordinator,Invoiced Generated,1-496LVUE,MANJUNATHA SAVAJJI,ZO_West (CS),213505881,HA694TCI,,JilanShekshavali,B Sneha Ballari,Q420435102700323,2026-05-27 18:15:25,,1-14014518301,2026-05-27 18:18:00
1-14013963493,2026-05-27 16:37:23,eFSR,Service Engineer,Others/Remarks,KALA Care Global LLP - Pune,420435,KALA Care Global LLP - Nanded,420435_4,Allied Oil,Oil Required,Sales Coordinator,Awaiting Approval,1-5RBMPER,YASH PETROLEUM,ZO_West (CS),213504232,3R550TC 4G1 CPCB4+,15,DineshKalidas,Sareen Shaikh,Q420435042700214,2026-05-28 09:54:27,,,
1-14013963493,2026-05-27 16:37:23,eFSR,Service Engineer,Others/Remarks,KALA Care Global LLP - Pune,420435,KALA Care Global LLP - Nanded,420435_4,Oil,DG servicing is requ,Sales Coordinator,Awaiting Approval,1-5RBMPER,YASH PETROLEUM,ZO_West (CS),213504232,3R550TC 4G1 CPCB4+,15,DineshKalidas,Sareen Shaikh,Q420435042700214,2026-05-28 09:54:27,,,
1-14013963493,2026-05-27 16:37:23,eFSR,Service Engineer,Others/Remarks,KALA Care Global LLP - Pune,420435,KALA Care Global LLP - Nanded,420435_4,Others/Remarks,DG servicing materia,Sales Coordinator,Awaiting Approval,1-5RBMPER,YASH PETROLEUM,ZO_West (CS),213504232,3R550TC 4G1 CPCB4+,15,DineshKalidas,Sareen Shaikh,Q420435042700214,2026-05-28 09:54:27,,,
1-14014355961,2026-05-27 17:49:10,Manual,Sales Coordinator,Paid Services -PM,KALA Care Global LLP - Pune,420435,KALA Care Global LLP - Hubli,420435_8,Paid Services -PM,OIL SERVICE,Sales Coordinator,Invoiced Generated,1-3SUCDYZ,Unique Solution,ZO_West (CS),,,,,NIKITA HIREMATH,Q420435082700232,2026-05-27 17:54:45,2026-05-27 17:55:04,1-14014411491,2026-05-27 17:58:33
1-14014497161,2026-05-27 22:15:17,eFSR,Service Engineer,Others/Remarks,KALA Care Global LLP - Pune,420435,KALA Care Global LLP - Beed,420435_3,Others/Remarks,Not required,Sales Coordinator,New,1-4WGKCGD,Sachin Bandu Rathod,ZO_West (CS),213500071,Engines,,LAHUDOIFODE,,,,,,
1-14015575411,2026-05-28 10:19:48,Manual,Sales Coordinator,Others/Remarks,KALA Care Global LLP - Pune,420435,KALA Care Global LLP - Ahmednagar,420435_2,Others/Remarks,FUEL PUMP REQUIRED,Sales Coordinator,Invoiced Generated,1-4TNL44H,RRSM INFRA PRIVATE LIMITED,ZO_West (CS),,,,,Rani Barate,Q420435022700339,2026-05-28 12:47:46,,1-14053336695,2026-06-06 15:56:02
1-14016231462,2026-05-28 11:47:07,eFSR,Service Engineer,Paid Services -PM,KALA Care Global LLP - Pune,420435,KALA Care Global LLP - Aurangabad,420435_1,Paid Services -PM,Oil required filter,Service Coordinator,Converted,1-3IDXTT9,Pune Polymers Pvt Ltd,ZO_West (CS),213508324,DV8TAG3,400,HarshalIngle,Rani Barate,Q420435012700347,2026-05-28 11:56:19,2026-05-28 11:56:30,213508957,2026-05-28 11:58:10
1-14016323311,2026-05-28 12:00:02,Manual,Sales Coordinator,Oil,KALA Care Global LLP - Pune,420435,KALA Care Global LLP - Kalaburagi,420435_13,Oil,Engine oil service,Sales Coordinator,Converted,1-6EB7R2J,"SRI  K CHOWDER REDDY & CO.,",ZO_West (CS),,HA494,,,Rani Barate,Q420435132700177,2026-05-28 12:08:56,,213436911,2026-06-01 12:00:54
1-14016324185,2026-05-28 12:10:56,Manual,Sales Coordinator,Oil,KALA Care Global LLP - Pune,420435,KALA Care Global LLP - Kalaburagi,420435_13,Oil,Engine Oil Service,Sales Coordinator,Converted,1-6EB7R2J,"SRI  K CHOWDER REDDY & CO.,",ZO_West (CS),,HA494,,,Rani Barate,Q420435132700178,2026-05-28 12:18:10,,213436846,2026-06-01 11:58:59
1-14016324185,2026-05-28 12:10:56,Manual,Sales Coordinator,Oil,KALA Care Global LLP - Pune,420435,KALA Care Global LLP - Kalaburagi,420435_13,Oil,Engine Oil Service,Sales Coordinator,Converted,1-6EB7R2J,"SRI  K CHOWDER REDDY & CO.,",ZO_West (CS),,HA494,,,Rani Barate,Q420435132700178,2026-05-28 12:18:10,,213517214,2026-06-01 13:10:16
1-14016603505,2026-05-28 12:23:50,Manual,Sales Coordinator,Oil,KALA Care Global LLP - Pune,420435,KALA Care Global LLP - Kalaburagi,420435_13,Oil,Engine oil service,Sales Coordinator,Converted,1-4WAWPS2,VEERESH KALYANAPPA KOBAL,ZO_West (CS),,4R810,,,Rani Barate,Q420435132700180,2026-05-28 12:44:44,,212236156,2026-05-29 11:03:02
1-14016900471,2026-05-28 13:07:05,Manual,Sales Coordinator,Paid Services -PM,KALA Care Global LLP - Pune,420435,KALA Care Global LLP - Ahmednagar,420435_2,Paid Services -PM,ENGINE SERVICING,Sales Coordinator,Quotation Submitted,1-2TO67H3,KALIKA CONSTRUCTION,ZO_West (CS),,4R810T,,,Rani Barate,Q420435022700341,2026-05-28 13:13:48,,,
1-14016978954,2026-05-28 13:59:33,eFSR,Service Engineer,Oil,KALA Care Global LLP - Pune,420435,KALA Care Global LLP - Ahmednagar,420435_2,BD Spares,Service material,Sales Coordinator,Does Not Qualify,1-3SMQJKT,Patwa Suppliers,ZO_West (CS),212321593,3R1040T G1,35,ALSIFSHAIKH,Rani Barate,,,,,
1-14016978954,2026-05-28 13:59:33,eFSR,Service Engineer,Oil,KALA Care Global LLP - Pune,420435,KALA Care Global LLP - Ahmednagar,420435_2,Coolant Change,Kirloskar coolemt,Sales Coordinator,Does Not Qualify,1-3SMQJKT,Patwa Suppliers,ZO_West (CS),212321593,3R1040T G1,35,ALSIFSHAIKH,Rani Barate,,,,,
1-14016978954,2026-05-28 13:59:33,eFSR,Service Engineer,Oil,KALA Care Global LLP - Pune,420435,KALA Care Global LLP - Ahmednagar,420435_2,Oil,15w40 Geniune,Sales Coordinator,Does Not Qualify,1-3SMQJKT,Patwa Suppliers,ZO_West (CS),212321593,3R1040T G1,35,ALSIFSHAIKH,Rani Barate,,,,,
1-14017028992,2026-05-28 14:46:35,eFSR,Service Engineer,Oil,KALA Care Global LLP - Pune,420435,KALA Care Global LLP - Nanded,420435_4,Coolant Change,Collent,Sales Coordinator,Quotation Submitted,1-5PKDL5F,Priya Dudh Bhandar sweet and Namkeen,ZO_West (CS),211515700,3R550TC 4G1 CPCB4+,15,VINODBUKTARE,Sareen Shaikh,Q420435042700489,2026-07-29 17:14:46,,,
1-14017028992,2026-05-28 14:46:35,eFSR,Service Engineer,Oil,KALA Care Global LLP - Pune,420435,KALA Care Global LLP - Nanded,420435_4,Oil,Na,Sales Coordinator,Quotation Submitted,1-5PKDL5F,Priya Dudh Bhandar sweet and Namkeen,ZO_West (CS),211515700,3R550TC 4G1 CPCB4+,15,VINODBUKTARE,Sareen Shaikh,,,,,
1-14017888221,2026-05-28 17:01:04,Manual,Sales Coordinator,RECD,KALA Care Global LLP - Pune,420435,KALA Care Global LLP - Hubli,420435_8,RECD,RECD,Sales Coordinator,Quotation Approved,1-43I02BF,VRL LOGISTICS LIMITED,ZO_West (CS),,DV10TAG1,500,,NIKITA HIREMATH,Q420435082700235,2026-06-29 16:07:27,2026-06-29 16:12:34,,
1-14017962395,2026-05-28 17:04:44,Manual,Sales Coordinator,RECD,KALA Care Global LLP - Pune,420435,KALA Care Global LLP - Hubli,420435_8,RECD,REQUIRE QUOTE,Sales Coordinator,Order/SR Generated,1-43I02BF,VRL LOGISTICS LIMITED,ZO_West (CS),,DV12ETA G11,750,,NIKITA HIREMATH,Q420435082700236,2026-06-29 15:56:25,2026-06-29 16:13:22,213636656,2026-06-29 16:18:23
1-14018164968,2026-05-28 20:46:30,eFSR,Service Engineer,Battery,KALA Care Global LLP - Pune,420435,KALA Care Global LLP - Belagavi,420435_9,Battery,Battery required,Sales Coordinator,Not Converted,1-1K4-3536,Tarun Bharat Daily Pvt. Ltd.,ZO_West (CS),212233761,DV10,500,RAJUTALWAR,VIDYA DHABALI,Q420435092700608,2026-07-06 11:35:21,,,
1-14018553225,2026-05-29 09:27:38,eFSR,Service Engineer,Others/Remarks,KALA Care Global LLP - Pune,420435,KALA Care Global LLP - Ahmednagar,420435_2,Others/Remarks,Servicing required n,Sales Coordinator,New,1-68X8Z2Z,S A SAWANT CONSTRUCTION PVT LTD,ZO_West (CS),213510220,EA10NA 4G1,7.5,RUSHIKESHMAGAR,,,,,,
1-14018557981,2026-05-28 19:07:02,Manual,Sales Coordinator,Oil,KALA Care Global LLP - Pune,420435,KALA Care Global LLP - Kalaburagi,420435_13,Oil,OIL SERVICE,Sales Coordinator,Converted,1-5YT9XUB,Raju Chavan PWD Contractor,ZO_West (CS),,,,,Rani Barate,Q420435132700182,2026-05-28 19:15:09,,1-14018525911,2026-05-28 19:18:05
1-14019199181,2026-05-29 10:02:12,Manual,Sales Coordinator,Others/Remarks,KALA Care Global LLP - Pune,420435,KALA Care Global LLP - Ahmednagar,420435_2,Others/Remarks,FUEL FILTER ASSLY,Sales Coordinator,Order/SR Generated,1-BE1XUJ,MALGANGA CONSTRUCTION,ZO_West (CS),,,,,Rani Barate,Q420435022700348,2026-05-29 10:06:15,,1-14019270331,2026-05-29 10:06:54
1-14019237853,2026-05-29 10:19:27,eFSR,Service Engineer,Paid Services -PM,KALA Care Global LLP - Pune,420435,KALA Care Global LLP - Aurangabad,420435_1,Paid Services -PM,Supply Module Requir,Service Coordinator,Converted,1-42T3OTW,SHREENATHJI BUILDCON,ZO_West (CS),213512485,4R1190,,HarshalIngle,Rani Barate,Q420435012700353,2026-05-29 10:44:10,2026-05-29 10:45:17,213512894,2026-05-29 10:47:32
1-14019276775,2026-05-29 10:21:29,eFSR,Service Engineer,Others/Remarks,KALA Care Global LLP - Pune,420435,KALA Care Global LLP - Aurangabad,420435_1,Oil,Koil 80ltr,Sales Coordinator,Does Not Qualify,1-5QKUFZ1,DHOOT AUTOMOTIVE SYSTEMS PRIVATE LIMITED,ZO_West (CS),213496501,DV8ETA 4G3,1000,DATTAKAMBLE,Rani Barate,,,,,
1-14019276775,2026-05-29 10:21:29,eFSR,Service Engineer,Others/Remarks,KALA Care Global LLP - Pune,420435,KALA Care Global LLP - Aurangabad,420435_1,Others/Remarks,PM material,Sales Coordinator,Does Not Qualify,1-5QKUFZ1,DHOOT AUTOMOTIVE SYSTEMS PRIVATE LIMITED,ZO_West (CS),213496501,DV8ETA 4G3,1000,DATTAKAMBLE,Rani Barate,,,,,
1-14019376631,2026-05-29 10:38:40,Manual,Sales Coordinator,,KALA Care Global LLP - Pune,420435,KALA Care Global LLP - Belagavi,420435_9,Paid Services -PM,csp quotation,Sales Coordinator,Order/SR Cancelled,1-4T1RHG8,Aspire Engineering Enterprises,ZO_West (CS),,3R1190ENA 4G1,30,,VIDYA DHABALI,Q420435092700327,2026-05-29 10:50:37,,,
1-14019434121,2026-05-29 10:56:02,Manual,Sales Coordinator,,KALA Care Global LLP - Pune,420435,KALA Care Global LLP - Belagavi,420435_9,Paid Services -PM,QSP QUOTATION,Sales Coordinator,Order/SR Cancelled,1-62PK20S,DHD Infracon Pvt Ltd,ZO_West (CS),,HA494,,,VIDYA DHABALI,Q420435092700492,2026-06-18 17:02:47,,,
1-14019447671,2026-05-29 10:54:17,Manual,Sales Coordinator,Others/Remarks,KALA Care Global LLP - Pune,420435,KALA Care Global LLP - Ahmednagar,420435_2,Others/Remarks,ENGINE SERVICING SPARES,Sales Coordinator,Quotation Submitted,1-5JORPHM,BAPUSAHEB NANASAHEB SHINDE,ZO_West (CS),,,,,Rani Barate,Q420435022700349,2026-05-29 10:58:19,,,
1-14019554311,2026-05-29 11:06:16,Manual,Sales Coordinator,Paid Services -PM,KALA Care Global LLP - Pune,420435,KALA Care Global LLP - Belagavi,420435_9,Paid Services -PM,CSP QUOTATION,Sales Coordinator,Converted,1-5PT0UC9,Dr. Naik Hospital,ZO_West (CS),,3R1190ETA 4G1,40,,VIDYA DHABALI,Q420435092700340,2026-06-01 10:08:43,,211600418,2026-06-16 15:15:00
1-14019678850,2026-05-29 11:43:39,eFSR,Service Engineer,Paid Services -PM,KALA Care Global LLP - Pune,420435,KALA Care Global LLP - Babhleshwar,420435_5,Paid Services -PM,Yes,Service Coordinator,New,1-1KP-1490,Hotel Sai Bansi.,ZO_West (CS),213451384,4K1080TA,100,SACHINPATHARE,,,,,,
1-14019819301,2026-05-29 11:48:18,Manual,Sales Coordinator,,KALA Care Global LLP - Pune,420435,KALA Care Global LLP - Belagavi,420435_9,Paid Services -PM,csp quotation,Sales Coordinator,Order/SR Cancelled,1-5SK57RB,FLOWTEX ENGINEERS,ZO_West (CS),,4R810ETA4G1,58.5,,VIDYA DHABALI,Q420435092700331,2026-05-29 11:56:05,,,
1-14019827391,2026-05-29 11:52:33,Manual,Sales Coordinator,Others/Remarks,KALA Care Global LLP - Pune,420435,KALA Care Global LLP - Ahmednagar,420435_2,Others/Remarks,ENGINE OVERHAULL SPARES,Sales Coordinator,Invoiced Generated,1-3M4I0UT,SANDEEP ANNASAHEB PUND,ZO_West (CS),,,,,Rani Barate,Q420435022700351,2026-06-02 13:45:51,,1-14042317371,2026-06-03 16:05:52
1-14020117001,2026-05-29 13:02:00,Manual,Sales Coordinator,,KALA Care Global LLP - Pune,420435,KALA Care Global LLP - Belagavi,420435_9,Paid Services -PM,CSP QUOTATION,Sales Coordinator,Order/SR Cancelled,1-5V6QT6F,JITENDRA BHATE,ZO_West (CS),,3R550TA 4G1,25,,VIDYA DHABALI,Q420435092700334,2026-06-02 10:11:38,,,
1-14020155031,2026-05-29 13:08:14,Manual,Sales Coordinator,Others/Remarks,KALA Care Global LLP - Pune,420435,KALA Care Global LLP - Hubli,420435_8,Others/Remarks,FUEL GUAGE,Sales Coordinator,Quotation Submitted,1-1JY7D78,The Principal Police Training Center,ZO_West (CS),,HA694TCI G1,62.5,,NIKITA HIREMATH,Q420435082700238,2026-05-29 13:22:43,,,
1-14020279271,2026-05-29 13:55:12,Manual,Sales Coordinator,BD Spares,KALA Care Global LLP - Pune,420435,KALA Care Global LLP - Kalaburagi,420435_13,BD Spares,OIL SEAL,Sales Coordinator,Converted,1-4D1MDJM,CHETTINAD PRODUCTS AND SERVICES PRIVATE LIMITED,ZO_West (CS),,,,,Rani Barate,Q420435132700183,2026-05-29 14:02:44,,1-14020422421,2026-05-29 14:05:35
1-14020289236,2026-05-29 16:26:30,eFSR,Service Engineer,Others/Remarks,KALA Care Global LLP - Pune,420435,KALA Care Global LLP - Belagavi,420435_9,Others/Remarks,Not required,Sales Coordinator,Does Not Qualify,1-3RXSMXL,Madhavanand Petroleums,ZO_West (CS),213515002,HA294 G1,15,RAJUTALWAR,VIDYA DHABALI,,,,,
1-14020857893,2026-05-29 15:56:25,eFSR,Service Engineer,BD Spares,KALA Care Global LLP - Pune,420435,KALA Care Global LLP - Belagavi,420435_9,BD Spares,Adblue filters,Service Coordinator,Not Converted,1-3JIYWBA,MKC INFRASTRUCTURE LTD,ZO_West (CS),213513961,4K1080ETA4G1,125,RAJUMAGUND,VIDYA DHABALI,Q420435092700343,2026-06-06 13:59:16,,,
1-14021078481,2026-05-29 16:08:02,Manual,Sales Coordinator,BD Spares,KALA Care Global LLP - Pune,420435,KALA Care Global LLP - Belagavi,420435_9,BD Spares,PARTS QUOTATION,Sales Coordinator,Invoiced Generated,1-3N3AI1O,GURU RAGHAVENDRA TRADERS,ZO_West (CS),,,,,VIDYA DHABALI,Q420435092700335,2026-05-29 16:13:24,,1-14021095481,2026-05-29 16:13:50
1-14021094931,2026-05-29 16:19:14,Manual,Sales Coordinator,Diesel Exhaust Fluid,KALA Care Global LLP - Pune,420435,KALA Care Global LLP - Ahmednagar,420435_2,Diesel Exhaust Fluid,DEF REQUIRED,Sales Coordinator,Qualifying,1-5YI5E6R,BHARAT CONSTRUCTIONS INDIA PRIVATE LIMITED,ZO_West (CS),,,,,Rani Barate,,,,,
1-14021276950,2026-05-29 18:07:11,eFSR,Service Engineer,Others/Remarks,KALA Care Global LLP - Pune,420435,KALA Care Global LLP - Hubli,420435_8,Others/Remarks,Controller,Sales Coordinator,Converted,1-4771HSM,Channamma Arcade,ZO_West (CS),213515182,2R1040 G1,20,KAREPPADOOPAD,NIKITA HIREMATH,Q420435082700246,2026-06-04 11:50:57,2026-06-11 16:13:41,213566752,2026-06-10 18:12:27
1-14021394301,2026-05-29 16:59:47,Manual,Sales Coordinator,Others/Remarks,KALA Care Global LLP - Pune,420435,KALA Care Global LLP - Hubli,420435_8,Others/Remarks,FEED PUMP,Sales Coordinator,Not Converted,1-5WJG4P3,BEKEM INFRA PROJECTS Pvt Ltd,ZO_West (CS),,,,,NIKITA HIREMATH,,,,,
1-14021874725,2026-05-29 20:57:32,eFSR,Service Engineer,Oil,KALA Care Global LLP - Pune,420435,KALA Care Global LLP - Nanded,420435_4,Oil,Oil filter required,Sales Coordinator,Does Not Qualify,1-6AKS7H3,SHIVAJI ANANDRAO KADAM,ZO_West (CS),213514693,4R1190NA1 BSV,,RAMESHWARAKOLE,Jyoti Mangesh,,,,,
1-14021874731,2026-05-29 21:13:05,eFSR,Service Engineer,Coolant Change,KALA Care Global LLP - Pune,420435,KALA Care Global LLP - Nanded,420435_4,Coolant Change,Collent,Sales Coordinator,Awaiting Approval,1-F8EOS7,Hydrabad Machinary Company,ZO_West (CS),213253282,4R810ETA4G1,58.5,VINODBUKTARE,Jyoti Mangesh,Q420435042700297,2026-06-11 10:00:47,,,
1-14021874841,2026-05-29 23:44:02,eFSR,Service Engineer,Overhauling,KALA Care Global LLP - Pune,420435,KALA Care Global LLP - Hospet,420435_10,Overhauling,Majer overalling spr,Service Coordinator,Converted,1-5WJG4P3,BEKEM INFRA PROJECTS Pvt Ltd,ZO_West (CS),213501681,4R1040T,62.5,MOHAMMED JAFERKALUR,B Sneha Ballari,Q420435102700477,2026-06-18 17:12:35,,213520690,2026-05-30 12:30:59
1-14021890779,2026-05-29 19:03:51,eFSR,Service Engineer,Others/Remarks,KALA Care Global LLP - Pune,420435,KALA Care Global LLP - Hospet,420435_10,Others/Remarks,No,Sales Coordinator,Does Not Qualify,1-6BJH8C3,Senior Geologist Department Of Mines & Geology,ZO_West (CS),213513848,4R810TA G1,62.5,Krishna kumarG,B Sneha Ballari,,,,,
1-14022040593,2026-05-29 21:23:11,eFSR,Service Engineer,Oil,KALA Care Global LLP - Pune,420435,KALA Care Global LLP - Belagavi,420435_9,Oil,Oil service due,Sales Coordinator,Not Converted,1-3S8DB2I,Swami Collection,ZO_West (CS),213515148,3R1040TA G1,45,RAJUTALWAR,VIDYA DHABALI,Q420435092700342,2026-06-01 11:37:25,,,
1-14022642560,2026-05-30 11:35:26,eFSR,Service Engineer,Coolant Change,KALA Care Global LLP - Pune,420435,KALA Care Global LLP - Aurangabad,420435_1,Coolant Change,26 liter coolent req,Sales Coordinator,Does Not Qualify,1-LC6-197,CHANDRA MATS PVT. LTD.,ZO_West (CS),213500708,6SL9088TA,160,PARVEZSAYED,Rani Barate,,,,,
1-14022642560,2026-05-30 11:35:26,eFSR,Service Engineer,Coolant Change,KALA Care Global LLP - Pune,420435,KALA Care Global LLP - Aurangabad,420435_1,Paid Services -PM,Service,Sales Coordinator,Does Not Qualify,1-LC6-197,CHANDRA MATS PVT. LTD.,ZO_West (CS),213500708,6SL9088TA,160,PARVEZSAYED,Rani Barate,,,,,
1-14022642560,2026-05-30 11:35:26,eFSR,Service Engineer,Coolant Change,KALA Care Global LLP - Pune,420435,KALA Care Global LLP - Aurangabad,420435_1,Service AMC/Bandhan/Anubandhan,Required,Sales Coordinator,Does Not Qualify,1-LC6-197,CHANDRA MATS PVT. LTD.,ZO_West (CS),213500708,6SL9088TA,160,PARVEZSAYED,Rani Barate,,,,,
1-14022863401,2026-05-30 10:17:42,Manual,Sales Coordinator,Overhauling,KALA Care Global LLP - Pune,420435,KALA Care Global LLP - Babhleshwar,420435_5,Overhauling,ENGINE TOP OVERHAULL,Sales Coordinator,Quotation Submitted,1-4IQO4FF,Sopan Nivruti Maid,ZO_West (CS),,RV3,20,,Rani Barate,Q420435052700040,2026-05-30 14:27:14,,,
1-14022956017,2026-05-30 11:10:49,eFSR,Service Engineer,Service AMC/Bandhan/Anubandhan,KALA Care Global LLP - Pune,420435,KALA Care Global LLP - Belagavi,420435_9,Service AMC/Bandhan/Anubandhan,160 Bandhan+,Sales Coordinator,Does Not Qualify,1-4AVIQDE,Vijaykant Dairy & Food Products Ltd.,ZO_West (CS),213377725,6R1080TA G1,125.6,SATISHNAVAGEKAR,VIDYA DHABALI,,,,,
1-14023449121,2026-05-30 12:31:56,Manual,Sales Coordinator,Others/Remarks,KALA Care Global LLP - Pune,420435,KALA Care Global LLP - Ahmednagar,420435_2,Others/Remarks,ENGINE SPARES,Sales Coordinator,Invoiced Generated,1-4YY8PL,Om Sai Hydrolicks,ZO_West (CS),,,,,Rani Barate,Q420435022700353,2026-05-30 12:40:26,,1-14023539301,2026-05-30 12:42:48
1-14023639813,2026-05-30 13:07:04,Manual,Sales Coordinator,Others/Remarks,KALA Care Global LLP - Pune,420435,KALA Care Global LLP - Hubli,420435_8,Others/Remarks,FEED PUMP ASSLY,Sales Coordinator,Invoiced Generated,1-45XJ9SQ,Bekem Infra Projects Pvt. Ltd.,ZO_West (CS),,,,,NIKITA HIREMATH,Q420435082700244,2026-05-30 13:12:28,2026-05-30 13:12:43,1-14023712871,2026-05-30 13:13:43
1-14023821431,2026-05-30 13:16:51,Manual,Sales Coordinator,Oil,KALA Care Global LLP - Pune,420435,KALA Care Global LLP - Kalaburagi,420435_13,Oil,Engine Oil Service,Sales Coordinator,Converted,1-4CFOMU3,Swamy Power Enterprises,ZO_West (CS),,3R1190ENA 4G1,30,,Rani Barate,Q420435132700185,2026-06-02 14:38:11,,211460842,2026-06-05 12:13:59
1-14023821696,2026-05-30 13:20:16,Manual,Sales Coordinator,Oil,KALA Care Global LLP - Pune,420435,KALA Care Global LLP - Kalaburagi,420435_13,Oil,Engine Oil Service,Sales Coordinator,Quotation Submitted,1-5T5NMO0,Mahadev Almaje Contractor,ZO_West (CS),,3R1190ENA 4G1,30,,Rani Barate,Q420435132700186,2026-06-16 12:48:42,,,
1-14024094531,2026-05-30 14:36:08,Manual,Sales Coordinator,Coolant Change,KALA Care Global LLP - Pune,420435,KALA Care Global LLP - Aurangabad,420435_1,Coolant Change,COOLENT,Sales Coordinator,Invoiced Generated,1-6AYBPRJ,SUPARNA POLYPLAST,ZO_West (CS),,,,,B Sneha Ballari,Q420435012700363,2026-05-30 14:42:42,,1-14024120241,2026-05-30 14:43:08
1-14024286341,2026-05-30 15:13:10,Manual,Sales Coordinator,Oil,KALA Care Global LLP - Pune,420435,KALA Care Global LLP - Kalaburagi,420435_13,Oil,Engine Oil Service.,Sales Coordinator,Converted,1-633DV36,THE ROYAL HOTEL,ZO_West (CS),,4K1080ETA4G1,125,,Rani Barate,Q420435132700187,2026-06-16 12:50:04,,212223398,2026-07-16 11:33:04
1-14024291901,2026-05-30 15:21:59,Manual,Sales Coordinator,Oil,KALA Care Global LLP - Pune,420435,KALA Care Global LLP - Kalaburagi,420435_13,Oil,Engine Oil Service,Sales Coordinator,Quotation Submitted,1-613DZIN,Bharat Petroleum Corporation Ltd.,ZO_West (CS),,3R1040,30,,Rani Barate,Q420435132700189,2026-06-16 12:51:11,,,
1-14024292173,2026-05-30 15:26:21,Manual,Sales Coordinator,Oil,KALA Care Global LLP - Pune,420435,KALA Care Global LLP - Kalaburagi,420435_13,Oil,Engine Oil Service,Sales Coordinator,Quotation Submitted,1-3PKZFW1,Shetty Constructions,ZO_West (CS),,6SL1500TA G3,500,,Rani Barate,Q420435132700190,2026-06-16 12:41:14,,,
1-14024362590,2026-05-30 15:31:15,Manual,Sales Coordinator,Oil,KALA Care Global LLP - Pune,420435,KALA Care Global LLP - Kalaburagi,420435_13,Oil,Engine Oil Service.,Sales Coordinator,Quotation Submitted,1-5UYIITI,SRI ASHOK VENKATESHWARA PETROLEUMS,ZO_West (CS),,3R550TC 4G1 CPCB4+,15,,Rani Barate,Q420435132700191,2026-06-16 12:43:25,,,
1-14024362848,2026-05-30 15:34:42,Manual,Sales Coordinator,Oil,KALA Care Global LLP - Pune,420435,KALA Care Global LLP - Kalaburagi,420435_13,Oil,Engine Oil Service,Sales Coordinator,Converted,1-5VAY1HE,NEW GOLDEN BAKERY,ZO_West (CS),,3R550TA 4G1,20,,Rani Barate,Q420435132700192,2026-06-16 12:44:09,,211544933,2026-06-23 11:12:06
1-14024362849,2026-05-30 15:34:44,Manual,Sales Coordinator,Oil,KALA Care Global LLP - Pune,420435,KALA Care Global LLP - Kalaburagi,420435_13,Oil,Oil Service,Sales Coordinator,Quotation Submitted,1-5XLI2AU,SRI.LAXMI CHANDRALA PETROLEUMS,ZO_West (CS),,3R550TA 4G1,20,,Rani Barate,Q420435132700193,2026-06-16 12:47:17,,,
1-14024362850,2026-05-30 15:34:45,Manual,Sales Coordinator,Oil,KALA Care Global LLP - Pune,420435,KALA Care Global LLP - Kalaburagi,420435_13,Oil,Engine Oil Service.,Sales Coordinator,Quotation Submitted,1-5UV9B9T,ATLAS CORPORATION,ZO_West (CS),,3R550TA 4G1,20,,Rani Barate,Q420435132700194,2026-06-16 12:49:17,,,
1-14024422816,2026-05-30 15:47:14,Manual,Sales Coordinator,Oil,KALA Care Global LLP - Pune,420435,KALA Care Global LLP - Kalaburagi,420435_13,Oil,Engine Oil Service,Sales Coordinator,Quotation Submitted,1-5YVD8H5,NK PETROLEUMS,ZO_West (CS),,3R550TA 4G1,25,,Rani Barate,Q420435132700195,2026-06-16 12:50:33,,,
1-14024604318,2026-05-30 16:08:17,eFSR,Service Engineer,Others/Remarks,KALA Care Global LLP - Pune,420435,KALA Care Global LLP - Ahmednagar,420435_2,Others/Remarks,Ok,Sales Coordinator,New,1-5JPCSQB,Rajesh Adhikari Officer's Mess,ZO_West (CS),213515911,6K1080TA G2,160,ALSIFSHAIKH,,,,,,
1-14024766552,2026-05-30 16:55:56,eFSR,Service Engineer,Mobile Lighting Tower,KALA Care Global LLP - Pune,420435,KALA Care Global LLP - Hospet,420435_10,Mobile Lighting Tower,No,Sales Coordinator,Does Not Qualify,1-5IXV1WM,Ashwini Hospital.,ZO_West (CS),213521713,3R550TC 4G1 CPCB4+,15,Krishna kumarG,B Sneha Ballari,,,,,
1-14024767268,2026-05-30 18:25:37,eFSR,Service Engineer,Service AMC/Bandhan/Anubandhan,KALA Care Global LLP - Pune,420435,KALA Care Global LLP - Belagavi,420435_9,Service AMC/Bandhan/Anubandhan,Required,Sales Coordinator,Does Not Qualify,1-3G2LC45,Vijaykant Dairy & Food Products Ltd,ZO_West (CS),213377679,3R1040TA G1,40,SATISHNAVAGEKAR,VIDYA DHABALI,,,,,
1-14024824443,2026-05-30 16:38:11,eFSR,Service Engineer,Others/Remarks,KALA Care Global LLP - Pune,420435,KALA Care Global LLP - Belagavi,420435_9,Others/Remarks,Oil service due and,Sales Coordinator,Not Converted,1-1K4-1779,THE DEPUTY CONSERVATOR OF FOREST'S.,ZO_West (CS),213520823,HA294,15,PRASHANTPATIL,VIDYA DHABALI,Q420435092700500,2026-06-19 14:24:08,,,
1-14024824947,2026-05-30 17:25:03,eFSR,Service Engineer,Others/Remarks,KALA Care Global LLP - Pune,420435,KALA Care Global LLP - Hospet,420435_10,Others/Remarks,Customer need oil fi,Sales Coordinator,Invoiced Generated,1-5VR-2666,KEMPSPET INDUSTRIES,ZO_West (CS),213520800,RB33,30,JilanShekshavali,B Sneha Ballari,Q420435102700351,2026-06-02 16:52:45,,1-14038580091,2026-06-02 16:54:00
1-14024842666,2026-05-30 16:40:50,eFSR,Service Engineer,DF Kit,KALA Care Global LLP - Pune,420435,KALA Care Global LLP - Aurangabad,420435_1,BD Spares,"Ad blu, and saplay m",Sales Coordinator,Does Not Qualify,1-3S0Z4LF,Santkrupa Corporation,ZO_West (CS),213518711,Engines,,GANESHPATTHE,Rani Barate,,,,,
1-14024842666,2026-05-30 16:40:50,eFSR,Service Engineer,DF Kit,KALA Care Global LLP - Pune,420435,KALA Care Global LLP - Aurangabad,420435_1,DF Kit,Yes,Sales Coordinator,Does Not Qualify,1-3S0Z4LF,Santkrupa Corporation,ZO_West (CS),213518711,Engines,,GANESHPATTHE,Rani Barate,,,,,
1-14024842666,2026-05-30 16:40:50,eFSR,Service Engineer,DF Kit,KALA Care Global LLP - Pune,420435,KALA Care Global LLP - Aurangabad,420435_1,Oil,Necst sarvis,Sales Coordinator,Does Not Qualify,1-3S0Z4LF,Santkrupa Corporation,ZO_West (CS),213518711,Engines,,GANESHPATTHE,Rani Barate,,,,,
1-14024842666,2026-05-30 16:40:50,eFSR,Service Engineer,DF Kit,KALA Care Global LLP - Pune,420435,KALA Care Global LLP - Aurangabad,420435_1,Paid Services -PM,Nest sarvis,Sales Coordinator,Does Not Qualify,1-3S0Z4LF,Santkrupa Corporation,ZO_West (CS),213518711,Engines,,GANESHPATTHE,Rani Barate,,,,,
1-14024956796,2026-05-30 17:12:21,eFSR,Service Engineer,BD Spares,KALA Care Global LLP - Pune,420435,KALA Care Global LLP - Vijayapura,420435_14,BD Spares,All fuel pipe requir,Service Coordinator,Converted,1-7YB-720,VINAYAK CLOTH MERCHANT,ZO_West (CS),213520181,EA16,10,UMESHPatil,Rani Barate,Q420435142700109,2026-06-15 09:54:08,,213581360,2026-06-15 10:34:49
1-14025403629,2026-05-30 18:32:47,eFSR,Service Engineer,Others/Remarks,KALA Care Global LLP - Pune,420435,KALA Care Global LLP - Belagavi,420435_9,Others/Remarks,Oil level very low s,Sales Coordinator,Qualifying,1-3GQPNXP,Bharti Airtel LDS-TNG,ZO_West (CS),213418852,HA494,30,PRASHANTPATIL,VIDYA DHABALI,Q420435092700341,,,,
1-14025404001,2026-05-30 19:00:38,eFSR,Service Engineer,Others/Remarks,KALA Care Global LLP - Pune,420435,KALA Care Global LLP - Ballari,420435_11,Others/Remarks,DG,Sales Coordinator,New,1-4M3SI1Q,Geetha Neuro Care,ZO_West (CS),213522632,3R1040T G1,35,NAGARAJ PPATEGOWDAR,,,,,,
1-14025411313,2026-05-30 18:13:16,Manual,Sales Coordinator,Paid Services -PM,KALA Care Global LLP - Pune,420435,KALA Care Global LLP - Hubli,420435_8,Paid Services -PM,OIL SERVICE,Sales Coordinator,Quotation Submitted,1-2DLKVP6,PERENNIAL TECHNOLOGIES PVT LTD,ZO_West (CS),,4R1190ETA 4G1,82.5,,NIKITA HIREMATH,Q420435082700248,2026-05-30 18:20:45,,,
1-14025868412,2026-05-30 20:28:03,eFSR,Service Engineer,Others/Remarks,KALA Care Global LLP - Pune,420435,KALA Care Global LLP - Kalaburagi,420435_13,Others/Remarks,Koel bandhan,Sales Coordinator,Does Not Qualify,1-5WKFFLX,R S R CONSTRUCTION,ZO_West (CS),213520385,4R810,,Md ZakirAli,Rani Barate,,,,,
1-14027087995,2026-05-31 17:47:36,eFSR,Service Engineer,Paid Services -PM,KALA Care Global LLP - Pune,420435,KALA Care Global LLP - Hospet,420435_10,Paid Services -PM,Paid CSP required,Service Coordinator,Converted,1-47KVHZI,Basavaraj Hosagoudr,ZO_West (CS),213504402,4R1190,,MOHAMEED ABDULLAHMOHAMMED,B Sneha Ballari,Q420435102700352,2026-06-02 16:59:38,2026-06-02 17:00:07,213486718,2026-05-30 15:39:08
1-14027087995,2026-05-31 17:47:36,eFSR,Service Engineer,Paid Services -PM,KALA Care Global LLP - Pune,420435,KALA Care Global LLP - Hospet,420435_10,Service AMC/Bandhan/Anubandhan,Oil service part,Service Coordinator,Converted,1-47KVHZI,Basavaraj Hosagoudr,ZO_West (CS),213504402,4R1190,,MOHAMEED ABDULLAHMOHAMMED,B Sneha Ballari,Q420435102700352,2026-06-02 16:59:38,2026-06-02 17:00:07,213486718,2026-05-30 15:39:08
1-14027097432,2026-05-31 23:49:19,eFSR,Service Engineer,BD Spares,KALA Care Global LLP - Pune,420435,KALA Care Global LLP - Hospet,420435_10,BD Spares,Battery,Service Coordinator,Quotation Submitted,1-19PXLB4,Koppal College for Medical Science,ZO_West (CS),213496343,DV8TA G1,320,Parashuram GGouripurada,B Sneha Ballari,Q420435102700493,2026-06-19 12:52:36,,,
1-14032351711,2026-06-01 10:47:00,Manual,Sales Coordinator,Paid Services -PM,KALA Care Global LLP - Pune,420435,KALA Care Global LLP - Babhleshwar,420435_5,Paid Services -PM,PAID SERVICING,Sales Coordinator,Quotation Submitted,1-4MJ7H5I,Om Multispeciality Hospital,ZO_West (CS),,CC418G1,5,,Rani Barate,Q420435052700042,2026-06-01 10:56:29,,,
1-14032550311,2026-06-01 11:16:00,Manual,Sales Coordinator,Others/Remarks,KALA Care Global LLP - Pune,420435,KALA Care Global LLP - Kalaburagi,420435_13,BD Spares,BD SPARES,Sales Coordinator,Converted,1-4TUALNK,PBR Automobiles,ZO_West (CS),,,,,Rani Barate,Q420435132700197,2026-06-01 12:36:21,,1-14041488171,2026-06-03 13:39:09
1-14032831791,2026-06-01 12:31:29,Manual,Sales Coordinator,Oil,KALA Care Global LLP - Pune,420435,KALA Care Global LLP - Kalaburagi,420435_13,Oil,Engine Oil Service.,Sales Coordinator,Quotation Submitted,1-63XZ0QZ,SITARA GRAND BOARDING AND LODGING,ZO_West (CS),,4R810ETA4G1,58.5,,Rani Barate,Q420435132700198,2026-06-16 12:42:35,,,
1-14032849551,2026-06-01 12:32:34,Manual,Sales Coordinator,BD Spares,KALA Care Global LLP - Pune,420435,KALA Care Global LLP - Belagavi,420435_9,BD Spares,SPARES REQUIRED,Sales Coordinator,Invoiced Generated,1-3N3AI1O,GURU RAGHAVENDRA TRADERS,ZO_West (CS),,,,,VIDYA DHABALI,Q420435092700344,2026-06-01 12:35:51,,1-14032873671,2026-06-01 12:36:46
1-14032914627,2026-06-01 12:44:25,Manual,Sales Coordinator,Oil,KALA Care Global LLP - Pune,420435,KALA Care Global LLP - Kalaburagi,420435_13,Oil,Engine Oil Service.,Sales Coordinator,Quotation Submitted,1-5W873K9,Compassion Charitable Trust,ZO_West (CS),,4R810ETA4G1,58.5,,Rani Barate,Q420435132700199,2026-06-16 12:47:52,,,
1-14032914964,2026-06-01 12:50:27,Manual,Sales Coordinator,Oil,KALA Care Global LLP - Pune,420435,KALA Care Global LLP - Kalaburagi,420435_13,Oil,Engine Oil Service,Sales Coordinator,Quotation Submitted,1-34VDNSS,KIRAN UDYOG PVT LTD,ZO_West (CS),,4R810TA G1,62.5,,Rani Barate,Q420435132700200,2026-06-16 12:45:05,,,
1-14033042248,2026-06-01 13:52:14,eFSR,Service Engineer,Others/Remarks,KALA Care Global LLP - Pune,420435,KALA Care Global LLP - Nanded,420435_4,Others/Remarks,Amc bandhan is requi,Sales Coordinator,Does Not Qualify,1-4VWBMZI,Varsha Petroleum,ZO_West (CS),213410588,3R550NA G1,15,SAGARPARDESHI,Jyoti Mangesh,,,,,
1-14033042248,2026-06-01 13:52:14,eFSR,Service Engineer,Others/Remarks,KALA Care Global LLP - Pune,420435,KALA Care Global LLP - Nanded,420435_4,Service AMC/Bandhan/Anubandhan,Amc bandhan is requi,Sales Coordinator,Does Not Qualify,1-4VWBMZI,Varsha Petroleum,ZO_West (CS),213410588,3R550NA G1,15,SAGARPARDESHI,Jyoti Mangesh,,,,,
1-14033154131,2026-06-01 13:22:55,Manual,Sales Coordinator,Oil,KALA Care Global LLP - Pune,420435,KALA Care Global LLP - Kalaburagi,420435_13,Oil,Engine Oil Service.,Sales Coordinator,Quotation Submitted,1-5NCXT3B,PRN Infratech Private Limited,ZO_West (CS),,4R810,,,Rani Barate,Q420435132700201,2026-06-01 13:26:11,,,
1-14033363331,2026-06-01 13:35:14,Manual,Sales Coordinator,Oil,KALA Care Global LLP - Pune,420435,KALA Care Global LLP - Kalaburagi,420435_13,Oil,OIL SERVICE,Sales Coordinator,Converted,1-4F06AX3,MOHAMMED RAFEEQ,ZO_West (CS),,,,,Rani Barate,Q420435132700202,2026-06-01 13:51:10,,1-14033305921,2026-06-01 13:53:12
1-14033678321,2026-06-01 13:57:26,Manual,Sales Coordinator,Oil,KALA Care Global LLP - Pune,420435,KALA Care Global LLP - Kalaburagi,420435_13,Oil,Engine Oil Service,Sales Coordinator,Quotation Submitted,1-4S1SET2,M/S VASU READY MIX  CONCRETE,ZO_West (CS),,HA494,,,Rani Barate,Q420435132700203,2026-06-13 11:44:58,,,
1-14033678625,2026-06-01 14:08:02,Manual,Sales Coordinator,Oil,KALA Care Global LLP - Pune,420435,KALA Care Global LLP - Kalaburagi,420435_13,Oil,Engine Oil Service.,Sales Coordinator,Quotation Submitted,1-4S1SET2,M/S VASU READY MIX  CONCRETE,ZO_West (CS),,HA494,,,Rani Barate,Q420435132700205,2026-06-13 11:47:13,,,
1-14033802432,2026-06-01 14:13:16,Manual,Sales Coordinator,Oil,KALA Care Global LLP - Pune,420435,KALA Care Global LLP - Kalaburagi,420435_13,Oil,Engine Oil Service.,Sales Coordinator,Quotation Submitted,1-3V14J5K,Sidram Biradar Contractor,ZO_West (CS),,HA494,,,Rani Barate,Q420435132700206,2026-06-01 14:16:00,,,
1-14033802804,2026-06-01 14:18:56,Manual,Sales Coordinator,Oil,KALA Care Global LLP - Pune,420435,KALA Care Global LLP - Kalaburagi,420435_13,Oil,Engine Oil Service.,Sales Coordinator,Quotation Submitted,1-3V14J5K,Sidram Biradar Contractor,ZO_West (CS),,HA494,,,Rani Barate,Q420435132700207,2026-06-01 14:21:29,,,
1-14033803074,2026-06-01 14:22:20,Manual,Sales Coordinator,Oil,KALA Care Global LLP - Pune,420435,KALA Care Global LLP - Kalaburagi,420435_13,Oil,Engine Oil Service.,Sales Coordinator,Quotation Submitted,1-3V14J5K,Sidram Biradar Contractor,ZO_West (CS),,HA494,,,Rani Barate,Q420435132700209,2026-06-01 14:26:39,,,
1-14033946551,2026-06-01 14:32:15,Manual,Sales Coordinator,Diesel Exhaust Fluid,KALA Care Global LLP - Pune,420435,KALA Care Global LLP - Aurangabad,420435_1,Diesel Exhaust Fluid,Diesel Exhaust Fluid,Sales Coordinator,Order/SR Cancelled,1-6BXJA8F,MGM UNIVERSITY,ZO_West (CS),,DV12ETA 4G2,750,,Rani Barate,Q420435012700372,2026-06-01 15:07:39,,,
1-14033954213,2026-06-01 14:49:59,Manual,Sales Coordinator,Oil,KALA Care Global LLP - Pune,420435,KALA Care Global LLP - Kalaburagi,420435_13,Oil,Engine Oil Service,Sales Coordinator,Quotation Submitted,1-6FR7FFS,GOEL CONSTRUCTION COMPANY LIMITED.,ZO_West (CS),,HA494,,,Rani Barate,Q420435132700212,2026-06-01 14:55:28,,,
1-14033954253,2026-06-01 14:51:15,Manual,Sales Coordinator,Oil,KALA Care Global LLP - Pune,420435,KALA Care Global LLP - Kalaburagi,420435_13,Oil,oil service,Sales Coordinator,Quotation Submitted,1-6FR7FFS,GOEL CONSTRUCTION COMPANY LIMITED.,ZO_West (CS),,HA494,,,Rani Barate,Q420435132700213,2026-06-01 14:57:43,,,
1-14033954273,2026-06-01 14:52:36,Manual,Sales Coordinator,Oil,KALA Care Global LLP - Pune,420435,KALA Care Global LLP - Kalaburagi,420435_13,Oil,Oil service,Sales Coordinator,Quotation Submitted,1-6FR7FFS,GOEL CONSTRUCTION COMPANY LIMITED.,ZO_West (CS),,HA494,,,Rani Barate,Q420435132700214,2026-06-16 17:32:32,,,
1-14033988301,2026-06-01 14:32:20,Manual,Sales Coordinator,Oil,KALA Care Global LLP - Pune,420435,KALA Care Global LLP - Kalaburagi,420435_13,Oil,Engine Oil Service.,Sales Coordinator,Quotation Submitted,1-6EA7NNV,M/s .SMC Projects,ZO_West (CS),,HA694,,,Rani Barate,Q420435132700210,2026-06-01 14:35:39,,,
1-14033988883,2026-06-01 14:37:19,Manual,Sales Coordinator,Oil,KALA Care Global LLP - Pune,420435,KALA Care Global LLP - Kalaburagi,420435_13,Oil,Engine Oil Service,Sales Coordinator,Quotation Submitted,1-6EP3FW9,Lahoti Industries,ZO_West (CS),,HA694,,,Rani Barate,Q420435132700211,2026-06-16 17:34:19,,,
1-14034090301,2026-06-01 14:44:21,Manual,Sales Coordinator,Others/Remarks,KALA Care Global LLP - Pune,420435,KALA Care Global LLP - Belagavi,420435_9,Others/Remarks,parts required,Sales Coordinator,Invoiced Generated,1-5LO9544,ISHA HYDRO POWER,ZO_West (CS),,,,,VIDYA DHABALI,Q420435092700347,2026-06-01 14:50:08,,1-14034163301,2026-06-01 14:52:44
1-14034144311,2026-06-01 14:50:24,Manual,Sales Coordinator,Oil,KALA Care Global LLP - Pune,420435,KALA Care Global LLP - Ahmednagar,420435_2,Oil,OIL BARREL 210 LTR,Sales Coordinator,Quotation Submitted,1-5S6A0KL,JYOTI GENERATORS,ZO_West (CS),,,,,Rani Barate,Q420435022700365,2026-06-05 10:35:36,,,
1-14034177914,2026-06-01 15:04:00,Manual,Sales Coordinator,Oil,KALA Care Global LLP - Pune,420435,KALA Care Global LLP - Kalaburagi,420435_13,Oil,Engine Oil Service,Sales Coordinator,Converted,1-3QFSMLT,BALAJI CONSTRUCTION,ZO_West (CS),,4R 1040 (LTK no. X861002330),,,Rani Barate,Q420435132700215,2026-06-22 13:30:19,,213282614,2026-06-24 10:51:55
1-14034226832,2026-06-01 15:10:16,Manual,Sales Coordinator,Oil,KALA Care Global LLP - Pune,420435,KALA Care Global LLP - Kalaburagi,420435_13,Oil,Engine Oil Service,Sales Coordinator,Quotation Submitted,1-2UFHMSR,SANTOSH LAHOTI CONTRACTOR,ZO_West (CS),,4R1040NA,,,Rani Barate,Q420435132700216,2026-06-01 15:13:24,,,
1-14034227257,2026-06-01 15:15:18,Manual,Sales Coordinator,Oil,KALA Care Global LLP - Pune,420435,KALA Care Global LLP - Kalaburagi,420435_13,Oil,Engine Oil Service,Sales Coordinator,Quotation Submitted,1-6EG26U8,MS Srinivas Khoba-Shyam Construction,ZO_West (CS),,4R1040T5,,,Rani Barate,Q420435132700217,2026-06-01 15:18:12,,,
1-14034272301,2026-06-01 15:14:44,Manual,Sales Coordinator,Oil,KALA Care Global LLP - Pune,420435,KALA Care Global LLP - Kalaburagi,420435_13,Oil,OIL SERVICE,Sales Coordinator,Converted,1-3XRXE5D,Naganna Sjjan Shetty,ZO_West (CS),,,,,Rani Barate,Q420435132700218,2026-06-01 15:24:05,,1-14034240041,2026-06-01 15:26:53
1-14034287891,2026-06-01 15:24:40,Manual,Sales Coordinator,Oil,KALA Care Global LLP - Pune,420435,KALA Care Global LLP - Kalaburagi,420435_13,Oil,Engine Oil Service.,Sales Coordinator,Quotation Submitted,1-42FAUJA,"Mr. RAJKUMAR P SALGARE.,",ZO_West (CS),,4R1190,,,Rani Barate,Q420435132700219,2026-06-01 15:29:19,,,
1-14034327831,2026-06-01 15:34:26,Manual,Sales Coordinator,Oil,KALA Care Global LLP - Pune,420435,KALA Care Global LLP - Kalaburagi,420435_13,Oil,Engine Oil Service.,Sales Coordinator,Qualifying,1-66MMH1X,R P Infra Pvt Ltd,ZO_West (CS),,4R1190,,,Rani Barate,Q420435132700220,2026-06-01 15:38:19,,,
1-14034374551,2026-06-01 15:48:28,Manual,Sales Coordinator,Oil,KALA Care Global LLP - Pune,420435,KALA Care Global LLP - Kalaburagi,420435_13,Oil,Engine Oil Service,Sales Coordinator,Converted,1-43BKK18,RAJESHBHAI NAGJIBHAI NAROLA,ZO_West (CS),,4R1190,,,Rani Barate,Q420435132700221,2026-06-17 13:00:03,,212888194,2026-06-19 11:13:00
1-14034530341,2026-06-01 16:06:35,Manual,Sales Coordinator,Others/Remarks,KALA Care Global LLP - Pune,420435,KALA Care Global LLP - Belagavi,420435_9,BD Spares,SPARES REQUIRED,Sales Coordinator,Invoiced Generated,1-6AJ81YA,AEROLIA INTERNATIONAL,ZO_West (CS),,,,,VIDYA DHABALI,Q420435092700348,2026-06-02 14:02:48,,1-14067209671,2026-06-11 10:09:06
1-14034530441,2026-06-01 16:09:23,Manual,Sales Coordinator,BD Spares,KALA Care Global LLP - Pune,420435,KALA Care Global LLP - Belagavi,420435_9,BD Spares,PARTS REQUIRED,Sales Coordinator,Invoiced Generated,1-3N3AI1O,GURU RAGHAVENDRA TRADERS,ZO_West (CS),,,,,VIDYA DHABALI,Q420435092700349,2026-06-01 16:12:10,,1-14034515991,2026-06-01 16:12:39
1-14034791301,2026-06-01 16:36:16,Manual,Sales Coordinator,Oil,KALA Care Global LLP - Pune,420435,KALA Care Global LLP - Kalaburagi,420435_13,Oil,Engine Oil Service.,Sales Coordinator,Qualifying,1-62HK8HZ,Shivaji Vitthal Pawar,ZO_West (CS),,4R810,,,Rani Barate,Q420435132700222,2026-06-01 16:39:55,,,
1-14034791750,2026-06-01 16:41:33,Manual,Sales Coordinator,Oil,KALA Care Global LLP - Pune,420435,KALA Care Global LLP - Kalaburagi,420435_13,Oil,Engine Oil Service.,Sales Coordinator,Quotation Submitted,1-66JN1UC,SABANNA,ZO_West (CS),,4R810,,,Rani Barate,Q420435132700223,2026-06-01 16:44:56,,,
1-14035230690,2026-06-01 19:09:45,eFSR,Service Engineer,Others/Remarks,KALA Care Global LLP - Pune,420435,KALA Care Global LLP - Ahmednagar,420435_2,Others/Remarks,Servicing required.,Sales Coordinator,New,1-5RBI4TU,Elevar Digitel Infrastructure Pvt Ltd.,ZO_West (CS),213529212,3R550ETA 4G1,25,RUSHIKESHMAGAR,,,,,,
1-14035230945,2026-06-01 22:38:54,eFSR,Service Engineer,Others/Remarks,KALA Care Global LLP - Pune,420435,KALA Care Global LLP - Hospet,420435_10,Others/Remarks,Not required,Sales Coordinator,Does Not Qualify,1-5LJVNYQ,Ganga Yamuna Souharda Sahakari Sangha Niyamita,ZO_West (CS),213523758,3R550NA 4G1,10,MDAsifMDAsif,B Sneha Ballari,,,,,
1-14035251381,2026-06-01 17:58:38,Manual,Sales Coordinator,Oil,KALA Care Global LLP - Pune,420435,KALA Care Global LLP - Kalaburagi,420435_13,Oil,ENGINE OIL SERVICE,Sales Coordinator,Converted,1-6FV3WXE,HARILAL T,ZO_West (CS),,4R810,,,Rani Barate,Q420435132700225,2026-06-01 18:22:16,,213513527,2026-06-02 10:51:33
1-14035271831,2026-06-01 18:22:37,Manual,Sales Coordinator,BD Spares,KALA Care Global LLP - Pune,420435,KALA Care Global LLP - Kalaburagi,420435_13,BD Spares,BD SPARES,Sales Coordinator,Converted,1-3CW7OUU,MOHD. IQBAL ZARDI,ZO_West (CS),,,,,Rani Barate,Q420435132700226,2026-06-01 18:31:58,,1-14035370401,2026-06-01 18:33:07
1-14035389675,2026-06-01 22:56:14,eFSR,Service Engineer,Others/Remarks,KALA Care Global LLP - Pune,420435,KALA Care Global LLP - Hospet,420435_10,Others/Remarks,Need oil service mat,Sales Coordinator,Converted,1-5HZ2B4E,NAGARAJU CONTRACTOR,ZO_West (CS),213529635,Engines,,MDAsifMDAsif,B Sneha Ballari,Q420435102700350,2026-06-02 16:14:52,,213001530,2026-06-01 12:08:30
1-14035390093,2026-06-02 08:56:23,eFSR,Service Engineer,Others/Remarks,KALA Care Global LLP - Pune,420435,KALA Care Global LLP - Hospet,420435_10,Others/Remarks,AMC required,Sales Coordinator,Does Not Qualify,1-5XORR1T,Deptuy Director Karnataka,ZO_West (CS),213530100,4R810TA G1,62.5,MOHAMEED ABDULLAHMOHAMMED,B Sneha Ballari,,,,,
1-14035390093,2026-06-02 08:56:23,eFSR,Service Engineer,Others/Remarks,KALA Care Global LLP - Pune,420435,KALA Care Global LLP - Hospet,420435_10,Service AMC/Bandhan/Anubandhan,AMC required,Sales Coordinator,Does Not Qualify,1-5XORR1T,Deptuy Director Karnataka,ZO_West (CS),213530100,4R810TA G1,62.5,MOHAMEED ABDULLAHMOHAMMED,B Sneha Ballari,,,,,
1-14035405301,2026-06-01 18:38:18,Manual,Sales Coordinator,Allied Oil,KALA Care Global LLP - Pune,420435,KALA Care Global LLP - Kalaburagi,420435_13,Allied Oil,Allied Oil,Sales Coordinator,Converted,1-60NYELK,Shree Shyam Hospitality,ZO_West (CS),,4R1190ETA 4G1,82.5,,Rani Barate,Q420435132700227,2026-06-01 18:41:16,,1-14035273121,2026-06-01 18:41:47
1-14036633351,2026-06-02 10:49:54,Manual,Sales Coordinator,Oil,KALA Care Global LLP - Pune,420435,KALA Care Global LLP - Belagavi,420435_9,Oil,OIL REQUIRED,Sales Coordinator,Invoiced Generated,1-5LO9544,ISHA HYDRO POWER,ZO_West (CS),,,,,VIDYA DHABALI,Q420435092700351,2026-06-02 11:11:49,,1-14036708096,2026-06-02 11:17:01
1-14036708531,2026-06-02 11:07:50,Manual,Sales Coordinator,Oil,KALA Care Global LLP - Pune,420435,KALA Care Global LLP - Aurangabad,420435_1,Oil,OIL,Sales Coordinator,Invoiced Generated,1-34QAMLA,SWAPNIL ASHOK SABLE,ZO_West (CS),,,,,B Sneha Ballari,Q420435012700374,2026-06-02 11:16:30,2026-06-02 11:18:53,1-14036778301,2026-06-02 11:20:41
1-14036778411,2026-06-02 11:22:54,Manual,Sales Coordinator,Diesel Exhaust Fluid,KALA Care Global LLP - Pune,420435,KALA Care Global LLP - Aurangabad,420435_1,Diesel Exhaust Fluid,PM,Sales Coordinator,Not Converted,1-5XZCLBT,STAR CONSTRUCTION COMPANY,ZO_West (CS),,HA494,,,Rani Barate,Q420435012700375,2026-06-03 10:10:11,,,
1-14036786751,2026-06-02 11:28:19,Manual,Sales Coordinator,Oil,KALA Care Global LLP - Pune,420435,KALA Care Global LLP - Aurangabad,420435_1,Oil,OIL,Sales Coordinator,Invoiced Generated,1-35O6X5U,KAUSHALYA CONSTRUCTION,ZO_West (CS),,,,,B Sneha Ballari,Q420435012700376,2026-06-02 11:32:41,,1-14036837361,2026-06-02 11:33:44
1-14036850392,2026-06-02 11:36:48,Manual,Sales Coordinator,Others/Remarks,KALA Care Global LLP - Pune,420435,KALA Care Global LLP - Ahmednagar,420435_2,Others/Remarks,crankcase required,Sales Coordinator,Quotation Submitted,1-4TNL44H,RRSM INFRA PRIVATE LIMITED,ZO_West (CS),,,,,Rani Barate,Q420435022700368,2026-06-02 12:46:49,,,
1-14036871661,2026-06-02 11:50:42,Manual,Sales Coordinator,Others/Remarks,KALA Care Global LLP - Pune,420435,KALA Care Global LLP - Aurangabad,420435_1,Others/Remarks,SPARE,Sales Coordinator,Invoiced Generated,1-3FZWADI,KH CONSTRUCTION,ZO_West (CS),,,,,B Sneha Ballari,Q420435012700390,2026-06-03 11:37:03,,1-14041006301,2026-06-03 11:39:35
1-14036871911,2026-06-02 11:53:54,Manual,Sales Coordinator,Others/Remarks,KALA Care Global LLP - Pune,420435,KALA Care Global LLP - Aurangabad,420435_1,Others/Remarks,OIL,Sales Coordinator,Invoiced Generated,1-3QQJCQJ,BADRILAL GHASHIRAM CHOUDHARY,ZO_West (CS),,,,,B Sneha Ballari,Q420435012700378,2026-06-02 11:58:28,,1-14036922151,2026-06-02 12:03:42
1-14037114301,2026-06-02 12:24:16,Manual,Sales Coordinator,Oil,KALA Care Global LLP - Pune,420435,KALA Care Global LLP - Vijayapura,420435_14,Oil,B CHECK WITH ENGINE OIL SERVICE,Sales Coordinator,Converted,1-5Y13GA5,Shree Vagdevi Seva Samithi,ZO_West (CS),,3R1190ENA 4G1,30,,Rani Barate,Q420435142700110,2026-06-02 12:36:35,,212223873,2026-06-29 12:02:16
1-14037125371,2026-06-02 12:27:18,Manual,Sales Coordinator,Oil,KALA Care Global LLP - Pune,420435,KALA Care Global LLP - Kalaburagi,420435_13,Oil,Engine Oil Service,Sales Coordinator,Converted,1-4B703FS,PRATEEK PETROLEUM,ZO_West (CS),,3R550NA G1,15,,Rani Barate,Q420435132700228,2026-06-02 12:33:07,,213129932,2026-06-03 11:03:06
1-14037313671,2026-06-02 12:47:51,Manual,Sales Coordinator,Paid Services -PM,KALA Care Global LLP - Pune,420435,KALA Care Global LLP - Vijayapura,420435_14,Paid Services -PM,engine oil service and error code,Sales Coordinator,Converted,1-445E68C,PRABHUGOUDA SANGANAGOUDA PATIL,ZO_West (CS),,Engines,,,Rani Barate,Q420435142700111,2026-06-19 11:21:13,,213570421,2026-06-11 17:01:40
1-14037340275,2026-06-02 12:49:02,Manual,Sales Coordinator,Others/Remarks,KALA Care Global LLP - Pune,420435,KALA Care Global LLP - Ahmednagar,420435_2,Others/Remarks,ENGINE OVERHAULING SPARES,Sales Coordinator,Invoiced Generated,1-1JBGFD9,Prakash Kharat,ZO_West (CS),,,,,Rani Barate,Q420435022700369,2026-06-02 13:23:38,,1-14053119041,2026-06-06 15:13:37
1-14037346301,2026-06-02 12:43:49,Manual,Sales Coordinator,Oil,KALA Care Global LLP - Pune,420435,KALA Care Global LLP - Kalaburagi,420435_13,Oil,Engine Oil Service,Sales Coordinator,Converted,1-5O79YG8,MD INFRA,ZO_West (CS),,4R810T,,,Rani Barate,Q420435132700229,2026-06-02 12:51:35,,213535131,2026-06-02 12:58:52
1-14037479191,2026-06-02 13:17:50,Manual,Sales Coordinator,Oil,KALA Care Global LLP - Pune,420435,KALA Care Global LLP - Kalaburagi,420435_13,Oil,Engine Oil Service,Sales Coordinator,Quotation Submitted,1-3QGM7HS,APOORVA CONSTRUCTION CO,ZO_West (CS),,4R1040TA4,,,Rani Barate,Q420435132700230,2026-06-02 13:24:25,,,
1-14037550731,2026-06-02 13:23:30,Manual,Sales Coordinator,BD Spares,KALA Care Global LLP - Pune,420435,KALA Care Global LLP - Kalaburagi,420435_13,BD Spares,BD SPARES,Sales Coordinator,Converted,1-3J5HH8H,GOUSE GENERATOR SERVICE,ZO_West (CS),,,,,Rani Barate,Q420435132700231,2026-06-02 13:36:32,,1-14037588941,2026-06-02 13:42:06
1-14037581763,2026-06-02 13:44:08,eFSR,Service Engineer,Others/Remarks,KALA Care Global LLP - Pune,420435,KALA Care Global LLP - Belagavi,420435_9,BD Spares,Cantactor,Sales Coordinator,Not Converted,1-5K5QVF9,Dr. Apte Nursing Home,ZO_West (CS),213520182,3R1040T G1,25,PRASHANTPATIL,VIDYA DHABALI,Q420435092700403,2026-06-17 17:24:30,,,
1-14037581763,2026-06-02 13:44:08,eFSR,Service Engineer,Others/Remarks,KALA Care Global LLP - Pune,420435,KALA Care Global LLP - Belagavi,420435_9,Others/Remarks,Oil service required,Sales Coordinator,Not Converted,1-5K5QVF9,Dr. Apte Nursing Home,ZO_West (CS),213520182,3R1040T G1,25,PRASHANTPATIL,VIDYA DHABALI,Q420435092700403,2026-06-17 17:24:30,,,
1-14037586681,2026-06-02 13:47:09,Manual,Sales Coordinator,Oil,KALA Care Global LLP - Pune,420435,KALA Care Global LLP - Vijayapura,420435_14,Oil,b check with engine oil service,Sales Coordinator,Converted,1-4I4Q5UT,Mr. KUMARGOUD MALLIKARJUNGOUD PATIL,ZO_West (CS),,4R810,,,Rani Barate,Q420435142700112,2026-06-02 13:53:02,,,
1-14037699719,2026-06-02 14:26:18,eFSR,Service Engineer,BD Spares,KALA Care Global LLP - Pune,420435,KALA Care Global LLP - Hospet,420435_10,BD Spares,Oil both,Service Coordinator,Invoiced Generated,1-3X4CHPK,M/S GAVISHREE CEMENT WORKS,ZO_West (CS),213535018,HA494,,MOHAMMED JAFERKALUR,B Sneha Ballari,Q420435102700349,2026-06-02 15:53:03,,1-14038383301,2026-06-02 15:55:34
1-14038412995,2026-06-02 16:29:47,eFSR,Service Engineer,Coolant Change,KALA Care Global LLP - Pune,420435,KALA Care Global LLP - Ahmednagar,420435_2,Coolant Change,Required,Sales Coordinator,New,1-620HAEW,Shinde Padurang Suresh,ZO_West (CS),212479877,4R1190,,RUSHIKESHMAGAR,Rani Barate,,,,,
1-14038633601,2026-06-02 16:48:47,Manual,Sales Coordinator,Others/Remarks,KALA Care Global LLP - Pune,420435,KALA Care Global LLP - Ahmednagar,420435_2,Others/Remarks,OIL SUMP,Sales Coordinator,Invoiced Generated,1-6G5KWZ2,ADITYA HARIBHAU GARUD,ZO_West (CS),,,,,Rani Barate,Q420435022700371,2026-06-02 16:58:33,,1-14038693741,2026-06-02 16:59:45
1-14038674321,2026-06-02 16:50:14,Manual,Sales Coordinator,Others/Remarks,KALA Care Global LLP - Pune,420435,KALA Care Global LLP - Belagavi,420435_9,Others/Remarks,WATER PUMP REQUIRED,Sales Coordinator,Invoiced Generated,1-5MR2PYD,M/s. Megha Engineering & Infrastructures Limited,ZO_West (CS),,,,,VIDYA DHABALI,Q420435092700352,2026-06-02 16:53:44,,1-14045201841,2026-06-04 13:20:57
1-14038690341,2026-06-02 16:54:57,Manual,Sales Coordinator,Allied Oil,KALA Care Global LLP - Pune,420435,KALA Care Global LLP - Aurangabad,420435_1,Allied Oil,ALLIED OIL,Sales Coordinator,Invoiced Generated,1-35O6X5U,KAUSHALYA CONSTRUCTION,ZO_West (CS),,,,,B Sneha Ballari,Q420435012700386,2026-06-02 17:15:31,2026-06-02 17:16:25,1-14038807501,2026-06-02 17:17:01
1-14038873758,2026-06-02 18:33:02,eFSR,Service Engineer,Oil,KALA Care Global LLP - Pune,420435,KALA Care Global LLP - Hospet,420435_10,Oil,OIL service requirem,Sales Coordinator,Quotation Submitted,1-4FEG54I,MAHALEKSHMI POWER UNIT,ZO_West (CS),213534420,3R1040T G1,25,Krishna kumarG,B Sneha Ballari,Q420435102700356,2026-06-04 16:14:10,,,
1-14038887581,2026-06-02 17:31:15,Manual,Sales Coordinator,BD Spares,KALA Care Global LLP - Pune,420435,KALA Care Global LLP - Kalaburagi,420435_13,BD Spares,Belt,Sales Coordinator,Quotation Submitted,1-60F1CJZ,M/s RHC Constructions,ZO_West (CS),,HA494,,,Rani Barate,Q420435132700232,2026-06-02 18:05:00,,,
1-14039024946,2026-06-02 18:09:47,Manual,Sales Coordinator,,KALA Care Global LLP - Pune,420435,KALA Care Global LLP - Kalaburagi,420435_13,Oil,Engine Oil Service.,Sales Coordinator,In Progress,,,ZO_West (CS),,,,,,,,,,
1-14039559601,2026-06-02 21:18:06,eFSR,Service Engineer,BD Spares,KALA Care Global LLP - Pune,420435,KALA Care Global LLP - Hospet,420435_10,BD Spares,Air filter assembly,Service Coordinator,Invoiced Generated,1-3592VWT,MASOOR VEER HILAL,ZO_West (CS),213536583,4R810T,,Parashuram GGouripurada,B Sneha Ballari,Q420435102700355,2026-06-04 15:56:39,,1-14045951121,2026-06-04 15:57:55
1-14040470461,2026-06-03 10:16:05,Manual,Sales Coordinator,,KALA Care Global LLP - Pune,420435,KALA Care Global LLP - Aurangabad,420435_1,BD Spares,WATER PUMP,Sales Coordinator,Quotation Approved,1-1A8L4FL,"DESHMUKH & COMPANY,",ZO_West (CS),,4R1040TA2,,,Rani Barate,Q420435012700388,2026-06-03 10:24:39,2026-06-03 11:38:06,,
1-14040474723,2026-06-03 10:11:34,Manual,Sales Coordinator,Paid Services -PM,KALA Care Global LLP - Pune,420435,KALA Care Global LLP - Aurangabad,420435_1,Paid Services -PM,PM,Sales Coordinator,Invoiced Generated,1-5XZCLBT,STAR CONSTRUCTION COMPANY,ZO_West (CS),,,,,B Sneha Ballari,Q420435012700387,2026-06-03 10:18:14,2026-06-03 10:19:55,1-14040522301,2026-06-03 10:21:24
1-14040542321,2026-06-03 10:26:06,Manual,Sales Coordinator,,KALA Care Global LLP - Pune,420435,KALA Care Global LLP - Ahmednagar,420435_2,,,Sales Coordinator,In Progress,,,ZO_West (CS),,,,,,,,,,
1-14040601411,2026-06-03 10:45:14,Manual,Sales Coordinator,Oil,KALA Care Global LLP - Pune,420435,KALA Care Global LLP - Belagavi,420435_9,Oil,OIL REQUIRED,Sales Coordinator,Invoiced Generated,1-2NR8VV,Deshpande industries,ZO_West (CS),,,,,VIDYA DHABALI,Q420435092700360,2026-06-04 11:45:53,,1-14044940431,2026-06-04 12:43:44
1-14040690351,2026-06-03 10:58:18,Manual,Sales Coordinator,Others/Remarks,KALA Care Global LLP - Pune,420435,KALA Care Global LLP - Belagavi,420435_9,Others/Remarks,PARTS REQUIRED,Sales Coordinator,Invoiced Generated,1-3N3AI1O,GURU RAGHAVENDRA TRADERS,ZO_West (CS),,,,,VIDYA DHABALI,Q420435092700361,2026-06-03 11:03:19,,1-14040657991,2026-06-03 11:04:06
1-14040725532,2026-06-03 11:06:53,Manual,Sales Coordinator,,KALA Care Global LLP - Pune,420435,KALA Care Global LLP - Ahmednagar,420435_2,,,Sales Coordinator,In Progress,,,ZO_West (CS),,,,,,,,,,
1-14041241601,2026-06-03 12:32:02,Manual,Sales Coordinator,Oil,KALA Care Global LLP - Pune,420435,KALA Care Global LLP - Kalaburagi,420435_13,Oil,Engine Oil Service.,Sales Coordinator,Quotation Submitted,1-2IGZK6J,ULTRATECH CEMENT LTD.,ZO_West (CS),,DV10,500,,Rani Barate,Q420435132700234,2026-06-03 18:37:40,,,
1-14041368353,2026-06-03 13:02:42,eFSR,Service Engineer,Others/Remarks,KALA Care Global LLP - Pune,420435,KALA Care Global LLP - Belagavi,420435_9,Oil,Oil service required,Sales Coordinator,Not Converted,1-3S3MY78,JOS ALUKKAS INDIA PRIVATE LIMITED,ZO_West (CS),213539347,4K1080ETA4G1,125.4,SUNILHUMBARWADI,VIDYA DHABALI,Q420435092700375,2026-06-19 15:10:33,,,
1-14041368353,2026-06-03 13:02:42,eFSR,Service Engineer,Others/Remarks,KALA Care Global LLP - Pune,420435,KALA Care Global LLP - Belagavi,420435_9,Others/Remarks,Bandhan requirement,Sales Coordinator,Not Converted,1-3S3MY78,JOS ALUKKAS INDIA PRIVATE LIMITED,ZO_West (CS),213539347,4K1080ETA4G1,125.4,SUNILHUMBARWADI,VIDYA DHABALI,Q420435092700375,2026-06-19 15:10:33,,,
1-14041368353,2026-06-03 13:02:42,eFSR,Service Engineer,Others/Remarks,KALA Care Global LLP - Pune,420435,KALA Care Global LLP - Belagavi,420435_9,Service AMC/Bandhan/Anubandhan,Bandhan requirement,Sales Coordinator,Not Converted,1-3S3MY78,JOS ALUKKAS INDIA PRIVATE LIMITED,ZO_West (CS),213539347,4K1080ETA4G1,125.4,SUNILHUMBARWADI,VIDYA DHABALI,Q420435092700375,2026-06-19 15:10:33,,,
1-14041390075,2026-06-03 13:40:51,eFSR,Service Engineer,Oil,KALA Care Global LLP - Pune,420435,KALA Care Global LLP - Ahmednagar,420435_2,BD Spares,Fuel filter oil filt,Sales Coordinator,New,1-3U8YXQA,The Cosmos Co-Operative Bank Ltd,ZO_West (CS),213513728,HA394,25,ALSIFSHAIKH,,,,,,
1-14041390075,2026-06-03 13:40:51,eFSR,Service Engineer,Oil,KALA Care Global LLP - Pune,420435,KALA Care Global LLP - Ahmednagar,420435_2,Oil,15w40 oil kirloskar,Sales Coordinator,New,1-3U8YXQA,The Cosmos Co-Operative Bank Ltd,ZO_West (CS),213513728,HA394,25,ALSIFSHAIKH,,,,,,
1-14041547226,2026-06-03 14:42:48,eFSR,Service Engineer,Others/Remarks,KALA Care Global LLP - Pune,420435,KALA Care Global LLP - Latur,420435_6,Others/Remarks,Disel filtar to fip,Sales Coordinator,New,1-4MW46B,IDBI BANK LTD.,ZO_West (CS),213516378,EA16 G1,10,MAHALINGPATIL,,,,,,
1-14041610580,2026-06-03 14:25:47,eFSR,Service Engineer,Oil,KALA Care Global LLP - Pune,420435,KALA Care Global LLP - Babhleshwar,420435_5,Oil,500 hours complete,Sales Coordinator,New,1-C8CVO9,G.S.Kote Patil Enterprises Pvt. Ltd.,ZO_West (CS),213506946,4K1080TA G2,125,SACHINPATHARE,,,,,,
1-14041613621,2026-06-03 14:05:14,Manual,Sales Coordinator,Overhauling,KALA Care Global LLP - Pune,420435,KALA Care Global LLP - Kalaburagi,420435_13,Overhauling,Overhauling,Sales Coordinator,Converted,1-3N86MMF,GANGA ENGINEERING WORKS,ZO_West (CS),,,,,Rani Barate,Q420435132700235,2026-06-03 14:43:31,,1-14046794921,2026-06-04 18:33:06
1-14042014704,2026-06-03 15:26:20,eFSR,Service Engineer,Others/Remarks,KALA Care Global LLP - Pune,420435,KALA Care Global LLP - Hospet,420435_10,Others/Remarks,Customer need lube o,Sales Coordinator,Invoiced Generated,1-3O7ZVDF,MSPL Limited,ZO_West (CS),213540115,3R1040T G1,35,JilanShekshavali,B Sneha Ballari,Q420435102700353,2026-06-03 16:04:23,,1-14042392371,2026-06-03 16:19:59
1-14042023081,2026-06-03 15:29:16,Manual,Sales Coordinator,Others/Remarks,KALA Care Global LLP - Pune,420435,KALA Care Global LLP - Hubli,420435_8,Others/Remarks,CONSUMABLES,Sales Coordinator,Invoiced Generated,1-5YQ6SWO,D.Y Uppar & Co,ZO_West (CS),,,,,NIKITA HIREMATH,Q420435082700258,2026-06-03 15:37:08,2026-06-03 15:37:22,1-14042175331,2026-06-03 15:38:05
1-14042025581,2026-06-03 15:11:59,Manual,Sales Coordinator,Others/Remarks,KALA Care Global LLP - Pune,420435,KALA Care Global LLP - Hubli,420435_8,Others/Remarks,CONSUMABLES,Sales Coordinator,Invoiced Generated,1-5YQ6SWO,D.Y Uppar & Co,ZO_West (CS),,,,,NIKITA HIREMATH,Q420435082700257,2026-06-03 15:16:37,,1-14042087421,2026-06-03 15:22:48
1-14042199683,2026-06-03 16:02:02,eFSR,Service Engineer,Others/Remarks,KALA Care Global LLP - Pune,420435,KALA Care Global LLP - Belagavi,420435_9,Oil,Oil service,Sales Coordinator,Not Converted,1-447HYRX,Shrisagar Hotel,ZO_West (CS),213540029,HA494T,45,SUNILHUMBARWADI,VIDYA DHABALI,Q420435092700367,2026-06-05 10:15:53,,,
1-14042199683,2026-06-03 16:02:02,eFSR,Service Engineer,Others/Remarks,KALA Care Global LLP - Pune,420435,KALA Care Global LLP - Belagavi,420435_9,Others/Remarks,Oil service Bandhan,Sales Coordinator,Not Converted,1-447HYRX,Shrisagar Hotel,ZO_West (CS),213540029,HA494T,45,SUNILHUMBARWADI,VIDYA DHABALI,Q420435092700367,2026-06-05 10:15:53,,,
1-14042199683,2026-06-03 16:02:02,eFSR,Service Engineer,Others/Remarks,KALA Care Global LLP - Pune,420435,KALA Care Global LLP - Belagavi,420435_9,Service AMC/Bandhan/Anubandhan,Bandhan,Sales Coordinator,Not Converted,1-447HYRX,Shrisagar Hotel,ZO_West (CS),213540029,HA494T,45,SUNILHUMBARWADI,VIDYA DHABALI,Q420435092700367,2026-06-05 10:15:53,,,
1-14042230331,2026-06-03 15:52:00,Manual,Sales Coordinator,Others/Remarks,KALA Care Global LLP - Pune,420435,KALA Care Global LLP - Hubli,420435_8,Others/Remarks,CONSUMABLES,Sales Coordinator,Invoiced Generated,1-5YQ6SWO,D.Y Uppar & Co,ZO_West (CS),,,,,NIKITA HIREMATH,Q420435082700259,2026-06-03 15:59:02,,1-14042299311,2026-06-03 16:01:28
1-14042617696,2026-06-03 17:24:47,eFSR,Service Engineer,Battery,KALA Care Global LLP - Pune,420435,KALA Care Global LLP - Hubli,420435_8,Battery,Ok,Sales Coordinator,Does Not Qualify,1-3RJDBNL,Vibhava Marketing Corporation,ZO_West (CS),213537749,4R810TA G1,62.5,KRISHNADASABAL,NIKITA HIREMATH,,,,,
1-14042943801,2026-06-03 17:32:26,Manual,Sales Coordinator,Oil,KALA Care Global LLP - Pune,420435,KALA Care Global LLP - Kalaburagi,420435_13,Oil,Engine Oil Service,Sales Coordinator,Converted,1-3HVU21H,ACCURATE POWERTECH INDIA PVT LTD.,ZO_West (CS),,3R1190ETA 4G1,45,,Rani Barate,Q420435132700237,2026-06-04 10:48:07,,213530527,2026-06-04 11:19:45
1-14043039591,2026-06-03 17:49:41,Manual,Sales Coordinator,Oil,KALA Care Global LLP - Pune,420435,KALA Care Global LLP - Kalaburagi,420435_13,Oil,Engine Oil Service.,Sales Coordinator,Converted,1-3HVU21H,ACCURATE POWERTECH INDIA PVT LTD.,ZO_West (CS),,3R1190ETA 4G1,45,,Rani Barate,Q420435132700238,2026-06-03 17:55:18,,212997646,2026-06-04 15:32:05
1-14043041041,2026-06-03 17:56:09,Manual,Sales Coordinator,BD Spares,KALA Care Global LLP - Pune,420435,KALA Care Global LLP - Kalaburagi,420435_13,BD Spares,BD SPARES,Sales Coordinator,Quotation Submitted,1-2Y04SN5,MADEVALLAPPA,ZO_West (CS),,,,,Rani Barate,Q420435132700239,2026-06-03 18:17:51,,,
1-14043092690,2026-06-03 18:30:41,eFSR,Service Engineer,Service AMC/Bandhan/Anubandhan,KALA Care Global LLP - Pune,420435,KALA Care Global LLP - Vijayapura,420435_14,Service AMC/Bandhan/Anubandhan,Koel Bhandan Plus,Sales Coordinator,New,1-382GUNO,HOTEL  BHAVANI,ZO_West (CS),213536938,4R1040TA G1,82.5,SANGAPPA BANNATTIBANNATTI,,,,,,
1-14043093147,2026-06-03 20:34:47,eFSR,Service Engineer,Overhauling,KALA Care Global LLP - Pune,420435,KALA Care Global LLP - Belagavi,420435_9,Oil,Oil servsing due,Service Coordinator,Quotation Submitted,1-3R0MUVY,"The chief  divisional manager, Indian Oil Corporation Ltd,",ZO_West (CS),213540002,HA694T,70,RAJUTALWAR,VIDYA DHABALI,Q420435092700368,2026-06-06 12:55:16,,,
1-14043093147,2026-06-03 20:34:47,eFSR,Service Engineer,Overhauling,KALA Care Global LLP - Pune,420435,KALA Care Global LLP - Belagavi,420435_9,Overhauling,Required engine over,Service Coordinator,Quotation Submitted,1-3R0MUVY,"The chief  divisional manager, Indian Oil Corporation Ltd,",ZO_West (CS),213540002,HA694T,70,RAJUTALWAR,VIDYA DHABALI,Q420435092700368,2026-06-06 12:55:16,,,
1-14043097982,2026-06-03 23:16:23,eFSR,Service Engineer,Oil,KALA Care Global LLP - Pune,420435,KALA Care Global LLP - Belagavi,420435_9,Coolant Change,Coolant required,Sales Coordinator,Quotation Submitted,1-3R0MUVY,"The chief  divisional manager, Indian Oil Corporation Ltd,",ZO_West (CS),213539989,6SL1500TASR1,180,RAJUTALWAR,VIDYA DHABALI,Q420435092700398,2026-06-10 15:19:06,,,
1-14043097982,2026-06-03 23:16:23,eFSR,Service Engineer,Oil,KALA Care Global LLP - Pune,420435,KALA Care Global LLP - Belagavi,420435_9,Oil,Oil servsing due,Sales Coordinator,Quotation Submitted,1-3R0MUVY,"The chief  divisional manager, Indian Oil Corporation Ltd,",ZO_West (CS),213539989,6SL1500TASR1,180,RAJUTALWAR,VIDYA DHABALI,Q420435092700398,2026-06-10 15:19:06,,,
1-14043926777,2026-06-04 09:27:46,eFSR,Service Engineer,Others/Remarks,KALA Care Global LLP - Pune,420435,KALA Care Global LLP - Ahmednagar,420435_2,Others/Remarks,Door lock required.,Sales Coordinator,New,1-4MW46B,IDBI BANK LTD.,ZO_West (CS),213516360,3R1040T G1,25,RUSHIKESHMAGAR,,,,,,
1-14044713961,2026-06-04 12:12:02,Manual,Sales Coordinator,Others/Remarks,KALA Care Global LLP - Pune,420435,KALA Care Global LLP - Ahmednagar,420435_2,Others/Remarks,fuel pipe required,Sales Coordinator,Quotation Submitted,1-3W2FNE7,NHAI,ZO_West (CS),,HA294 G1,15,,Rani Barate,Q420435022700378,2026-06-04 12:18:51,,,
1-14044822252,2026-06-04 12:56:46,eFSR,Service Engineer,Others/Remarks,KALA Care Global LLP - Pune,420435,KALA Care Global LLP - Aurangabad,420435_1,Others/Remarks,No,Sales Coordinator,Does Not Qualify,1-3GQB4VE,SVC Co operative Bank Ltd,ZO_West (CS),213515599,3R1040,30,SUDHIRMHASLEKAR,Rani Barate,,,,,
1-14044999332,2026-06-04 12:55:15,eFSR,Service Engineer,Oil,KALA Care Global LLP - Pune,420435,KALA Care Global LLP - Ahmednagar,420435_2,BD Spares,Fuel oil filter requ,Sales Coordinator,New,1-VVZLY9,WATERSHED ORGANISATION TRUST(WOTR),ZO_West (CS),212805426,HA294,15,ALSIFSHAIKH,,,,,,
1-14044999332,2026-06-04 12:55:15,eFSR,Service Engineer,Oil,KALA Care Global LLP - Pune,420435,KALA Care Global LLP - Ahmednagar,420435_2,Oil,Need service,Sales Coordinator,New,1-VVZLY9,WATERSHED ORGANISATION TRUST(WOTR),ZO_West (CS),212805426,HA294,15,ALSIFSHAIKH,,,,,,
1-14045000531,2026-06-04 12:58:30,Manual,Sales Coordinator,Paid Services -PM,KALA Care Global LLP - Pune,420435,KALA Care Global LLP - Ahmednagar,420435_2,Paid Services -PM,OIL SERVICING,Sales Coordinator,Quotation Submitted,1-1426DPB,Swara RMC,ZO_West (CS),,4K1080TA G2,125,,Rani Barate,Q420435022700379,2026-06-04 13:10:54,,,
1-14045049614,2026-06-04 13:35:23,eFSR,Service Engineer,Others/Remarks,KALA Care Global LLP - Pune,420435,KALA Care Global LLP - Ahmednagar,420435_2,Others/Remarks,engine fan is burn e,Sales Coordinator,New,1-4MW46B,IDBI BANK LTD.,ZO_West (CS),213516364,EA10,5,ADITYAPATHARE,,,,,,
1-14045049667,2026-06-04 13:42:44,eFSR,Service Engineer,Others/Remarks,KALA Care Global LLP - Pune,420435,KALA Care Global LLP - Ahmednagar,420435_2,Others/Remarks,2 door lock required,Sales Coordinator,New,1-4MW46B,IDBI BANK LTD.,ZO_West (CS),213516392,HA294,15,ADITYAPATHARE,,,,,,
1-14045129292,2026-06-04 14:17:21,eFSR,Service Engineer,Others/Remarks,KALA Care Global LLP - Pune,420435,KALA Care Global LLP - Ahmednagar,420435_2,Diesel Exhaust Fluid,Fuel pipe required,Sales Coordinator,New,1-4MW46B,IDBI BANK LTD.,ZO_West (CS),213540486,EA16 G1,10,RUSHIKESHMAGAR,,,,,,
1-14045129292,2026-06-04 14:17:21,eFSR,Service Engineer,Others/Remarks,KALA Care Global LLP - Pune,420435,KALA Care Global LLP - Ahmednagar,420435_2,Others/Remarks,Fuel pipe required L,Sales Coordinator,New,1-4MW46B,IDBI BANK LTD.,ZO_West (CS),213540486,EA16 G1,10,RUSHIKESHMAGAR,,,,,,
1-14045264561,2026-06-04 13:29:05,Manual,Sales Coordinator,BD Spares,KALA Care Global LLP - Pune,420435,KALA Care Global LLP - Kalaburagi,420435_13,BD Spares,BD SPARES,Sales Coordinator,Converted,1-6G9QPLE,"PRINCIPAL, JAWAHAR NAVODAYA VIDYALAYA",ZO_West (CS),,,,,Rani Barate,Q420435132700240,2026-06-04 13:37:06,,1-14045466621,2026-06-04 13:57:41
1-14045560138,2026-06-04 15:09:49,eFSR,Service Engineer,Others/Remarks,KALA Care Global LLP - Pune,420435,KALA Care Global LLP - Hospet,420435_10,Others/Remarks,Ok,Sales Coordinator,Does Not Qualify,1-6FP4G8T,MUNIYAPPA,ZO_West (CS),213504295,4R810,,JilanShekshavali,B Sneha Ballari,,,,,
1-14045564501,2026-06-04 14:28:40,Manual,Sales Coordinator,Oil,KALA Care Global LLP - Pune,420435,KALA Care Global LLP - Kalaburagi,420435_13,Oil,OIL,Sales Coordinator,Not Converted,1-3OZKNC6,ABDUL SAMAD,ZO_West (CS),,,,,Rani Barate,,,,,
1-14045746231,2026-06-04 15:29:08,Manual,Sales Coordinator,Oil,KALA Care Global LLP - Pune,420435,KALA Care Global LLP - Kalaburagi,420435_13,Oil,Engine Oil Service.,Sales Coordinator,Converted,1-3FIL6SP,Sanjay Bhusare,ZO_West (CS),,HA394,25,,Rani Barate,Q420435132700242,2026-08-11 16:36:39,,213448256,2026-08-11 11:53:28
1-14045840684,2026-06-04 15:39:04,Manual,Sales Coordinator,Oil,KALA Care Global LLP - Pune,420435,KALA Care Global LLP - Kalaburagi,420435_13,Oil,Engine Oil Service,Sales Coordinator,Quotation Submitted,1-FJGPT4,M/s Tengli Traders,ZO_West (CS),,HA294 G1,15,,Rani Barate,Q420435132700244,2026-06-04 15:47:25,,,
1-14045915750,2026-06-04 15:48:42,Manual,Sales Coordinator,Oil,KALA Care Global LLP - Pune,420435,KALA Care Global LLP - Kalaburagi,420435_13,Oil,Engine Oil Service,Sales Coordinator,Converted,1-2HKLEU3,Shree Dental Clinic,ZO_West (CS),,4R810TA G1,62.5,,Rani Barate,Q420435132700245,2026-06-04 15:53:06,,211035209,2026-06-17 11:37:25
1-14045915750,2026-06-04 15:48:42,Manual,Sales Coordinator,Oil,KALA Care Global LLP - Pune,420435,KALA Care Global LLP - Kalaburagi,420435_13,Oil,Engine Oil Service,Sales Coordinator,Converted,1-2HKLEU3,Shree Dental Clinic,ZO_West (CS),,4R810TA G1,62.5,,Rani Barate,Q420435132700245,2026-06-04 15:53:06,,213590210,2026-06-17 11:59:56
1-14045916013,2026-06-04 15:54:27,Manual,Sales Coordinator,Oil,KALA Care Global LLP - Pune,420435,KALA Care Global LLP - Kalaburagi,420435_13,Oil,Engine Oil Service.,Sales Coordinator,Converted,1-3NMKPYI,Meera Extension,ZO_West (CS),,4R1040TA G1,82.5,,Rani Barate,Q420435132700246,2026-06-04 15:58:42,,212183900,2026-06-11 12:38:18
1-14045971319,2026-06-04 16:02:07,Manual,Sales Coordinator,Oil,KALA Care Global LLP - Pune,420435,KALA Care Global LLP - Kalaburagi,420435_13,Oil,Engine Oil Service.,Sales Coordinator,Quotation Submitted,1-1KA-4679,GULBARGA PETRO POINT.,ZO_West (CS),,3R1040,30,,Rani Barate,Q420435132700247,2026-06-04 16:17:13,,,
1-14046369791,2026-06-04 16:49:06,Manual,Sales Coordinator,Others/Remarks,KALA Care Global LLP - Pune,420435,KALA Care Global LLP - Ahmednagar,420435_2,Others/Remarks,stop solenoid required,Sales Coordinator,Invoiced Generated,1-61JYDJU,ADITYA ENERGY SOLUTION,ZO_West (CS),,,,,Rani Barate,Q420435022700381,2026-06-04 16:55:52,,1-14051733641,2026-06-06 10:37:44
1-14046420331,2026-06-04 16:51:39,Manual,Sales Coordinator,Oil,KALA Care Global LLP - Pune,420435,KALA Care Global LLP - Kalaburagi,420435_13,Oil,OIL SERVICE,Sales Coordinator,Converted,1-3T1Y5PM,BHAVANI HYDROLIC,ZO_West (CS),,,,,Rani Barate,Q420435132700248,2026-06-04 17:07:58,,1-14048347571,2026-06-05 11:29:52
1-14046472613,2026-06-04 17:05:44,Manual,Sales Coordinator,Oil,KALA Care Global LLP - Pune,420435,KALA Care Global LLP - Kalaburagi,420435_13,Oil,ENGINE OIL SERVICE.,Sales Coordinator,Converted,1-3OZKNC6,ABDUL SAMAD,ZO_West (CS),,,,,Rani Barate,Q420435132700249,2026-06-04 17:11:03,,1-14046491031,2026-06-04 17:17:47
1-14046582371,2026-06-04 17:24:33,Manual,Sales Coordinator,Oil,KALA Care Global LLP - Pune,420435,KALA Care Global LLP - Vijayapura,420435_14,Oil,engine oil service require,Sales Coordinator,Quotation Submitted,1-DDIDGX,Hatiwale Hospital,ZO_West (CS),,3R1040T G1,30,,Rani Barate,Q420435142700118,2026-06-04 17:44:59,,,
1-14046703781,2026-06-04 17:51:59,Manual,Sales Coordinator,BD Spares,KALA Care Global LLP - Pune,420435,KALA Care Global LLP - Kalaburagi,420435_13,BD Spares,SPARE PARTS,Sales Coordinator,Converted,1-5W0-4005,M/s.Vijaya Lakshmi Silent Power Gen Set,ZO_West (CS),,,,,Rani Barate,Q420435132700250,2026-06-04 18:06:26,,1-14060667844,2026-06-09 13:44:03
1-14046741942,2026-06-04 20:19:12,eFSR,Service Engineer,Others/Remarks,KALA Care Global LLP - Pune,420435,KALA Care Global LLP - Belagavi,420435_9,BD Spares,Srarter ring,Sales Coordinator,Does Not Qualify,1-3KMXJT,ICICI Bank Limited,ZO_West (CS),213517056,HA294 G1,15,RAJUMAGUND,VIDYA DHABALI,,,,,
1-14046741942,2026-06-04 20:19:12,eFSR,Service Engineer,Others/Remarks,KALA Care Global LLP - Pune,420435,KALA Care Global LLP - Belagavi,420435_9,Others/Remarks,Starter ring,Sales Coordinator,Does Not Qualify,1-3KMXJT,ICICI Bank Limited,ZO_West (CS),213517056,HA294 G1,15,RAJUMAGUND,VIDYA DHABALI,,,,,
1-14046746041,2026-06-04 20:20:20,eFSR,Service Engineer,Others/Remarks,KALA Care Global LLP - Pune,420435,KALA Care Global LLP - Ahmednagar,420435_2,Coolant Change,Coolant required.,Sales Coordinator,In Progress,1-2AXAQQ,Niramay Hospital,ZO_West (CS),213535024,4R810TA G1,62.5,RUSHIKESHMAGAR,,,,,,
1-14046746041,2026-06-04 20:20:20,eFSR,Service Engineer,Others/Remarks,KALA Care Global LLP - Pune,420435,KALA Care Global LLP - Ahmednagar,420435_2,Others/Remarks,Coolant.,Sales Coordinator,In Progress,1-2AXAQQ,Niramay Hospital,ZO_West (CS),213535024,4R810TA G1,62.5,RUSHIKESHMAGAR,,,,,,
1-14046748491,2026-06-04 18:00:01,Manual,Sales Coordinator,Oil,KALA Care Global LLP - Pune,420435,KALA Care Global LLP - Kalaburagi,420435_13,Oil,ENGINE OIL QUOATION,Sales Coordinator,Converted,1-5LWV42N,SNEHA FARMS PVT LTD(KARNATAKA),ZO_West (CS),,4R1190,,,Rani Barate,Q420435132700254,2026-06-04 18:41:56,,213397470,2026-05-18 17:50:58
1-14046898301,2026-06-04 18:28:38,Manual,Sales Coordinator,BD Spares,KALA Care Global LLP - Pune,420435,KALA Care Global LLP - Kalaburagi,420435_13,BD Spares,LLOP,Sales Coordinator,Quotation Submitted,1-1IEPLVV,Ikon Diagnostics,ZO_West (CS),,3R1040T G1,30,,Rani Barate,Q420435132700253,2026-06-04 18:37:41,,,
1-14047823930,2026-06-05 09:34:46,eFSR,Service Engineer,Overhauling,KALA Care Global LLP - Pune,420435,KALA Care Global LLP - Hospet,420435_10,BD Spares,Majer overalling spr,Service Coordinator,Converted,1-5OYX3KV,Jindal Saw Limited,ZO_West (CS),213536429,4R1040TC_BSIII,,MOHAMMED JAFERKALUR,B Sneha Ballari,Q420435102700521,2026-06-22 18:50:31,,213536440,2026-06-22 17:33:20
1-14047823930,2026-06-05 09:34:46,eFSR,Service Engineer,Overhauling,KALA Care Global LLP - Pune,420435,KALA Care Global LLP - Hospet,420435_10,Overhauling,Overalling parts,Service Coordinator,Converted,1-5OYX3KV,Jindal Saw Limited,ZO_West (CS),213536429,4R1040TC_BSIII,,MOHAMMED JAFERKALUR,B Sneha Ballari,Q420435102700521,2026-06-22 18:50:31,,213536440,2026-06-22 17:33:20
1-14048408973,2026-06-05 11:56:00,eFSR,Service Engineer,Battery,KALA Care Global LLP - Pune,420435,KALA Care Global LLP - Ahmednagar,420435_2,BD Spares,KCL 14 18 MC CONTACT,Sales Coordinator,New,1-3KMXJT,ICICI Bank Limited,ZO_West (CS),213542751,2R1040 G1,20,NILESHSALUNKE,,,,,,
1-14048408973,2026-06-05 11:56:00,eFSR,Service Engineer,Battery,KALA Care Global LLP - Pune,420435,KALA Care Global LLP - Ahmednagar,420435_2,Battery,Battery charger 12v,Sales Coordinator,New,1-3KMXJT,ICICI Bank Limited,ZO_West (CS),213542751,2R1040 G1,20,NILESHSALUNKE,,,,,,
1-14048408973,2026-06-05 11:56:00,eFSR,Service Engineer,Battery,KALA Care Global LLP - Pune,420435,KALA Care Global LLP - Ahmednagar,420435_2,Coolant Change,All coolant chenge r,Sales Coordinator,New,1-3KMXJT,ICICI Bank Limited,ZO_West (CS),213542751,2R1040 G1,20,NILESHSALUNKE,,,,,,
1-14048890301,2026-06-05 12:45:13,Manual,Sales Coordinator,Others/Remarks,KALA Care Global LLP - Pune,420435,KALA Care Global LLP - Belagavi,420435_9,Overhauling,OVERHAULING PARTS REQUIRED,Sales Coordinator,Invoiced Generated,1-6GBPXSI,SHIVAJI K MALKARI,ZO_West (CS),,,,,VIDYA DHABALI,Q420435092700369,2026-06-05 13:11:53,,1-14048976031,2026-06-05 13:12:11
1-14048890501,2026-06-05 12:49:28,Manual,Sales Coordinator,BD Spares,KALA Care Global LLP - Pune,420435,KALA Care Global LLP - Kalaburagi,420435_13,BD Spares,Fuel Leakages,Sales Coordinator,Converted,1-4ENQIS3,PRERNA CONSTRUCTION COMPANY,ZO_West (CS),,4R810,,,Rani Barate,Q420435132700255,2026-06-05 12:52:04,,213546248,2026-06-05 12:02:55
1-14048986301,2026-06-05 13:06:51,Manual,Sales Coordinator,Oil,KALA Care Global LLP - Pune,420435,KALA Care Global LLP - Kalaburagi,420435_13,Oil,Engine Oil Service,Sales Coordinator,Converted,1-8EMQYH,ACCURATE POWERTECH INDIA PVT LTD-,ZO_West (CS),,3R1040TA G1,40,,Rani Barate,Q420435132700256,2026-06-05 13:13:26,,213439715,2026-06-06 10:50:25
1-14049150835,2026-06-05 14:13:29,eFSR,Service Engineer,Others/Remarks,KALA Care Global LLP - Pune,420435,KALA Care Global LLP - Latur,420435_6,Battery,Kirloskar,Sales Coordinator,New,1-3MREC3,HDFC Bank Limited,ZO_West (CS),213545670,4R810TA G1,62.5,MAHALINGPATIL,,,,,,
1-14049150835,2026-06-05 14:13:29,eFSR,Service Engineer,Others/Remarks,KALA Care Global LLP - Pune,420435,KALA Care Global LLP - Latur,420435_6,Others/Remarks,Door lock,Sales Coordinator,New,1-3MREC3,HDFC Bank Limited,ZO_West (CS),213545670,4R810TA G1,62.5,MAHALINGPATIL,,,,,,
1-14049221130,2026-06-05 15:35:52,eFSR,Service Engineer,Diesel Exhaust Fluid,KALA Care Global LLP - Pune,420435,KALA Care Global LLP - Ahmednagar,420435_2,BD Spares,"Silencer pipe,Pipe c",Sales Coordinator,New,1-1KP-2661,Sai Shiv Ram Petroleum.,ZO_West (CS),213541545,HA394,25,ALSIFSHAIKH,,,,,,
1-14049221130,2026-06-05 15:35:52,eFSR,Service Engineer,Diesel Exhaust Fluid,KALA Care Global LLP - Pune,420435,KALA Care Global LLP - Ahmednagar,420435_2,Diesel Exhaust Fluid,Fuel pip3 Leakage ne,Sales Coordinator,New,1-1KP-2661,Sai Shiv Ram Petroleum.,ZO_West (CS),213541545,HA394,25,ALSIFSHAIKH,,,,,,
1-14049363171,2026-06-05 15:07:28,Manual,Sales Coordinator,Others/Remarks,KALA Care Global LLP - Pune,420435,KALA Care Global LLP - Hubli,420435_8,Others/Remarks,OIL SERVICE PARTS,Sales Coordinator,Invoiced Generated,1-3LWT69D,NWKRTC HUBLI,ZO_West (CS),,,,,NIKITA HIREMATH,Q420435082700273,2026-06-05 15:13:48,2026-06-05 15:14:04,1-14049405151,2026-06-05 15:14:58
1-14049386303,2026-06-05 15:03:15,eFSR,Service Engineer,Others/Remarks,KALA Care Global LLP - Pune,420435,KALA Care Global LLP - Nanded,420435_4,Others/Remarks,Door lock,Sales Coordinator,Does Not Qualify,1-3MREC3,HDFC Bank Limited,ZO_West (CS),213338927,4R810TA G1,62.5,SAGARPARDESHI,Sareen Shaikh,,,,,
1-14049779881,2026-06-05 15:50:55,Manual,Sales Coordinator,BD Spares,KALA Care Global LLP - Pune,420435,KALA Care Global LLP - Belagavi,420435_9,Overhauling,PARTS REQUIRED,Sales Coordinator,Invoiced Generated,1-5LO9544,ISHA HYDRO POWER,ZO_West (CS),,,,,VIDYA DHABALI,Q420435092700371,2026-06-05 15:56:53,,1-14049819371,2026-06-05 15:57:32
1-14050016904,2026-06-05 16:52:49,eFSR,Service Engineer,BD Spares,KALA Care Global LLP - Pune,420435,KALA Care Global LLP - Belagavi,420435_9,BD Spares,Kirloskar controller,Service Coordinator,Quotation Submitted,1-3RVIAFR,Shahapur Shopee Private Limited,ZO_West (CS),213547543,HA294 G1,15,RAJUMAGUND,VIDYA DHABALI,Q420435092700487,2026-06-18 11:39:55,,,
1-14050017065,2026-06-05 16:57:50,eFSR,Service Engineer,Others/Remarks,KALA Care Global LLP - Pune,420435,KALA Care Global LLP - Ahmednagar,420435_2,Others/Remarks,AF GP3.056.07 (01.25,Sales Coordinator,New,1-6GBPXPG,Siddhivinayak Dairy,ZO_West (CS),212007796,3R550TA 4G1,25,RUSHIKESHMAGAR,,,,,,
1-14050291456,2026-06-05 17:41:52,eFSR,Service Engineer,Others/Remarks,KALA Care Global LLP - Pune,420435,KALA Care Global LLP - Kalaburagi,420435_13,Others/Remarks,Not required,Sales Coordinator,Does Not Qualify,1-3RYO77X,Pooja Petroleums,ZO_West (CS),212187653,2R1040 G1,20,RabaniShaik,Rani Barate,,,,,
1-14050479451,2026-06-05 18:05:06,Manual,Sales Coordinator,Oil,KALA Care Global LLP - Pune,420435,KALA Care Global LLP - Kalaburagi,420435_13,Oil,OIL SERVICE,Sales Coordinator,Converted,1-5KALLCU,K KRISHNAIAH GOUD CONTRACTOR,ZO_West (CS),,,,,Rani Barate,Q420435132700257,2026-06-05 18:54:46,,1-14053841951,2026-06-06 17:20:06
1-14051443374,2026-06-06 07:56:34,eFSR,Service Engineer,Others/Remarks,KALA Care Global LLP - Pune,420435,KALA Care Global LLP - Belagavi,420435_9,Others/Remarks,Battery required 75a,Sales Coordinator,Quotation Submitted,1-43F726E,Shangri La Jungle Village,ZO_West (CS),213546440,3R1040T G1,25,PRASHANTPATIL,VIDYA DHABALI,Q420435092700402,2026-06-08 18:18:17,,,
1-14051639764,2026-06-06 10:38:02,eFSR,Service Engineer,Others/Remarks,KALA Care Global LLP - Pune,420435,KALA Care Global LLP - Hospet,420435_10,Others/Remarks,Customer need oil se,Sales Coordinator,Converted,1-5HU31WS,KRUTHIKA ENTERPRISES,ZO_West (CS),213548347,HA494,,JilanShekshavali,B Sneha Ballari,Q420435102700372,2026-06-06 15:40:47,,212871810,2026-06-06 09:43:44
1-14051749915,2026-06-06 11:13:32,eFSR,Service Engineer,BD Spares,KALA Care Global LLP - Pune,420435,KALA Care Global LLP - Belagavi,420435_9,BD Spares,Fip remove,Service Coordinator,Qualifying,1-209J9SW,Shankaranarayana Constructions Private Limited,ZO_West (CS),213547934,DV8TA G2,380,PRAMODDHARIGOUD,VIDYA DHABALI,Q420435092700405,2026-06-09 10:36:52,,,
1-14051819268,2026-06-06 11:52:40,eFSR,Service Engineer,NuLife,KALA Care Global LLP - Pune,420435,KALA Care Global LLP - Belagavi,420435_9,NuLife,Not,Sales Coordinator,Does Not Qualify,1-42EFRO6,Nayara Shri Basaveshwar Petroleums,ZO_West (CS),213529813,HA294,15,PRAMODDHARIGOUD,VIDYA DHABALI,,,,,
1-14051910803,2026-06-06 11:28:08,eFSR,Service Engineer,Others/Remarks,KALA Care Global LLP - Pune,420435,KALA Care Global LLP - Belagavi,420435_9,BD Spares,Fip remove,Sales Coordinator,Qualifying,1-209J9SW,Shankaranarayana Constructions Private Limited,ZO_West (CS),213538968,DV8TA G2,380,PRAMODDHARIGOUD,VIDYA DHABALI,Q420435092700404,2026-06-09 10:15:12,,,
1-14051910803,2026-06-06 11:28:08,eFSR,Service Engineer,Others/Remarks,KALA Care Global LLP - Pune,420435,KALA Care Global LLP - Belagavi,420435_9,Others/Remarks,Fip remove,Sales Coordinator,Qualifying,1-209J9SW,Shankaranarayana Constructions Private Limited,ZO_West (CS),213538968,DV8TA G2,380,PRAMODDHARIGOUD,VIDYA DHABALI,Q420435092700404,2026-06-09 10:15:12,,,
1-14051911248,2026-06-06 11:42:08,eFSR,Service Engineer,Others/Remarks,KALA Care Global LLP - Pune,420435,KALA Care Global LLP - Hospet,420435_10,Others/Remarks,Bandhan plus,Sales Coordinator,Does Not Qualify,1-37HWO3N,Nandha Constructions,ZO_West (CS),213548325,4K1080TA G2,125.4,Parashuram GGouripurada,B Sneha Ballari,,,,,
1-14051911248,2026-06-06 11:42:08,eFSR,Service Engineer,Others/Remarks,KALA Care Global LLP - Pune,420435,KALA Care Global LLP - Hospet,420435_10,Service AMC/Bandhan/Anubandhan,AMC,Sales Coordinator,Does Not Qualify,1-37HWO3N,Nandha Constructions,ZO_West (CS),213548325,4K1080TA G2,125.4,Parashuram GGouripurada,B Sneha Ballari,,,,,
1-14051985171,2026-06-06 11:30:59,Manual,Sales Coordinator,Oil,KALA Care Global LLP - Pune,420435,KALA Care Global LLP - Kalaburagi,420435_13,Oil,oil service,Sales Coordinator,Quotation Submitted,1-45UQ0Z3,AMARESHWARI BABURAO CHINCHANSUR,ZO_West (CS),,HA294 G1,15,,Rani Barate,Q420435132700258,2026-06-06 11:40:08,,,
1-14052139731,2026-06-06 11:47:43,Manual,Sales Coordinator,Others/Remarks,KALA Care Global LLP - Pune,420435,KALA Care Global LLP - Vijayapura,420435_14,Others/Remarks,ecu and wiring harness faulty,Sales Coordinator,Qualifying,1-5L6B49W,Baltej Infra LLP,ZO_West (CS),,R1190,,,Rani Barate,Q420435142700121,2026-06-11 15:40:30,,,
1-14052235485,2026-06-06 12:01:42,eFSR,Service Engineer,Others/Remarks,KALA Care Global LLP - Pune,420435,KALA Care Global LLP - Belagavi,420435_9,Others/Remarks,No,Sales Coordinator,Does Not Qualify,1-7SS3BS,Axis Bank Limited,ZO_West (CS),213548091,EA10 G1,7.5,DINANATHLOHAR,VIDYA DHABALI,,,,,
1-14052258391,2026-06-06 12:02:07,Manual,Sales Coordinator,Oil,KALA Care Global LLP - Pune,420435,KALA Care Global LLP - Vijayapura,420435_14,Oil,b check with engine oil service,Sales Coordinator,Converted,1-5RH602H,SHRI.HOLEBASAVESHWAR PETROLEUMS,ZO_West (CS),,3R550TA 4G1,20,,Rani Barate,Q420435142700122,2026-06-06 15:45:09,,211997914,2026-06-08 10:05:10
1-14052626934,2026-06-06 13:49:34,eFSR,Service Engineer,Battery,KALA Care Global LLP - Pune,420435,KALA Care Global LLP - Hubli,420435_8,Battery,Ok,Sales Coordinator,Does Not Qualify,1-5VX-2094,Hubli Shamiyana Suppliers,ZO_West (CS),211486864,6R1080TA G1,125.6,KRISHNADASABAL,NIKITA HIREMATH,,,,,
1-14052637381,2026-06-06 13:26:36,Manual,Sales Coordinator,Oil,KALA Care Global LLP - Pune,420435,KALA Care Global LLP - Belagavi,420435_9,Paid Services -PM,CSP QUOTATION,Sales Coordinator,Converted,1-5TNYWBZ,House of praise,ZO_West (CS),,3R1190ETA 4G1,40,,VIDYA DHABALI,Q420435092700381,2026-06-06 13:35:50,,212143625,2026-06-13 10:46:39
1-14052649651,2026-06-06 13:38:05,Manual,Sales Coordinator,Oil,KALA Care Global LLP - Pune,420435,KALA Care Global LLP - Kalaburagi,420435_13,Oil,Engine Oil Service,Sales Coordinator,Converted,1-49DTQBH,JAGANSINGH THAKUR CIVIL CONTRACTOR.,ZO_West (CS),,4R810,,,Rani Barate,Q420435132700259,2026-06-06 13:41:19,,1-14052637081,2026-06-06 13:44:00
1-14052805462,2026-06-06 14:19:25,eFSR,Service Engineer,Others/Remarks,KALA Care Global LLP - Pune,420435,KALA Care Global LLP - Latur,420435_6,Others/Remarks,No,Sales Coordinator,New,1-631YH1S,Mohamad Azhar Jilani Kureshi,ZO_West (CS),212554271,4R1190,,MAHALINGPATIL,,,,,,
1-14053132138,2026-06-06 15:48:14,eFSR,Service Engineer,Others/Remarks,KALA Care Global LLP - Pune,420435,KALA Care Global LLP - Nanded,420435_4,Coolant Change,COLLENT 5litr is req,Sales Coordinator,Does Not Qualify,1-5NITZV3,Datta Farmer Producer Company,ZO_West (CS),213549843,4R1190ETA 4G1,82.5,DineshKalidas,Sareen Shaikh,,,,,
1-14053132138,2026-06-06 15:48:14,eFSR,Service Engineer,Others/Remarks,KALA Care Global LLP - Pune,420435,KALA Care Global LLP - Nanded,420435_4,Others/Remarks,Def DEF IS REQUIRED,Sales Coordinator,Does Not Qualify,1-5NITZV3,Datta Farmer Producer Company,ZO_West (CS),213549843,4R1190ETA 4G1,82.5,DineshKalidas,Sareen Shaikh,,,,,
1-14053245400,2026-06-06 15:33:57,eFSR,Service Engineer,Service AMC/Bandhan/Anubandhan,KALA Care Global LLP - Pune,420435,KALA Care Global LLP - Hospet,420435_10,Service AMC/Bandhan/Anubandhan,Bhandan pluse,Sales Coordinator,Does Not Qualify,1-5J2M9GU,NANDHA PIPES PRIVATE LIMITED,ZO_West (CS),213550072,HA294 G1,15,Parashuram GGouripurada,B Sneha Ballari,,,,,
1-14053453449,2026-06-06 16:15:15,eFSR,Service Engineer,Others/Remarks,KALA Care Global LLP - Pune,420435,KALA Care Global LLP - Hospet,420435_10,Others/Remarks,Need oil service,Sales Coordinator,Converted,1-6ENU4AT,"""SHIVDAS PAL  """,ZO_West (CS),213548456,HA694,,MDAsifMDAsif,B Sneha Ballari,Q420435102700377,2026-06-15 13:55:59,,213451816,2026-06-06 09:39:13
1-14053467541,2026-06-06 16:10:08,Manual,Sales Coordinator,Oil,KALA Care Global LLP - Pune,420435,KALA Care Global LLP - Vijayapura,420435_14,Oil,a check with engine oil service,Sales Coordinator,Converted,1-6FTPDCD,REKHA UPPAR PROJECTS PRIVATE LIMITED,ZO_West (CS),,4R1190,,,Rani Barate,Q420435142700123,2026-06-16 12:59:20,,213512539,2026-06-20 11:22:30
1-14053642883,2026-06-06 18:56:18,eFSR,Service Engineer,Others/Remarks,KALA Care Global LLP - Pune,420435,KALA Care Global LLP - Nanded,420435_4,Others/Remarks,Bandhan coutation se,Sales Coordinator,Does Not Qualify,1-3TTHXY6,Hanmalu Manikrao Rekhawar,ZO_West (CS),212272080,2R1040 G1,20,DineshKalidas,Jyoti Mangesh,,,,,
1-14053642883,2026-06-06 18:56:18,eFSR,Service Engineer,Others/Remarks,KALA Care Global LLP - Pune,420435,KALA Care Global LLP - Nanded,420435_4,Service AMC/Bandhan/Anubandhan,Bandhan cotation sen,Sales Coordinator,Does Not Qualify,1-3TTHXY6,Hanmalu Manikrao Rekhawar,ZO_West (CS),212272080,2R1040 G1,20,DineshKalidas,Jyoti Mangesh,,,,,
1-14054033214,2026-06-06 19:57:02,eFSR,Service Engineer,Others/Remarks,KALA Care Global LLP - Pune,420435,KALA Care Global LLP - Nanded,420435_4,Others/Remarks,Ok,Sales Coordinator,Does Not Qualify,1-30C14BN,DR. LAVEKAR HOSPITAL,ZO_West (CS),213086907,4R810TA G1,62.5,VINODBUKTARE,Jyoti Mangesh,,,,,
1-14054135851,2026-06-06 17:51:49,Manual,Sales Coordinator,BD Spares,KALA Care Global LLP - Pune,420435,KALA Care Global LLP - Kalaburagi,420435_13,BD Spares,FIP Issue,Sales Coordinator,Converted,1-5NQ3LE5,M/s Bahaddur Shankar Rathod,ZO_West (CS),,4R810,,,Rani Barate,Q420435132700261,2026-06-06 17:57:44,,213546094,2026-06-05 11:52:49
1-14054664675,2026-06-07 13:27:49,eFSR,Service Engineer,Others/Remarks,KALA Care Global LLP - Pune,420435,KALA Care Global LLP - Hospet,420435_10,Others/Remarks,Customer need oil se,Sales Coordinator,Converted,1-5HU31WS,KRUTHIKA ENTERPRISES,ZO_West (CS),213552344,HA494,,JilanShekshavali,B Sneha Ballari,Q420435102700395,2026-06-15 12:25:50,,212873009,2026-06-06 17:26:16
1-14055956011,2026-06-08 10:52:26,Manual,Sales Coordinator,Oil,KALA Care Global LLP - Pune,420435,KALA Care Global LLP - Belagavi,420435_9,Paid Services -PM,csp quotation,Sales Coordinator,Converted,1-5WA805Y,SWAMI BAKERY,ZO_West (CS),,3R550TC 4G1 CPCB4+,15,,VIDYA DHABALI,Q420435092700391,2026-06-08 11:00:56,,212230353,2026-06-10 11:09:14
1-14056438001,2026-06-08 12:12:21,Manual,Sales Coordinator,Allied Oil,KALA Care Global LLP - Pune,420435,KALA Care Global LLP - Ahmednagar,420435_2,Allied Oil,TRANSMISSION OIL,Sales Coordinator,Invoiced Generated,1-3UXJTOR,YASHWANT RAMDAS TAKATE,ZO_West (CS),,,,,Rani Barate,Q420435022700395,2026-06-08 12:15:20,,1-14056491311,2026-06-08 12:17:19
1-14056679411,2026-06-08 12:57:00,Manual,Sales Coordinator,Others/Remarks,KALA Care Global LLP - Pune,420435,KALA Care Global LLP - Aurangabad,420435_1,Others/Remarks,SPARE,Sales Coordinator,Invoiced Generated,1-39DSLN2,Shri Sai Diesel Sales And Services,ZO_West (CS),,,,,B Sneha Ballari,Q420435012700408,2026-06-08 13:01:28,2026-06-08 13:03:59,1-14056768021,2026-06-08 13:34:48
1-14056736302,2026-06-08 13:08:55,Manual,Sales Coordinator,Oil,KALA Care Global LLP - Pune,420435,KALA Care Global LLP - Kalaburagi,420435_13,Oil,Engine oil quotation,Sales Coordinator,Quotation Submitted,1-3W5NGLO,MR.SHIVASHANKAR BHIMARAY JADAR,ZO_West (CS),,,,,Rani Barate,Q420435132700264,2026-06-08 13:44:40,,,
1-14056758241,2026-06-08 13:27:04,Manual,Sales Coordinator,BD Spares,KALA Care Global LLP - Pune,420435,KALA Care Global LLP - Kalaburagi,420435_13,BD Spares,BD SPARES,Sales Coordinator,Converted,1-2Y04SN5,MADEVALLAPPA,ZO_West (CS),,,,,Rani Barate,Q420435132700266,2026-06-08 13:33:57,,1-14056884361,2026-06-08 13:48:34
1-14056897571,2026-06-08 13:54:24,Manual,Sales Coordinator,Overhauling,KALA Care Global LLP - Pune,420435,KALA Care Global LLP - Kalaburagi,420435_13,Overhauling,OVERHAULING,Sales Coordinator,Order/SR Generated,1-3OS1UUU,VEERBHARDRA S KATTI,ZO_West (CS),,,,,Rani Barate,Q420435132700267,2026-06-08 14:34:42,,1-14060015811,2026-06-09 11:54:01
1-14057437605,2026-06-08 15:34:45,eFSR,Service Engineer,Others/Remarks,KALA Care Global LLP - Pune,420435,KALA Care Global LLP - Belagavi,420435_9,Battery,75 ah,Sales Coordinator,Converted,1-6DWP0HO,Sri Raghvendra Vaibhav,ZO_West (CS),213555589,2R1040 G1,20,AMITMEKKALIKE,VIDYA DHABALI,Q420435092700400,2026-06-08 17:05:42,,213561374,2026-06-09 16:59:51
1-14057437605,2026-06-08 15:34:45,eFSR,Service Engineer,Others/Remarks,KALA Care Global LLP - Pune,420435,KALA Care Global LLP - Belagavi,420435_9,Others/Remarks,Relay card,Sales Coordinator,Converted,1-6DWP0HO,Sri Raghvendra Vaibhav,ZO_West (CS),213555589,2R1040 G1,20,AMITMEKKALIKE,VIDYA DHABALI,Q420435092700400,2026-06-08 17:05:42,,213561374,2026-06-09 16:59:51
1-14057477847,2026-06-08 15:56:43,eFSR,Service Engineer,Others/Remarks,KALA Care Global LLP - Pune,420435,KALA Care Global LLP - Babhleshwar,420435_5,Others/Remarks,Ok,Sales Coordinator,New,1-5TOZQOD,SHAURYA INFRATECH,ZO_West (CS),213131146,HA494,,SACHINPATHARE,,,,,,
1-14057524038,2026-06-08 16:29:20,eFSR,Service Engineer,Others/Remarks,KALA Care Global LLP - Pune,420435,KALA Care Global LLP - Belagavi,420435_9,Others/Remarks,Fuel filter required,Sales Coordinator,Qualifying,1-3TT6CD9,R V INFRASTRUCTURAL PVT. LTD.,ZO_West (CS),212879326,4R1190,,PRASHANTPATIL,VIDYA DHABALI,Q420435092700424,2026-06-10 15:07:21,,213561446,2026-06-10 10:20:04
1-14057757381,2026-06-08 16:28:53,Manual,Sales Coordinator,Oil,KALA Care Global LLP - Pune,420435,KALA Care Global LLP - Aurangabad,420435_1,Oil,OIL,Sales Coordinator,Invoiced Generated,1-1VU-4759,Satguru Fire Services Waluj,ZO_West (CS),,,,,B Sneha Ballari,Q420435012700414,2026-06-08 16:36:46,2026-06-08 16:39:53,1-14057780061,2026-06-08 16:40:19
1-14057796591,2026-06-08 16:42:35,Manual,Sales Coordinator,Oil,KALA Care Global LLP - Pune,420435,KALA Care Global LLP - Kalaburagi,420435_13,Oil,Engine Oil Service,Sales Coordinator,Converted,1-6755Z0Y,AKSHAY TRADERS,ZO_West (CS),,4R810,,,Rani Barate,Q420435132700269,2026-06-08 16:45:04,,212903223,2026-06-08 11:21:48
1-14057834637,2026-06-08 17:10:52,eFSR,Service Engineer,Others/Remarks,KALA Care Global LLP - Pune,420435,KALA Care Global LLP - Latur,420435_6,Others/Remarks,Lh site door enjes a,Sales Coordinator,New,1-4LQ7QFI,Ajinkya Autowheels LLP,ZO_West (CS),213555255,4R1040T,62.5,MAHALINGPATIL,,,,,,
1-14058027801,2026-06-08 17:20:35,Manual,Sales Coordinator,BD Spares,KALA Care Global LLP - Pune,420435,KALA Care Global LLP - Belagavi,420435_9,BD Spares,PARTS REQUIRED,Sales Coordinator,Invoiced Generated,1-3N3AI1O,GURU RAGHAVENDRA TRADERS,ZO_West (CS),,,,,VIDYA DHABALI,Q420435092700401,2026-06-08 17:22:46,,1-14058069271,2026-06-08 17:23:02
1-14058325401,2026-06-08 17:55:42,Manual,Sales Coordinator,Oil,KALA Care Global LLP - Pune,420435,KALA Care Global LLP - Kalaburagi,420435_13,Oil,Engine Oil Service.,Sales Coordinator,Quotation Submitted,1-37ZZPUA,GURUKUL INDEPENDENT PU COLLEGE,ZO_West (CS),,4R810TA G1,62.5,,Rani Barate,Q420435132700271,2026-06-09 12:00:09,,,
1-14058600770,2026-06-08 20:36:17,eFSR,Service Engineer,BD Spares,KALA Care Global LLP - Pune,420435,KALA Care Global LLP - Hospet,420435_10,BD Spares,Fuel pipe,Service Coordinator,Does Not Qualify,1-4MW46B,IDBI BANK LTD.,ZO_West (CS),213516075,3R1040,30,MOHAMMED JAFERKALUR,B Sneha Ballari,,,,,
1-14058601249,2026-06-08 23:19:26,eFSR,Service Engineer,Paid Services -PM,KALA Care Global LLP - Pune,420435,KALA Care Global LLP - Hospet,420435_10,Paid Services -PM,Oil service,Service Coordinator,Converted,1-37HWO3N,Nandha Constructions,ZO_West (CS),213557173,4R1040TA4,,Parashuram GGouripurada,B Sneha Ballari,Q420435102700467,2026-06-18 11:54:51,,213223162,2026-06-16 17:49:01
1-14058601249,2026-06-08 23:19:26,eFSR,Service Engineer,Paid Services -PM,KALA Care Global LLP - Pune,420435,KALA Care Global LLP - Hospet,420435_10,Service AMC/Bandhan/Anubandhan,Oil service,Service Coordinator,Converted,1-37HWO3N,Nandha Constructions,ZO_West (CS),213557173,4R1040TA4,,Parashuram GGouripurada,B Sneha Ballari,Q420435102700467,2026-06-18 11:54:51,,213223162,2026-06-16 17:49:01
1-14059527841,2026-06-09 10:23:50,Manual,Sales Coordinator,Oil,KALA Care Global LLP - Pune,420435,KALA Care Global LLP - Kalaburagi,420435_13,Oil,OIL SERVICE,Sales Coordinator,Converted,1-2NN4PVX,"VENKOBA YADAV, SURPUR",ZO_West (CS),,4R810T,,,Rani Barate,Q420435132700273,2026-06-09 10:29:39,,1-14059570701,2026-06-09 10:30:13
1-14059974957,2026-06-09 12:04:35,eFSR,Service Engineer,Others/Remarks,KALA Care Global LLP - Pune,420435,KALA Care Global LLP - Belagavi,420435_9,Battery,Battery,Sales Coordinator,Not Converted,1-3I1UE0E,SHRIRAM RESTAURANT,ZO_West (CS),213550764,3R1040T G1,30,SUNILHUMBARWADI,VIDYA DHABALI,Q420435092700425,2026-06-10 15:44:05,,,
1-14059974957,2026-06-09 12:04:35,eFSR,Service Engineer,Others/Remarks,KALA Care Global LLP - Pune,420435,KALA Care Global LLP - Belagavi,420435_9,Others/Remarks,Radiator clining and,Sales Coordinator,Not Converted,1-3I1UE0E,SHRIRAM RESTAURANT,ZO_West (CS),213550764,3R1040T G1,30,SUNILHUMBARWADI,VIDYA DHABALI,Q420435092700425,2026-06-10 15:44:05,,,
1-14060270311,2026-06-09 12:35:58,Manual,Sales Coordinator,Oil,KALA Care Global LLP - Pune,420435,KALA Care Global LLP - Kalaburagi,420435_13,Oil,OIL,Sales Coordinator,Converted,1-5V1HW7A,S B CONSTRUCTION,ZO_West (CS),,,,,Rani Barate,Q420435132700274,2026-06-09 12:45:10,,1-14060298116,2026-06-09 12:47:29
1-14060280311,2026-06-09 12:37:27,Manual,Sales Coordinator,Oil,KALA Care Global LLP - Pune,420435,KALA Care Global LLP - Belagavi,420435_9,Others/Remarks,PARTS REQUIRED,Sales Coordinator,Invoiced Generated,1-SRQRC7,Balaji concrete Halaga,ZO_West (CS),,HA494,,,VIDYA DHABALI,Q420435092700409,2026-06-10 16:51:36,,1-14093580421,2026-06-19 09:50:51
1-14060860437,2026-06-09 14:07:23,eFSR,Service Engineer,DF Kit,KALA Care Global LLP - Pune,420435,KALA Care Global LLP - Latur,420435_6,DF Kit,Na,Sales Coordinator,New,1-49QYHIJ,Shri Sadichya Construction,ZO_West (CS),213556922,4R810,,SHALIGRAMPOTDAR,,,,,,
1-14060889531,2026-06-09 14:06:52,Manual,Sales Coordinator,Oil,KALA Care Global LLP - Pune,420435,KALA Care Global LLP - Kalaburagi,420435_13,,,Sales Coordinator,In Progress,,,ZO_West (CS),,,,,,,,,,
1-14060889771,2026-06-09 14:15:30,Manual,Sales Coordinator,Oil,KALA Care Global LLP - Pune,420435,KALA Care Global LLP - Kalaburagi,420435_13,Oil,Engine Oil Service.,Sales Coordinator,Quotation Submitted,1-66EB6FB,M/s: SHIVA ASSOCIATES,ZO_West (CS),,HA494,,,Rani Barate,Q420435132700275,2026-06-09 14:24:44,,,
1-14060930352,2026-06-09 14:15:22,Manual,Sales Coordinator,Oil,KALA Care Global LLP - Pune,420435,KALA Care Global LLP - Kalaburagi,420435_13,Oil,OIL SERVICE,Sales Coordinator,Converted,1-3T1Y5PM,BHAVANI HYDROLIC,ZO_West (CS),,,,,Rani Barate,Q420435132700276,2026-06-09 14:35:20,,1-14061019301,2026-06-09 14:36:41
1-14060941861,2026-06-09 14:31:34,Manual,Sales Coordinator,Oil,KALA Care Global LLP - Pune,420435,KALA Care Global LLP - Kalaburagi,420435_13,Oil,OIL,Sales Coordinator,Qualifying,1-6EP3FW9,Lahoti Industries,ZO_West (CS),,HA694,,,Rani Barate,,,,,
1-14060983841,2026-06-09 14:33:44,Manual,Sales Coordinator,Others/Remarks,KALA Care Global LLP - Pune,420435,KALA Care Global LLP - Ahmednagar,420435_2,Others/Remarks,ENGINE SPARES,Sales Coordinator,Invoiced Generated,1-4GDUUV2,MR. DEEPAK JAGAN FULARE,ZO_West (CS),,,,,Rani Barate,Q420435022700400,2026-06-10 13:53:33,,1-14064696353,2026-06-10 13:53:39
1-14060993801,2026-06-09 14:31:45,Manual,Sales Coordinator,Others/Remarks,KALA Care Global LLP - Pune,420435,KALA Care Global LLP - Hubli,420435_8,Others/Remarks,TOP OVER HAULING PARTS,Sales Coordinator,Invoiced Generated,1-366S8II,BASAVARAJ L. BACHALAPUR. CONTRACTOR.,ZO_West (CS),,,,,NIKITA HIREMATH,Q420435082700280,2026-06-09 16:26:30,2026-06-09 16:27:01,1-14061516761,2026-06-09 16:27:40
1-14060998014,2026-06-09 14:58:05,eFSR,Service Engineer,Others/Remarks,KALA Care Global LLP - Pune,420435,KALA Care Global LLP - Hospet,420435_10,Others/Remarks,Oil service,Sales Coordinator,Converted,1-4C5NQ0Z,MRT ENTERPRISES,ZO_West (CS),213557156,Engines,,Parashuram GGouripurada,B Sneha Ballari,Q420435102700393,2026-06-10 14:45:05,,212915966,2026-06-09 15:09:15
1-14060998014,2026-06-09 14:58:05,eFSR,Service Engineer,Others/Remarks,KALA Care Global LLP - Pune,420435,KALA Care Global LLP - Hospet,420435_10,Service AMC/Bandhan/Anubandhan,Oil service,Sales Coordinator,Converted,1-4C5NQ0Z,MRT ENTERPRISES,ZO_West (CS),213557156,Engines,,Parashuram GGouripurada,B Sneha Ballari,Q420435102700393,2026-06-10 14:45:05,,212915966,2026-06-09 15:09:15
1-14061047691,2026-06-09 14:45:34,Manual,Sales Coordinator,Oil,KALA Care Global LLP - Pune,420435,KALA Care Global LLP - Kalaburagi,420435_13,Oil,OIL,Sales Coordinator,Qualifying,1-3N86MMF,GANGA ENGINEERING WORKS,ZO_West (CS),,,,,Rani Barate,,,,,
1-14061085301,2026-06-09 14:53:52,Manual,Sales Coordinator,Oil,KALA Care Global LLP - Pune,420435,KALA Care Global LLP - Vijayapura,420435_14,Oil,b check with engine oil service,Sales Coordinator,Quotation Submitted,1-6A6XJS4,RENUKA RMC,ZO_West (CS),,HA494,,,Rani Barate,Q420435142700125,2026-06-09 15:03:35,,,
1-14061090279,2026-06-09 15:05:03,Manual,Sales Coordinator,Oil,KALA Care Global LLP - Pune,420435,KALA Care Global LLP - Kalaburagi,420435_13,Oil,oil,Sales Coordinator,Converted,1-3N86MMF,GANGA ENGINEERING WORKS,ZO_West (CS),,,,,Rani Barate,Q420435132700282,2026-06-09 15:08:50,,1-14061123831,2026-06-09 15:09:29
1-14061107357,2026-06-09 15:00:43,eFSR,Service Engineer,Others/Remarks,KALA Care Global LLP - Pune,420435,KALA Care Global LLP - Hubli,420435_8,Others/Remarks,Radiator fan's block,Sales Coordinator,Does Not Qualify,1-3GQB4VE,SVC Co operative Bank Ltd,ZO_West (CS),213515473,NK,25,KAREPPADOOPAD,NIKITA HIREMATH,,,,,
1-14061179321,2026-06-09 15:14:13,Manual,Sales Coordinator,Oil,KALA Care Global LLP - Pune,420435,KALA Care Global LLP - Vijayapura,420435_14,Oil,b check with engine oil service,Sales Coordinator,Quotation Submitted,1-6A6XJS4,RENUKA RMC,ZO_West (CS),,HA494,,,Rani Barate,Q420435142700126,2026-06-09 15:21:20,,,
1-14061457341,2026-06-09 16:08:02,Manual,Sales Coordinator,Oil,KALA Care Global LLP - Pune,420435,KALA Care Global LLP - Vijayapura,420435_14,Oil,b check with engine oil service,Sales Coordinator,Quotation Submitted,1-3FB1KFL,KANDOBARAY BHIMARAY PATIL,ZO_West (CS),,HA494,,,Rani Barate,Q420435142700127,2026-06-09 16:17:09,,,
1-14061464795,2026-06-09 16:29:22,eFSR,Service Engineer,Coolant Change,KALA Care Global LLP - Pune,420435,KALA Care Global LLP - Ahmednagar,420435_2,Coolant Change,Required coolant 10,Sales Coordinator,New,1-6B14SL7,Mr Yogesh Baban Shedke,ZO_West (CS),213557068,3R1190ENA 4G1,30,RUSHIKESHMAGAR,,,,,,
1-14061499432,2026-06-09 16:21:19,Manual,Sales Coordinator,Oil,KALA Care Global LLP - Pune,420435,KALA Care Global LLP - Vijayapura,420435_14,Oil,B CHECK WITH ENGINE OIL SERICE,Sales Coordinator,Quotation Submitted,1-3FB1KFL,KANDOBARAY BHIMARAY PATIL,ZO_West (CS),,HA494,,,Rani Barate,Q420435142700128,2026-06-09 16:29:22,,,
1-14061605797,2026-06-09 17:04:38,eFSR,Service Engineer,BD Spares,KALA Care Global LLP - Pune,420435,KALA Care Global LLP - Kalaburagi,420435_13,BD Spares,Air filter,Service Coordinator,Does Not Qualify,1-2IKJ8JP,MEGHA ENGINEERING & INFRASTRUCTURE LIMITED,ZO_West (CS),213560250,4R810TA G1,62.5,AKBARAHMED,Rani Barate,,,,,
1-14061866881,2026-06-09 16:59:13,Manual,Sales Coordinator,Battery,KALA Care Global LLP - Pune,420435,KALA Care Global LLP - Ahmednagar,420435_2,Battery,"BATTERY ,OIL AND COOLENT",Sales Coordinator,Invoiced Generated,1-684VRKP,Diptarup Solutions Pvt Ltd,ZO_West (CS),,,,,Rani Barate,Q420435022700405,2026-06-11 12:43:37,,1-14068126892,2026-06-11 12:43:43
1-14062042471,2026-06-09 17:17:56,Manual,Sales Coordinator,Paid Services -PM,KALA Care Global LLP - Pune,420435,KALA Care Global LLP - Ahmednagar,420435_2,Paid Services -PM,PAID SERVICING,Sales Coordinator,Quotation Submitted,1-1MD72L,V A S P Salt Refineries,ZO_West (CS),,3R1040,30,,Rani Barate,Q420435022700407,2026-06-09 17:33:26,,,
1-14062049472,2026-06-09 17:21:45,Manual,Sales Coordinator,Oil,KALA Care Global LLP - Pune,420435,KALA Care Global LLP - Kalaburagi,420435_13,Oil,OIL SERVICE,Sales Coordinator,Quotation Submitted,1-5QOA7NN,ANNAI CONCRETE SOLUTIONS,ZO_West (CS),,6K1080ETA 4G2,200,,Rani Barate,Q420435132700284,2026-06-09 18:12:42,,211652359,2026-06-23 19:07:03
1-14062153588,2026-06-09 17:51:48,eFSR,Service Engineer,Others/Remarks,KALA Care Global LLP - Pune,420435,KALA Care Global LLP - Belagavi,420435_9,Others/Remarks,Mccb 200A,Sales Coordinator,Does Not Qualify,1-4YVF868,CIVET Projects Private Limited,ZO_West (CS),213560655,4K1080ETA4G1,125,AMITMEKKALIKE,VIDYA DHABALI,,,,,
1-14062156981,2026-06-09 17:50:41,Manual,Sales Coordinator,Paid Services -PM,KALA Care Global LLP - Pune,420435,KALA Care Global LLP - Ahmednagar,420435_2,Paid Services -PM,PAID SERVICING,Sales Coordinator,Converted,1-4P91TWV,MR.MAHESHKUMAR MARKAD,ZO_West (CS),,4R1190,,,Rani Barate,Q420435022700412,2026-06-09 18:00:13,,212863934,2026-06-08 15:24:52
1-14062178521,2026-06-09 17:47:15,Manual,Sales Coordinator,Oil,KALA Care Global LLP - Pune,420435,KALA Care Global LLP - Kalaburagi,420435_13,Oil,ENGINE OIL SERVICEW,Sales Coordinator,Converted,1-5QOA7NN,ANNAI CONCRETE SOLUTIONS,ZO_West (CS),,6K1080ETA 4G2,200,,Rani Barate,Q420435132700286,2026-06-09 18:06:46,,211697002,2026-06-23 19:05:17
1-14062372496,2026-06-09 18:39:42,eFSR,Service Engineer,BD Spares,KALA Care Global LLP - Pune,420435,KALA Care Global LLP - Kalaburagi,420435_13,BD Spares,Air filter,Service Coordinator,Does Not Qualify,1-2IKJ8JP,MEGHA ENGINEERING & INFRASTRUCTURE LIMITED,ZO_West (CS),213561569,EA10 G1,5,AKBARAHMED,Rani Barate,,,,,
1-14062372704,2026-06-09 19:04:44,eFSR,Service Engineer,BD Spares,KALA Care Global LLP - Pune,420435,KALA Care Global LLP - Kalaburagi,420435_13,BD Spares,Air filter,Service Coordinator,Does Not Qualify,1-36136X2,MEGHA ENGINEERING & INFRASTRUCTURES LIMITED,ZO_West (CS),213561102,EA16 G1,10,AKBARAHMED,Rani Barate,,,,,
1-14062373202,2026-06-09 23:06:39,eFSR,Service Engineer,Others/Remarks,KALA Care Global LLP - Pune,420435,KALA Care Global LLP - Hospet,420435_10,Others/Remarks,Bandhan membership r,Sales Coordinator,Does Not Qualify,1-3TQGLSC,Don Bosco Society Devadurga,ZO_West (CS),213561095,3R1040T G1,30,DADAPEERM,B Sneha Ballari,,,,,
1-14062373202,2026-06-09 23:06:39,eFSR,Service Engineer,Others/Remarks,KALA Care Global LLP - Pune,420435,KALA Care Global LLP - Hospet,420435_10,Service AMC/Bandhan/Anubandhan,I have approach the,Sales Coordinator,Does Not Qualify,1-3TQGLSC,Don Bosco Society Devadurga,ZO_West (CS),213561095,3R1040T G1,30,DADAPEERM,B Sneha Ballari,,,,,
1-14062373263,2026-06-10 06:28:25,eFSR,Service Engineer,Battery,KALA Care Global LLP - Pune,420435,KALA Care Global LLP - Belagavi,420435_9,Battery,100 ah,Sales Coordinator,Does Not Qualify,1-367CA,HATSUN AGRO PRODUCT LIMITED,ZO_West (CS),213367873,4K1080TA G2,100,PRAMODDHARIGOUD,VIDYA DHABALI,,,,,
1-14062524001,2026-06-10 06:39:23,eFSR,Service Engineer,Others/Remarks,KALA Care Global LLP - Pune,420435,KALA Care Global LLP - Belagavi,420435_9,Others/Remarks,Oil service,Sales Coordinator,Quotation Submitted,1-33FM0C1,NINGAPPA NADUVINKERI,ZO_West (CS),213558946,4R1040T BSIII,,PRAMODDHARIGOUD,VIDYA DHABALI,Q420435092700486,2026-06-18 16:52:02,,,
1-14062534351,2026-06-09 19:15:52,Manual,Sales Coordinator,BD Spares,KALA Care Global LLP - Pune,420435,KALA Care Global LLP - Kalaburagi,420435_13,BD Spares,Belt,Sales Coordinator,Converted,1-5LWV42N,SNEHA FARMS PVT LTD(KARNATAKA),ZO_West (CS),,Engines,,,Rani Barate,Q420435132700288,2026-06-09 19:22:33,,213562736,2026-06-09 19:14:31
1-14063436351,2026-06-10 10:09:09,Manual,Sales Coordinator,Others/Remarks,KALA Care Global LLP - Pune,420435,KALA Care Global LLP - Ahmednagar,420435_2,Others/Remarks,engine spares,Sales Coordinator,Invoiced Generated,1-38DNL5L,B4S SOLUTION PVT. LTD.,ZO_West (CS),,,,,Rani Barate,Q420435022700413,2026-06-10 10:25:59,,1-14123131451,2026-06-27 16:32:08
1-14063645441,2026-06-10 10:58:49,Manual,Sales Coordinator,Oil,KALA Care Global LLP - Pune,420435,KALA Care Global LLP - Vijayapura,420435_14,Oil,koel bandhan with engine oil service,Sales Coordinator,Quotation Submitted,1-22A-3139,Bijapur Kidney Foundation,ZO_West (CS),,4R1040T,62.5,,Rani Barate,Q420435142700129,2026-06-10 11:09:01,,212732480,2026-06-11 10:15:47
1-14063760081,2026-06-10 11:23:30,Manual,Sales Coordinator,Allied Oil,KALA Care Global LLP - Pune,420435,KALA Care Global LLP - Aurangabad,420435_1,Allied Oil,OIL,Sales Coordinator,Invoiced Generated,1-35O6X5U,KAUSHALYA CONSTRUCTION,ZO_West (CS),,,,,Rani Barate,Q420435012700423,2026-06-10 11:34:33,,1-14063867891,2026-06-10 11:46:41
1-14064088291,2026-06-10 12:33:33,Manual,Sales Coordinator,Others/Remarks,KALA Care Global LLP - Pune,420435,KALA Care Global LLP - Vijayapura,420435_14,Others/Remarks,spares quotation,Sales Coordinator,Does Not Qualify,1-1JP-2837,PUNDALIKA V BIRADAR,ZO_West (CS),,,,,Rani Barate,,,,,
1-14064107711,2026-06-10 12:32:27,Manual,Sales Coordinator,Paid Services -PM,KALA Care Global LLP - Pune,420435,KALA Care Global LLP - Ahmednagar,420435_2,Paid Services -PM,PAID SERVICING,Sales Coordinator,Qualifying,1-5NQ6DYF,Aniket Sudam Shirsath,ZO_West (CS),,HA494,,,Rani Barate,Q420435022700416,2026-06-10 12:45:34,,,
1-14064136771,2026-06-10 12:36:27,Manual,Sales Coordinator,BD Spares,KALA Care Global LLP - Pune,420435,KALA Care Global LLP - Belagavi,420435_9,BD Spares,PARTS REQUIRED,Sales Coordinator,Invoiced Generated,1-3N3AI1O,GURU RAGHAVENDRA TRADERS,ZO_West (CS),,,,,VIDYA DHABALI,Q420435092700423,2026-06-10 12:40:06,,1-14064259301,2026-06-10 12:40:35
1-14064343131,2026-06-10 13:03:27,Manual,Sales Coordinator,Oil,KALA Care Global LLP - Pune,420435,KALA Care Global LLP - Vijayapura,420435_14,Oil,engine oil service require,Sales Coordinator,Converted,1-4GREZRF,Bijapur DG. Power Controls Station Back Road,ZO_West (CS),,3R1040T G1,30,,Rani Barate,Q420435142700139,2026-06-11 10:40:49,,213568609,2026-06-11 12:35:06
1-14064381321,2026-06-10 12:50:52,Manual,Sales Coordinator,Oil,KALA Care Global LLP - Pune,420435,KALA Care Global LLP - Kalaburagi,420435_13,Oil,OIL,Sales Coordinator,Converted,1-199U1A8,SSV Infrastructures,ZO_West (CS),,,,,Rani Barate,Q420435132700290,2026-06-10 13:02:52,,1-14064489321,2026-06-10 13:05:35
1-14064484461,2026-06-10 13:09:20,Manual,Sales Coordinator,BD Spares,KALA Care Global LLP - Pune,420435,KALA Care Global LLP - Kalaburagi,420435_13,BD Spares,BD SPARES,Sales Coordinator,Converted,1-6GKA7VQ,NQ CONSTRUCTIONS,ZO_West (CS),,,,,Rani Barate,Q420435132700291,2026-06-10 13:18:07,,1-14065754551,2026-06-10 17:06:20
1-14064677301,2026-06-10 13:45:13,Manual,Sales Coordinator,Oil,KALA Care Global LLP - Pune,420435,KALA Care Global LLP - Kalaburagi,420435_13,Oil,Engine Oil Service,Sales Coordinator,Converted,1-2PU7UWV,MIRZA BASHIR BAIG-CLASS I CONTRACTOR,ZO_West (CS),,4R810,,,Rani Barate,Q420435132700292,2026-06-10 13:48:17,,213202163,2026-06-09 10:00:44
1-14064677647,2026-06-10 13:50:10,Manual,Sales Coordinator,Oil,KALA Care Global LLP - Pune,420435,KALA Care Global LLP - Kalaburagi,420435_13,Oil,Oil Service,Sales Coordinator,Converted,1-6G8AQB0,SSR EQUIPMENTS,ZO_West (CS),,4R1190,,,Rani Barate,Q420435132700293,2026-06-16 15:35:29,,213540442,2026-06-18 12:40:51
1-14064762113,2026-06-10 14:59:27,eFSR,Service Engineer,Oil,KALA Care Global LLP - Pune,420435,KALA Care Global LLP - Vijayapura,420435_14,BD Spares,Dc on off button pro,Sales Coordinator,Quotation Submitted,1-4WVVYAC,SHREE SIDDESHWARA CO OPERATIVE BANK,ZO_West (CS),213564294,3R550NA G1,15,UMESHPatil,Rani Barate,Q420435142700144,2026-06-10 17:34:21,,,
1-14064762113,2026-06-10 14:59:27,eFSR,Service Engineer,Oil,KALA Care Global LLP - Pune,420435,KALA Care Global LLP - Vijayapura,420435_14,Oil,Oil service required,Sales Coordinator,Quotation Submitted,1-4WVVYAC,SHREE SIDDESHWARA CO OPERATIVE BANK,ZO_West (CS),213564294,3R550NA G1,15,UMESHPatil,Rani Barate,Q420435142700144,2026-06-10 17:34:21,,,
1-14064762113,2026-06-10 14:59:27,eFSR,Service Engineer,Oil,KALA Care Global LLP - Pune,420435,KALA Care Global LLP - Vijayapura,420435_14,Service AMC/Bandhan/Anubandhan,Badanan pluse apoerc,Sales Coordinator,Quotation Submitted,1-4WVVYAC,SHREE SIDDESHWARA CO OPERATIVE BANK,ZO_West (CS),213564294,3R550NA G1,15,UMESHPatil,Rani Barate,Q420435142700144,2026-06-10 17:34:21,,,
1-14064789311,2026-06-10 14:23:19,Manual,Sales Coordinator,BD Spares,KALA Care Global LLP - Pune,420435,KALA Care Global LLP - Kalaburagi,420435_13,BD Spares,BD SPARES,Sales Coordinator,Converted,1-2E6A0C7,"A.K. ENGINEERS, GULBARGA",ZO_West (CS),,,,,Rani Barate,Q420435132700295,2026-06-10 14:31:14,,1-14064802551,2026-06-10 14:32:18
1-14064886341,2026-06-10 14:54:28,Manual,Sales Coordinator,,KALA Care Global LLP - Pune,420435,KALA Care Global LLP - Kalaburagi,420435_13,RECD,RECD,Sales Coordinator,Quotation Submitted,1-69M717G,Executive engineer (ODY),ZO_West (CS),,DV12TA G2,625,,Rani Barate,Q420435132700297,2026-06-10 15:13:35,,,
1-14065028295,2026-06-10 16:42:54,eFSR,Service Engineer,Coolant Change,KALA Care Global LLP - Pune,420435,KALA Care Global LLP - Nanded,420435_4,Coolant Change,Collent,Sales Coordinator,Does Not Qualify,1-OIE-1489,Vodafone,ZO_West (CS),213555940,6KL12TASR1,320,VINODBUKTARE,Jyoti Mangesh,,,,,
1-14065229711,2026-06-10 15:46:59,Manual,Sales Coordinator,Paid Services -PM,KALA Care Global LLP - Pune,420435,KALA Care Global LLP - Babhleshwar,420435_5,Paid Services -PM,PAID SERVICING,Sales Coordinator,Quotation Submitted,1-6BS-2915,Shri Ganesh Powers.,ZO_West (CS),,HA294,15,,Rani Barate,Q420435052700047,2026-06-10 16:01:14,,,
1-14065474331,2026-06-10 16:13:21,Manual,Sales Coordinator,Oil,KALA Care Global LLP - Pune,420435,KALA Care Global LLP - Vijayapura,420435_14,Oil,oil filters quotation require,Sales Coordinator,Quotation Submitted,1-2LSLY4L,PUNDALIK VITTHAL BIRADAR,ZO_West (CS),,,,,Rani Barate,Q420435142700143,2026-06-10 16:28:44,,,
1-14065591043,2026-06-10 17:13:44,eFSR,Service Engineer,Others/Remarks,KALA Care Global LLP - Pune,420435,KALA Care Global LLP - Vijayapura,420435_14,Others/Remarks,Not required,Sales Coordinator,Does Not Qualify,1-5IFI892,Sharada Public School,ZO_West (CS),213564248,4R810ETA4G1,58.5,MUTHURAJ MADIVALAPPANATIKAR,Rani Barate,,,,,
1-14065746367,2026-06-10 17:07:18,eFSR,Service Engineer,Others/Remarks,KALA Care Global LLP - Pune,420435,KALA Care Global LLP - Vijayapura,420435_14,Others/Remarks,Not required,Sales Coordinator,Does Not Qualify,1-5W1Y7V2,BADSHAHHEIGHTS REAL ESTATE AND HOSPITALITY LLP,ZO_West (CS),213564850,4K1080TA G2,125.4,MALLAPPA SADASHIVSANTI,Rani Barate,,,,,
1-14065819301,2026-06-10 17:14:09,Manual,Sales Coordinator,Oil,KALA Care Global LLP - Pune,420435,KALA Care Global LLP - Kalaburagi,420435_13,Oil,Oil service,Sales Coordinator,Converted,1-4MFL3FI,Mr.Ameer Soil Madri,ZO_West (CS),,,,,Rani Barate,Q420435132700298,2026-06-10 17:17:40,,1-14065799501,2026-06-10 17:18:03
1-14066035133,2026-06-10 18:54:09,eFSR,Service Engineer,Others/Remarks,KALA Care Global LLP - Pune,420435,KALA Care Global LLP - Hubli,420435_8,Coolant Change,Radiator fan's block,Sales Coordinator,Does Not Qualify,1-3IIZDDH,KARNATAK LINGAYAT EDUCATION SOCIETY,ZO_West (CS),213565883,4K1080TA G2,125.4,KAREPPADOOPAD,NIKITA HIREMATH,,,,,
1-14066035133,2026-06-10 18:54:09,eFSR,Service Engineer,Others/Remarks,KALA Care Global LLP - Pune,420435,KALA Care Global LLP - Hubli,420435_8,Others/Remarks,Oil service,Sales Coordinator,Does Not Qualify,1-3IIZDDH,KARNATAK LINGAYAT EDUCATION SOCIETY,ZO_West (CS),213565883,4K1080TA G2,125.4,KAREPPADOOPAD,NIKITA HIREMATH,,,,,
1-14066199818,2026-06-10 20:14:46,eFSR,Service Engineer,Battery,KALA Care Global LLP - Pune,420435,KALA Care Global LLP - Hubli,420435_8,BD Spares,Solinod,Sales Coordinator,Does Not Qualify,1-2LABQYZ,ENKAY GLOBAL IMPEX PVT. LTD.,ZO_West (CS),213565011,CC418G1,5,KHURSHIDHAVARAGI,NIKITA HIREMATH,,,,,
1-14066199818,2026-06-10 20:14:46,eFSR,Service Engineer,Battery,KALA Care Global LLP - Pune,420435,KALA Care Global LLP - Hubli,420435_8,Battery,Battery 12 voltage,Sales Coordinator,Does Not Qualify,1-2LABQYZ,ENKAY GLOBAL IMPEX PVT. LTD.,ZO_West (CS),213565011,CC418G1,5,KHURSHIDHAVARAGI,NIKITA HIREMATH,,,,,
1-14066200047,2026-06-10 22:37:10,eFSR,Service Engineer,Others/Remarks,KALA Care Global LLP - Pune,420435,KALA Care Global LLP - Hospet,420435_10,Others/Remarks,Oil service,Sales Coordinator,Converted,1-4HY9YHY,NANDHA CONSTRUCTIONS,ZO_West (CS),213564865,4R1190,,Parashuram GGouripurada,B Sneha Ballari,Q420435102700470,2026-06-18 12:41:09,,213233646,2026-06-16 17:51:25
1-14066200047,2026-06-10 22:37:10,eFSR,Service Engineer,Others/Remarks,KALA Care Global LLP - Pune,420435,KALA Care Global LLP - Hospet,420435_10,Paid Services -PM,Oil service,Sales Coordinator,Converted,1-4HY9YHY,NANDHA CONSTRUCTIONS,ZO_West (CS),213564865,4R1190,,Parashuram GGouripurada,B Sneha Ballari,Q420435102700470,2026-06-18 12:41:09,,213233646,2026-06-16 17:51:25
1-14066200047,2026-06-10 22:37:10,eFSR,Service Engineer,Others/Remarks,KALA Care Global LLP - Pune,420435,KALA Care Global LLP - Hospet,420435_10,Service AMC/Bandhan/Anubandhan,Oil service,Sales Coordinator,Converted,1-4HY9YHY,NANDHA CONSTRUCTIONS,ZO_West (CS),213564865,4R1190,,Parashuram GGouripurada,B Sneha Ballari,Q420435102700470,2026-06-18 12:41:09,,213233646,2026-06-16 17:51:25
1-14066212778,2026-06-10 20:57:59,eFSR,Service Engineer,Others/Remarks,KALA Care Global LLP - Pune,420435,KALA Care Global LLP - Hubli,420435_8,Coolant Change,Radiator fan's block,Sales Coordinator,Does Not Qualify,1-4M3SHQY,THE PRINCIPAL KLE JGMM MEDICAL COLLEGE,ZO_West (CS),213566473,4K1080TA G2,125.4,KAREPPADOOPAD,NIKITA HIREMATH,,,,,
1-14066212778,2026-06-10 20:57:59,eFSR,Service Engineer,Others/Remarks,KALA Care Global LLP - Pune,420435,KALA Care Global LLP - Hubli,420435_8,Others/Remarks,Oil service,Sales Coordinator,Does Not Qualify,1-4M3SHQY,THE PRINCIPAL KLE JGMM MEDICAL COLLEGE,ZO_West (CS),213566473,4K1080TA G2,125.4,KAREPPADOOPAD,NIKITA HIREMATH,,,,,
1-14067419301,2026-06-11 10:47:20,Manual,Sales Coordinator,Oil,KALA Care Global LLP - Pune,420435,KALA Care Global LLP - Vijayapura,420435_14,Oil,b check with engine oil service,Sales Coordinator,Quotation Submitted,1-5TX0RDR,SHREE MAHALAXMI TEXTILES,ZO_West (CS),,4R810ETA4G1,58.5,,Rani Barate,Q420435142700145,2026-06-11 10:56:36,,,
1-14067545161,2026-06-11 11:22:27,Manual,Sales Coordinator,Paid Services -PM,KALA Care Global LLP - Pune,420435,KALA Care Global LLP - Kalaburagi,420435_13,Oil,OIL,Sales Coordinator,Quotation Submitted,1-4QY40IF,IDEAL  ASSOCIATES,ZO_West (CS),,Engines,,,Rani Barate,Q420435132700301,2026-07-03 14:38:53,,,
1-14067731541,2026-06-11 11:49:47,Manual,Sales Coordinator,,KALA Care Global LLP - Pune,420435,KALA Care Global LLP - Kalaburagi,420435_13,Battery,BATTERY,Sales Coordinator,Converted,1-5VI-236,Veerappa Nisty Engineering College,ZO_West (CS),,2R1040,20,,Rani Barate,Q420435132700563,2026-08-08 12:21:22,,213807268,2026-08-07 18:56:42
1-14067943861,2026-06-11 12:19:55,Manual,Sales Coordinator,Oil,KALA Care Global LLP - Pune,420435,KALA Care Global LLP - Kalaburagi,420435_13,Oil,Engine Oil Service,Sales Coordinator,Converted,1-4651STO,Kanyaka Silks,ZO_West (CS),,4R810TA G1,62.5,,Rani Barate,Q420435132700304,2026-06-11 12:23:33,,212697756,2026-06-11 12:39:35
1-14068000273,2026-06-11 12:51:36,eFSR,Service Engineer,Oil,KALA Care Global LLP - Pune,420435,KALA Care Global LLP - Hubli,420435_8,Oil,Oil service required,Sales Coordinator,Does Not Qualify,1-607VM0F,Midmac Developers Private Limited,ZO_West (CS),213566647,3R1040T G1,30,KHURSHIDHAVARAGI,NIKITA HIREMATH,,,,,
1-14068119179,2026-06-11 13:26:20,eFSR,Service Engineer,Others/Remarks,KALA Care Global LLP - Pune,420435,KALA Care Global LLP - Belagavi,420435_9,Others/Remarks,ECU required,Sales Coordinator,Does Not Qualify,1-ANDK3J,Iscon Temple,ZO_West (CS),213568387,3R1190ENA 4G1,30,SATISHNAVAGEKAR,VIDYA DHABALI,,,,,
1-14068215351,2026-06-11 12:58:16,Manual,Sales Coordinator,Others/Remarks,KALA Care Global LLP - Pune,420435,KALA Care Global LLP - Belagavi,420435_9,BD Spares,PARTS REQUIRED,Sales Coordinator,Invoiced Generated,1-5LO9544,ISHA HYDRO POWER,ZO_West (CS),,,,,VIDYA DHABALI,Q420435092700438,2026-06-11 13:00:43,,1-14068206631,2026-06-11 13:03:12
1-14068366018,2026-06-11 14:23:26,eFSR,Service Engineer,Others/Remarks,KALA Care Global LLP - Pune,420435,KALA Care Global LLP - Belagavi,420435_9,Others/Remarks,Oil service due,Sales Coordinator,Converted,1-3UQ62NN,Shri Daneshwari Petroleum,ZO_West (CS),212845311,HA294 G1,15,PRASHANTPATIL,VIDYA DHABALI,Q420435092700485,2026-08-13 13:34:30,,212845312,2026-08-13 12:30:56
1-14068373686,2026-06-11 13:57:04,eFSR,Service Engineer,BD Spares,KALA Care Global LLP - Pune,420435,KALA Care Global LLP - Belagavi,420435_9,BD Spares,LVM 3 phase,Service Coordinator,Converted,1-4CYIQF9,BELPUMPS (INDIA) PRIVATE LIMITED,ZO_West (CS),213567913,3R550NA G1,15,GAJANANBHOSALE,VIDYA DHABALI,Q420435092700463,2026-06-15 13:00:49,,213582174,2026-06-15 12:55:22
1-14068542091,2026-06-11 14:40:23,Manual,Sales Coordinator,Overhauling,KALA Care Global LLP - Pune,420435,KALA Care Global LLP - Kalaburagi,420435_13,Overhauling,TOP OVERHAUL,Sales Coordinator,Converted,1-32A6VW7,SANTOSH BASUDE,ZO_West (CS),,,,,Rani Barate,Q420435132700306,2026-06-11 14:48:50,,1-14068606171,2026-06-11 14:50:28
1-14068548678,2026-06-11 14:56:10,eFSR,Service Engineer,Oil,KALA Care Global LLP - Pune,420435,KALA Care Global LLP - Aurangabad,420435_1,BD Spares,All speyar,Sales Coordinator,Does Not Qualify,1-41ZL5NA,COURAGE INFRA PRIVATE LIMITED,ZO_West (CS),213516009,3R550NA,15,GANESHPATTHE,Rani Barate,,,,,
1-14068548678,2026-06-11 14:56:10,eFSR,Service Engineer,Oil,KALA Care Global LLP - Pune,420435,KALA Care Global LLP - Aurangabad,420435_1,Oil,200 li,Sales Coordinator,Does Not Qualify,1-41ZL5NA,COURAGE INFRA PRIVATE LIMITED,ZO_West (CS),213516009,3R550NA,15,GANESHPATTHE,Rani Barate,,,,,
1-14068582726,2026-06-11 14:57:16,eFSR,Service Engineer,Others/Remarks,KALA Care Global LLP - Pune,420435,KALA Care Global LLP - Ahmednagar,420435_2,Others/Remarks,Engine alarm shoeing,Sales Coordinator,Does Not Qualify,1-64KJRGL,Metamint Alloys India Pvt Ltd,ZO_West (CS),213502042,6SL90ETA 4G3,320,ALSIFSHAIKH,Rani Barate,,,,,
1-14069126028,2026-06-11 16:20:54,eFSR,Service Engineer,BD Spares,KALA Care Global LLP - Pune,420435,KALA Care Global LLP - Belagavi,420435_9,BD Spares,Return fuel pipe,Service Coordinator,Quotation Submitted,1-1WC-355,Gogate Petrolium,ZO_West (CS),213569296,HA494,30,GAJANANBHOSALE,VIDYA DHABALI,Q420435092700460,2026-06-15 13:10:01,,,
1-14069171041,2026-06-11 15:48:08,Manual,Sales Coordinator,Others/Remarks,KALA Care Global LLP - Pune,420435,KALA Care Global LLP - Ahmednagar,420435_2,Others/Remarks,ENGINE SPARES,Sales Coordinator,Invoiced Generated,1-KMY7PI,Om Sai Hydrolicks.,ZO_West (CS),,,,,Rani Barate,Q420435022700425,2026-06-12 10:22:58,,1-14071090101,2026-06-12 10:23:04
1-14069249538,2026-06-11 16:05:47,eFSR,Service Engineer,Others/Remarks,KALA Care Global LLP - Pune,420435,KALA Care Global LLP - Ahmednagar,420435_2,Others/Remarks,,Sales Coordinator,New,1-5RBI4TU,Elevar Digitel Infrastructure Pvt Ltd.,ZO_West (CS),213564287,4K1080ETA4G1,100,RUSHIKESHMAGAR,,,,,,
1-14069374511,2026-06-11 16:21:17,Manual,Sales Coordinator,Paid Services -PM,KALA Care Global LLP - Pune,420435,KALA Care Global LLP - Ahmednagar,420435_2,Others/Remarks,PAID SERVICING,Sales Coordinator,Quotation Submitted,1-5SPMMMX,Pratik Chothe,ZO_West (CS),,HA494,,,Rani Barate,Q420435022700427,2026-06-11 16:36:31,,,
1-14069400301,2026-06-11 16:23:05,Manual,Sales Coordinator,Oil,KALA Care Global LLP - Pune,420435,KALA Care Global LLP - Kalaburagi,420435_13,Oil,Engine Oil Service.,Sales Coordinator,Quotation Submitted,1-4UVOF3S,Shri Shantashivayogishwara Samstana Matha Hedagimadra,ZO_West (CS),,4R810TA G1,62.5,,Rani Barate,Q420435132700307,2026-06-11 16:27:46,,,
1-14069422418,2026-06-11 16:31:36,eFSR,Service Engineer,BD Spares,KALA Care Global LLP - Pune,420435,KALA Care Global LLP - Ballari,420435_11,BD Spares,Stop,Service Coordinator,New,1-5OYX3KV,Jindal Saw Limited,ZO_West (CS),213567981,6R1080TA,,NAGARAJ PPATEGOWDAR,,,,,,
1-14069481301,2026-06-11 16:39:54,Manual,Sales Coordinator,Paid Services -PM,KALA Care Global LLP - Pune,420435,KALA Care Global LLP - Ahmednagar,420435_2,Paid Services -PM,PAID SERVICING,Sales Coordinator,In Progress,1-63ZBL04,Pratik Sunil Chothe,ZO_West (CS),,HA494,,,,,,,,
1-14069545101,2026-06-11 17:06:33,Manual,Sales Coordinator,BD Spares,KALA Care Global LLP - Pune,420435,KALA Care Global LLP - Kalaburagi,420435_13,BD Spares,BD SPARES,Sales Coordinator,Quotation Submitted,1-4D1MDJM,CHETTINAD PRODUCTS AND SERVICES PRIVATE LIMITED,ZO_West (CS),,,,,Rani Barate,Q420435132700308,2026-06-11 17:20:47,,,
1-14069710651,2026-06-11 17:30:16,Manual,Sales Coordinator,Oil,KALA Care Global LLP - Pune,420435,KALA Care Global LLP - Vijayapura,420435_14,Oil,engine oil service quotation required,Sales Coordinator,Converted,1-2IV77UL,SUNIL MADIVALAPPA ULLAGADDI CIVIL CONTRACTOR,ZO_West (CS),,HA694,,,Rani Barate,Q420435142700146,2026-06-11 17:37:09,,212699829,2026-06-12 15:36:01
1-14069769009,2026-06-11 19:10:43,eFSR,Service Engineer,Service AMC/Bandhan/Anubandhan,KALA Care Global LLP - Pune,420435,KALA Care Global LLP - Hospet,420435_10,BD Spares,Give quetation conve,Sales Coordinator,In Progress,1-337VTAV,MR SHRIDHAR KULKARNI - RAICHUR,ZO_West (CS),213549262,3R1040T G1,35,VIJAYKUMAR,,,,,,
1-14069769009,2026-06-11 19:10:43,eFSR,Service Engineer,Service AMC/Bandhan/Anubandhan,KALA Care Global LLP - Pune,420435,KALA Care Global LLP - Hospet,420435_10,Others/Remarks,Give quatation conve,Sales Coordinator,In Progress,1-337VTAV,MR SHRIDHAR KULKARNI - RAICHUR,ZO_West (CS),213549262,3R1040T G1,35,VIJAYKUMAR,,,,,,
1-14069769009,2026-06-11 19:10:43,eFSR,Service Engineer,Service AMC/Bandhan/Anubandhan,KALA Care Global LLP - Pune,420435,KALA Care Global LLP - Hospet,420435_10,Service AMC/Bandhan/Anubandhan,Given to quatation O,Sales Coordinator,In Progress,1-337VTAV,MR SHRIDHAR KULKARNI - RAICHUR,ZO_West (CS),213549262,3R1040T G1,35,VIJAYKUMAR,,,,,,
1-14069826311,2026-06-11 17:43:45,Manual,Sales Coordinator,,KALA Care Global LLP - Pune,420435,KALA Care Global LLP - Kalaburagi,420435_13,,,Sales Coordinator,In Progress,,,ZO_West (CS),,,,,,,,,,
1-14069826315,2026-06-11 17:44:17,Manual,Sales Coordinator,Allied Oil,KALA Care Global LLP - Pune,420435,KALA Care Global LLP - Kalaburagi,420435_13,Allied Oil,ALLIED OIL,Sales Coordinator,Quotation Submitted,1-4OJY02K,Gulbarga Enterprises,ZO_West (CS),,4K1080ETA4G1,125.4,,Rani Barate,Q420435132700309,2026-06-11 17:54:46,,,
1-14069962741,2026-06-11 18:05:13,Manual,Sales Coordinator,Oil,KALA Care Global LLP - Pune,420435,KALA Care Global LLP - Kalaburagi,420435_13,Oil,Engine Oil Service.,Sales Coordinator,Converted,1-6GJC8XR,RHC CONSTRUCTIONS.,ZO_West (CS),,HA494,,,Rani Barate,Q420435132700310,2026-06-11 18:07:57,,213563541,2026-06-13 11:00:56
1-14070221969,2026-06-11 20:14:34,eFSR,Service Engineer,BD Spares,KALA Care Global LLP - Pune,420435,KALA Care Global LLP - Belagavi,420435_9,BD Spares,Disel pipe,Service Coordinator,Does Not Qualify,1-3KMXJT,ICICI Bank Limited,ZO_West (CS),213568537,EA16,10,AMITMEKKALIKE,VIDYA DHABALI,,,,,
1-14071001961,2026-06-12 10:07:47,Manual,Sales Coordinator,Others/Remarks,KALA Care Global LLP - Pune,420435,KALA Care Global LLP - Belagavi,420435_9,Allied Oil,PARTS REQUIRED,Sales Coordinator,Invoiced Generated,1-5LO9544,ISHA HYDRO POWER,ZO_West (CS),,,,,VIDYA DHABALI,Q420435092700446,2026-06-12 12:01:05,,1-14071614972,2026-06-12 12:01:28
1-14071328051,2026-06-12 11:02:20,Manual,Sales Coordinator,Oil,KALA Care Global LLP - Pune,420435,KALA Care Global LLP - Belagavi,420435_9,Oil,OIL QUOTATION,Sales Coordinator,Not Converted,1-4BG9Q30,SHREE KEDAR GENERATOR,ZO_West (CS),,,,,VIDYA DHABALI,,,,,
1-14071567323,2026-06-12 11:43:40,Manual,Sales Coordinator,Battery,KALA Care Global LLP - Pune,420435,KALA Care Global LLP - Parbhani,420435_7,Battery,BATTERY REQ,Sales Coordinator,Invoiced Generated,1-1W3-4927,Devkrupa Bakers Pvt Ltd.,ZO_West (CS),,4R1040T,62.5,,Rani Barate,Q420435072700073,2026-06-12 11:59:05,2026-06-13 17:07:17,1-14076948321,2026-06-13 17:10:45
1-14071623331,2026-06-12 11:54:53,Manual,Sales Coordinator,Paid Services -PM,KALA Care Global LLP - Pune,420435,KALA Care Global LLP - Ahmednagar,420435_2,Paid Services -PM,PAID SERVICING,Sales Coordinator,Quotation Submitted,1-50NGNE1,SANDIP RAMNATH KAKANI,ZO_West (CS),,HA494,,,Rani Barate,Q420435022700428,2026-06-12 13:07:02,,,
1-14071626111,2026-06-12 12:03:25,Manual,Sales Coordinator,BD Spares,KALA Care Global LLP - Pune,420435,KALA Care Global LLP - Belagavi,420435_9,BD Spares,SPARES REQUIRED,Sales Coordinator,Invoiced Generated,1-3N3AI1O,GURU RAGHAVENDRA TRADERS,ZO_West (CS),,,,,VIDYA DHABALI,Q420435092700451,2026-06-12 12:50:35,,1-14071849541,2026-06-12 12:50:51
1-14072053531,2026-06-12 13:30:18,Manual,Sales Coordinator,Others/Remarks,KALA Care Global LLP - Pune,420435,KALA Care Global LLP - Ballari,420435_11,Others/Remarks,Pump Required,Sales Coordinator,Invoiced Generated,1-5OCPT9I,CNL ENTERPRISES,ZO_West (CS),,,,,Rani Barate,Q420435112700128,2026-06-12 13:36:41,2026-06-12 13:37:15,1-14072064901,2026-06-12 13:37:56
1-14072063998,2026-06-12 14:16:56,eFSR,Service Engineer,Oil,KALA Care Global LLP - Pune,420435,KALA Care Global LLP - Vijayapura,420435_14,Oil,Need to be oil seive,Sales Coordinator,Quotation Submitted,1-5HMLWUS,SHRI SIDDESHWAR LOKA KALYANA CHARITABLE TRUST,ZO_West (CS),213572061,6SL1500TA G3,250,UMESHPatil,Rani Barate,Q420435142700150,2026-06-13 11:09:53,,,
1-14072063998,2026-06-12 14:16:56,eFSR,Service Engineer,Oil,KALA Care Global LLP - Pune,420435,KALA Care Global LLP - Vijayapura,420435_14,Paid Services -PM,Paid service,Sales Coordinator,Quotation Submitted,1-5HMLWUS,SHRI SIDDESHWAR LOKA KALYANA CHARITABLE TRUST,ZO_West (CS),213572061,6SL1500TA G3,250,UMESHPatil,Rani Barate,Q420435142700150,2026-06-13 11:09:53,,,
1-14072063998,2026-06-12 14:16:56,eFSR,Service Engineer,Oil,KALA Care Global LLP - Pune,420435,KALA Care Global LLP - Vijayapura,420435_14,Service AMC/Bandhan/Anubandhan,BANDANA Pluse,Sales Coordinator,Quotation Submitted,1-5HMLWUS,SHRI SIDDESHWAR LOKA KALYANA CHARITABLE TRUST,ZO_West (CS),213572061,6SL1500TA G3,250,UMESHPatil,Rani Barate,Q420435142700150,2026-06-13 11:09:53,,,
1-14072071812,2026-06-12 13:37:51,Manual,Sales Coordinator,Oil,KALA Care Global LLP - Pune,420435,KALA Care Global LLP - Kalaburagi,420435_13,Oil,oil,Sales Coordinator,Quotation Submitted,1-4C6OCIG,ARTHVED INFRATECH PRIVATE LIMITED,ZO_West (CS),,3R1040T G1,25,,Rani Barate,Q420435132700311,2026-06-13 19:08:48,,,
1-14072437447,2026-06-12 14:35:38,eFSR,Service Engineer,BD Spares,KALA Care Global LLP - Pune,420435,KALA Care Global LLP - Belagavi,420435_9,BD Spares,Mccb,Service Coordinator,Converted,1-4YVF868,CIVET Projects Private Limited,ZO_West (CS),213572262,4K1080ETA4G1,125,AMITMEKKALIKE,VIDYA DHABALI,Q420435092700459,2026-06-15 10:16:27,,213589856,2026-06-17 10:31:57
1-14072438217,2026-06-12 15:03:37,eFSR,Service Engineer,BD Spares,KALA Care Global LLP - Pune,420435,KALA Care Global LLP - Belagavi,420435_9,BD Spares,Fuse,Service Coordinator,Does Not Qualify,1-409VYQU,M/S Shivarao Dubeer & Co,ZO_West (CS),213572244,EA10NA 4G1,7.5,SANTOSHKUNIKAR,VIDYA DHABALI,,,,,
1-14072510997,2026-06-12 15:57:30,eFSR,Service Engineer,BD Spares,KALA Care Global LLP - Pune,420435,KALA Care Global LLP - Kalaburagi,420435_13,BD Spares,All hose pipe needs,Service Coordinator,Quotation Submitted,1-4KEVP6L,Employees Provident Fund Organisation Regional Office Gulbarga,ZO_West (CS),209493171,4R1190,50,AKBARAHMED,Rani Barate,Q420435132700328,2026-06-13 19:10:03,,,
1-14072580627,2026-06-12 15:21:27,eFSR,Service Engineer,Others/Remarks,KALA Care Global LLP - Pune,420435,KALA Care Global LLP - Hospet,420435_10,Others/Remarks,No,Sales Coordinator,Does Not Qualify,1-KBMQ43,KARNATAKA BANK,ZO_West (CS),213572466,3R550NA 4G1,10,Krishna kumarG,B Sneha Ballari,,,,,
1-14072629803,2026-06-12 15:37:04,eFSR,Service Engineer,Others/Remarks,KALA Care Global LLP - Pune,420435,KALA Care Global LLP - Belagavi,420435_9,Others/Remarks,Oil service due,Sales Coordinator,Does Not Qualify,1-4TXT47E,Malaprabha Fertilizers Private Limited,ZO_West (CS),213572063,3R1040TA G1,45,PRASHANTPATIL,VIDYA DHABALI,,,,,
1-14072676771,2026-06-12 15:33:49,Manual,Sales Coordinator,Overhauling,KALA Care Global LLP - Pune,420435,KALA Care Global LLP - Belagavi,420435_9,Overhauling,OVERALL QUOTE REQUIRED,Sales Coordinator,Qualifying,1-3NQDB3Z,UDAYSHIVAKUMAR INFRA LIMITED,ZO_West (CS),,4R1040T-BS-III,,,VIDYA DHABALI,Q420435092700456,,,,
1-14072802301,2026-06-12 15:51:47,Manual,Sales Coordinator,Oil,KALA Care Global LLP - Pune,420435,KALA Care Global LLP - Kalaburagi,420435_13,Oil,Oil Service,Sales Coordinator,Quotation Submitted,1-3601WU5,Goodwill Auto,ZO_West (CS),,EA16 G1,7.5,,Rani Barate,Q420435132700312,2026-06-12 15:58:58,,,
1-14072802833,2026-06-12 16:00:41,Manual,Sales Coordinator,Oil,KALA Care Global LLP - Pune,420435,KALA Care Global LLP - Kalaburagi,420435_13,Oil,Oil Service,Sales Coordinator,Quotation Submitted,1-1KS-365,Goodwill Autos,ZO_West (CS),,EA16 G1,7.5,,Rani Barate,Q420435132700313,2026-06-12 16:06:01,,,
1-14072951301,2026-06-12 16:23:55,Manual,Sales Coordinator,BD Spares,KALA Care Global LLP - Pune,420435,KALA Care Global LLP - Kalaburagi,420435_13,BD Spares,Fan,Sales Coordinator,Converted,1-2YPVW1L,GOVIND R. CHAVAN,ZO_West (CS),,,,,Rani Barate,Q420435132700314,2026-06-12 16:40:31,,1-14092499951,2026-06-18 18:17:01
1-14073242271,2026-06-12 18:16:18,eFSR,Service Engineer,Others/Remarks,KALA Care Global LLP - Pune,420435,KALA Care Global LLP - Hospet,420435_10,Others/Remarks,Customer need oil se,Sales Coordinator,Does Not Qualify,1-RFR2J1,Home Touch Catering Service,ZO_West (CS),213573395,HA294 G1,15,JilanShekshavali,B Sneha Ballari,,,,,
1-14073291528,2026-06-12 17:19:06,eFSR,Service Engineer,Oil,KALA Care Global LLP - Pune,420435,KALA Care Global LLP - Vijayapura,420435_14,Oil,Need to be oil sreiv,Sales Coordinator,Converted,1-5HMLWUS,SHRI SIDDESHWAR LOKA KALYANA CHARITABLE TRUST,ZO_West (CS),213572116,6SL1500TA G3,250,UMESHPatil,Rani Barate,Q420435142700149,2026-08-18 11:12:49,,212104687,2026-08-12 11:33:06
1-14073291528,2026-06-12 17:19:06,eFSR,Service Engineer,Oil,KALA Care Global LLP - Pune,420435,KALA Care Global LLP - Vijayapura,420435_14,Paid Services -PM,Required,Sales Coordinator,Converted,1-5HMLWUS,SHRI SIDDESHWAR LOKA KALYANA CHARITABLE TRUST,ZO_West (CS),213572116,6SL1500TA G3,250,UMESHPatil,Rani Barate,Q420435142700149,2026-08-18 11:12:49,,212104687,2026-08-12 11:33:06
1-14073291528,2026-06-12 17:19:06,eFSR,Service Engineer,Oil,KALA Care Global LLP - Pune,420435,KALA Care Global LLP - Vijayapura,420435_14,Service AMC/Bandhan/Anubandhan,BANDANA pluse apoerc,Sales Coordinator,Converted,1-5HMLWUS,SHRI SIDDESHWAR LOKA KALYANA CHARITABLE TRUST,ZO_West (CS),213572116,6SL1500TA G3,250,UMESHPatil,Rani Barate,Q420435142700149,2026-08-18 11:12:49,,212104687,2026-08-12 11:33:06
1-14073295868,2026-06-12 17:48:15,eFSR,Service Engineer,Others/Remarks,KALA Care Global LLP - Pune,420435,KALA Care Global LLP - Hubli,420435_8,Others/Remarks,Fuel gauge,Sales Coordinator,Does Not Qualify,1-5WTZODR,SA CONCRETE INDIA PRIVATE LIMITED,ZO_West (CS),213571973,HA694,,KAREPPADOOPAD,NIKITA HIREMATH,,,,,
1-14073296032,2026-06-12 17:59:49,eFSR,Service Engineer,Others/Remarks,KALA Care Global LLP - Pune,420435,KALA Care Global LLP - Ahmednagar,420435_2,BD Spares,V belt required.,Sales Coordinator,New,1-3XOOZWI,Gandhi Hospital And ICU Centre,ZO_West (CS),213572211,HA294,15,RUSHIKESHMAGAR,,,,,,
1-14073296032,2026-06-12 17:59:49,eFSR,Service Engineer,Others/Remarks,KALA Care Global LLP - Pune,420435,KALA Care Global LLP - Ahmednagar,420435_2,Others/Remarks,V belt required.,Sales Coordinator,New,1-3XOOZWI,Gandhi Hospital And ICU Centre,ZO_West (CS),213572211,HA294,15,RUSHIKESHMAGAR,,,,,,
1-14073497301,2026-06-12 17:36:37,Manual,Sales Coordinator,Oil,KALA Care Global LLP - Pune,420435,KALA Care Global LLP - Kalaburagi,420435_13,Oil,Engine Oil Service,Sales Coordinator,Quotation Submitted,1-3601WU5,Goodwill Auto,ZO_West (CS),,EA16 G1,10,,Rani Barate,Q420435132700315,2026-06-12 17:40:28,,,
1-14073497691,2026-06-12 17:42:11,Manual,Sales Coordinator,Oil,KALA Care Global LLP - Pune,420435,KALA Care Global LLP - Kalaburagi,420435_13,Oil,Engine Oil Service,Sales Coordinator,Quotation Submitted,1-K0G-447,Good Will Auto  - LIC of India.,ZO_West (CS),,RB22,20,,Rani Barate,Q420435132700316,2026-06-12 17:45:45,,,
1-14073700749,2026-06-12 19:54:58,eFSR,Service Engineer,Others/Remarks,KALA Care Global LLP - Pune,420435,KALA Care Global LLP - Hospet,420435_10,Others/Remarks,Give quatation head,Sales Coordinator,Does Not Qualify,1-5GQGHBT,P L Grandsons Astec Private Limited,ZO_West (CS),213574500,HA694,,VIJAYKUMAR,B Sneha Ballari,,,,,
1-14073700749,2026-06-12 19:54:58,eFSR,Service Engineer,Others/Remarks,KALA Care Global LLP - Pune,420435,KALA Care Global LLP - Hospet,420435_10,Overhauling,Give quatation top o,Sales Coordinator,Does Not Qualify,1-5GQGHBT,P L Grandsons Astec Private Limited,ZO_West (CS),213574500,HA694,,VIJAYKUMAR,B Sneha Ballari,,,,,
1-14073731838,2026-06-12 23:46:44,eFSR,Service Engineer,Others/Remarks,KALA Care Global LLP - Pune,420435,KALA Care Global LLP - Hospet,420435_10,Others/Remarks,Need engine oraling,Sales Coordinator,New,1-5VZH0MU,M/S.MSPL LTD,ZO_West (CS),213568612,EA10NA 4G1,7.5,DadapeerDadapeer,,,,,,
1-14073731838,2026-06-12 23:46:44,eFSR,Service Engineer,Others/Remarks,KALA Care Global LLP - Pune,420435,KALA Care Global LLP - Hospet,420435_10,Others/Remarks,Need full engine ora,Sales Coordinator,New,1-5VZH0MU,M/S.MSPL LTD,ZO_West (CS),213568612,EA10NA 4G1,7.5,DadapeerDadapeer,,,,,,
1-14074660411,2026-06-13 10:08:25,Manual,Sales Coordinator,Paid Services -PM,KALA Care Global LLP - Pune,420435,KALA Care Global LLP - Kalaburagi,420435_13,Paid Services -PM,OIL SERVICE,Sales Coordinator,Nurturing,1-4A6JD67,HUVANNA B KARAGUL,ZO_West (CS),,4R1190,,,Rani Barate,,,,,
1-14074756081,2026-06-13 10:35:26,Manual,Sales Coordinator,Oil,KALA Care Global LLP - Pune,420435,KALA Care Global LLP - Vijayapura,420435_14,Oil,c check with engine oil service,Sales Coordinator,Converted,1-3HVU21H,ACCURATE POWERTECH INDIA PVT LTD.,ZO_West (CS),,3R550TC 4G1 CPCB4+,15,,Rani Barate,Q420435142700148,2026-06-15 11:17:40,,211544466,2026-06-23 16:59:58
1-14074783410,2026-06-13 10:42:23,eFSR,Service Engineer,Others/Remarks,KALA Care Global LLP - Pune,420435,KALA Care Global LLP - Beed,420435_3,Oil,Engine lub,Sales Coordinator,New,1-67U2WHD,Gopalghare Pravin Pralhad..,ZO_West (CS),213572259,4R1190,,BALASAHEBGADHAVE,,,,,,
1-14074783410,2026-06-13 10:42:23,eFSR,Service Engineer,Others/Remarks,KALA Care Global LLP - Pune,420435,KALA Care Global LLP - Beed,420435_3,Others/Remarks,Engine lub oil,Sales Coordinator,New,1-67U2WHD,Gopalghare Pravin Pralhad..,ZO_West (CS),213572259,4R1190,,BALASAHEBGADHAVE,,,,,,
1-14074983581,2026-06-13 11:22:39,Manual,Sales Coordinator,Paid Services -PM,KALA Care Global LLP - Pune,420435,KALA Care Global LLP - Hospet,420435_10,Paid Services -PM,oil service,Sales Coordinator,Converted,1-5U2Z247,Jamakhandi Abdul Rashid,ZO_West (CS),,4R810,,,B Sneha Ballari,Q420435102700426,2026-06-13 11:42:07,,213137475,2026-06-10 15:51:08
1-14075365661,2026-06-13 12:40:36,Manual,Sales Coordinator,Oil,KALA Care Global LLP - Pune,420435,KALA Care Global LLP - Kalaburagi,420435_13,Oil,Engine Oil Service,Sales Coordinator,Qualifying,1-1KS-365,Goodwill Autos,ZO_West (CS),,HA494T,40,,Rani Barate,Q420435132700319,2026-06-13 12:46:35,,,
1-14075478651,2026-06-13 12:47:59,Manual,Sales Coordinator,Oil,KALA Care Global LLP - Pune,420435,KALA Care Global LLP - Kalaburagi,420435_13,Oil,Engine Oil Service,Sales Coordinator,Quotation Submitted,1-5VR-3451,Goodwill Autos,ZO_West (CS),,HA494T,45,,Rani Barate,Q420435132700320,2026-06-13 12:52:40,,,
1-14075575507,2026-06-13 12:53:48,Manual,Sales Coordinator,Oil,KALA Care Global LLP - Pune,420435,KALA Care Global LLP - Kalaburagi,420435_13,Oil,oil,Sales Coordinator,Quotation Submitted,1-3601WU5,Goodwill Auto,ZO_West (CS),,3R1040T G1,35,,Rani Barate,Q420435132700321,2026-06-13 12:58:43,,,
1-14075676341,2026-06-13 13:04:09,Manual,Sales Coordinator,Oil,KALA Care Global LLP - Pune,420435,KALA Care Global LLP - Kalaburagi,420435_13,Oil,oil,Sales Coordinator,Converted,1-1802K5I,YASHODHA CHILDREN’S HOSPITAL,ZO_West (CS),,3R1040TA G1,45,,Rani Barate,Q420435132700322,2026-06-13 13:08:51,,210318636,2026-06-13 11:32:26
1-14075918521,2026-06-13 13:56:41,Manual,Sales Coordinator,Others/Remarks,KALA Care Global LLP - Pune,420435,KALA Care Global LLP - Aurangabad,420435_1,Others/Remarks,SPARES,Sales Coordinator,Invoiced Generated,1-4MB7TFW,Essar Vikrant Petroleum,ZO_West (CS),,,,,B Sneha Ballari,Q420435012700453,2026-06-13 14:01:39,2026-06-13 14:02:20,1-14075955481,2026-06-13 14:05:57
1-14075918759,2026-06-13 14:06:09,Manual,Sales Coordinator,Others/Remarks,KALA Care Global LLP - Pune,420435,KALA Care Global LLP - Aurangabad,420435_1,Others/Remarks,SPARE,Sales Coordinator,Invoiced Generated,1-449LEZK,ABHI ELECTRICALS,ZO_West (CS),,,,,B Sneha Ballari,Q420435012700454,2026-06-13 14:10:37,,1-14075969481,2026-06-13 14:12:29
1-14076050301,2026-06-13 14:31:40,Manual,Sales Coordinator,Others/Remarks,KALA Care Global LLP - Pune,420435,KALA Care Global LLP - Ahmednagar,420435_2,Others/Remarks,Engine spares,Sales Coordinator,Invoiced Generated,1-8BSTXR,B.S. SONAWANE,ZO_West (CS),,,,,Rani Barate,Q420435022700439,2026-06-13 14:43:50,,1-14076056911,2026-06-13 14:44:20
1-14076229129,2026-06-13 15:28:22,Manual,Sales Coordinator,Paid Services -PM,KALA Care Global LLP - Pune,420435,KALA Care Global LLP - Hubli,420435_8,Paid Services -PM,OIL SERVICE,Sales Coordinator,Converted,1-2ID15Q3,Mantra Hotel,ZO_West (CS),,6R1080TA G1,125,,NIKITA HIREMATH,Q420435082700296,2026-06-13 15:39:06,2026-06-15 18:02:31,212296463,2026-06-15 11:24:00
1-14076281165,2026-06-13 15:41:19,Manual,Sales Coordinator,Paid Services -PM,KALA Care Global LLP - Pune,420435,KALA Care Global LLP - Hubli,420435_8,Paid Services -PM,OIL SERVICE,Sales Coordinator,Converted,1-1KG-1615,Mantra Residency,ZO_West (CS),,6R1080TA,125,,NIKITA HIREMATH,Q420435082700297,2026-06-13 15:49:22,2026-06-15 18:19:59,212296317,2026-06-15 11:32:12
1-14076319661,2026-06-13 15:44:21,Manual,Sales Coordinator,BD Spares,KALA Care Global LLP - Pune,420435,KALA Care Global LLP - Kalaburagi,420435_13,BD Spares,Starter Ring,Sales Coordinator,Converted,1-2I9VU3U,M/S N.V. KULKARNI CONSTRUCTION COMPANY,ZO_West (CS),,,,,Rani Barate,Q420435132700323,2026-06-13 15:55:49,,1-14076446151,2026-06-13 15:56:04
1-14076326551,2026-06-13 15:44:00,Manual,Sales Coordinator,Overhauling,KALA Care Global LLP - Pune,420435,KALA Care Global LLP - Vijayapura,420435_14,Overhauling,liner piston quotation require,Sales Coordinator,Quotation Submitted,1-32XR7C1,RAJEENDRA B DENGI,ZO_West (CS),,,,,Rani Barate,Q420435142700151,2026-06-13 15:55:55,,,
1-14076510512,2026-06-13 16:11:04,eFSR,Service Engineer,Others/Remarks,KALA Care Global LLP - Pune,420435,KALA Care Global LLP - Hubli,420435_8,Others/Remarks,Oil service,Sales Coordinator,Does Not Qualify,1-3W6CQM2,Karnataka Gymkhana Association,ZO_West (CS),213570697,6R1080TA G1,125,KAREPPADOOPAD,NIKITA HIREMATH,,,,,
1-14076572401,2026-06-13 16:02:35,Manual,Sales Coordinator,Oil,KALA Care Global LLP - Pune,420435,KALA Care Global LLP - Kalaburagi,420435_13,Oil,oil,Sales Coordinator,Quotation Submitted,1-3601WU5,Goodwill Auto,ZO_West (CS),,3R1040,30,,Rani Barate,Q420435132700324,2026-06-13 16:18:18,,,
1-14076635882,2026-06-13 16:21:12,Manual,Sales Coordinator,Oil,KALA Care Global LLP - Pune,420435,KALA Care Global LLP - Kalaburagi,420435_13,Oil,Oil Service,Sales Coordinator,Quotation Submitted,1-3601WU5,Goodwill Auto,ZO_West (CS),,3R1040T G1,30,,Rani Barate,Q420435132700325,2026-06-13 16:46:54,,,
1-14076742301,2026-06-13 16:29:20,Manual,Sales Coordinator,Paid Services -PM,KALA Care Global LLP - Pune,420435,KALA Care Global LLP - Ahmednagar,420435_2,Paid Services -PM,PAID SERVICING,Sales Coordinator,Quotation Submitted,1-49JQLK8,HOTEL SWARAJ SAI MAYA,ZO_West (CS),,3R1040T G1,35,,Rani Barate,Q420435022700441,2026-06-13 16:42:54,,,
1-14076995765,2026-06-13 17:48:34,eFSR,Service Engineer,BD Spares,KALA Care Global LLP - Pune,420435,KALA Care Global LLP - Ahmednagar,420435_2,BD Spares,Coolant temperature,Service Coordinator,New,1-61N6TB8,BHARAT CONSTRUCTIONS INDIA PRIVATE LIMITED,ZO_West (CS),213578484,3R550TC 4G1 CPCB4+,15,NavnathPatare,,,,,,
1-14077143739,2026-06-13 18:38:51,eFSR,Service Engineer,BD Spares,KALA Care Global LLP - Pune,420435,KALA Care Global LLP - Ahmednagar,420435_2,BD Spares,Ct coil,Service Coordinator,New,1-5YI5E6R,BHARAT CONSTRUCTIONS INDIA PRIVATE LIMITED,ZO_West (CS),213578803,4K1080ETA4G1,125,NavnathPatare,,,,,,
1-14077402331,2026-06-13 18:50:42,Manual,Sales Coordinator,BD Spares,KALA Care Global LLP - Pune,420435,KALA Care Global LLP - Kalaburagi,420435_13,BD Spares,BD Spares,Sales Coordinator,Quotation Submitted,1-4OC883Y,RHC. Constructions,ZO_West (CS),,3R1040T G1,30,,Rani Barate,Q420435132700327,2026-06-15 14:11:16,,,
1-14078848161,2026-06-15 10:06:01,Manual,Sales Coordinator,Oil,KALA Care Global LLP - Pune,420435,KALA Care Global LLP - Vijayapura,420435_14,Oil,c check with engine oil service,Sales Coordinator,Quotation Submitted,1-5UJ43F5,VANITA PETRO PARK,ZO_West (CS),,3R550TA 4G1,25,,Rani Barate,Q420435142700153,2026-06-15 10:16:16,,211484006,2026-06-22 11:41:20
1-14078941411,2026-06-15 10:21:55,Manual,Sales Coordinator,Overhauling,KALA Care Global LLP - Pune,420435,KALA Care Global LLP - Kalaburagi,420435_13,Overhauling,TOP OVERHAUL,Sales Coordinator,Converted,1-2Y04SN5,MADEVALLAPPA,ZO_West (CS),,,,,Rani Barate,Q420435132700330,2026-06-15 10:38:22,,1-14078989971,2026-06-15 10:39:32
1-14079053321,2026-06-15 10:45:27,Manual,Sales Coordinator,Oil,KALA Care Global LLP - Pune,420435,KALA Care Global LLP - Vijayapura,420435_14,Oil,koel bandhan visit with engine oil service,Sales Coordinator,Quotation Submitted,1-1KA-4648,The Sindgi Urban Co-Operative Bank Ltd,ZO_West (CS),,HA394,25,,Rani Barate,Q420435142700154,2026-06-15 10:55:11,,,
1-14079577031,2026-06-15 12:34:12,Manual,Sales Coordinator,Overhauling,KALA Care Global LLP - Pune,420435,KALA Care Global LLP - Belagavi,420435_9,Overhauling,OOVERAHAULING,Sales Coordinator,Invoiced Generated,1-5UFAAXP,SUWARNA SEB FERNANDES,ZO_West (CS),,,,,VIDYA DHABALI,Q420435092700462,2026-06-15 12:38:04,,1-14079672321,2026-06-15 12:40:33
1-14079669711,2026-06-15 12:41:27,Manual,Sales Coordinator,Oil,KALA Care Global LLP - Pune,420435,KALA Care Global LLP - Vijayapura,420435_14,Oil,engine oil service require,Sales Coordinator,Converted,1-2IV77UL,SUNIL MADIVALAPPA ULLAGADDI CIVIL CONTRACTOR,ZO_West (CS),,6R1080TA G1,125.6,,Rani Barate,Q420435142700155,2026-06-19 10:44:23,,213582063,2026-06-19 11:06:44
1-14079708941,2026-06-15 13:08:22,Manual,Sales Coordinator,Oil,KALA Care Global LLP - Pune,420435,KALA Care Global LLP - Kalaburagi,420435_13,Oil,Oil Service,Sales Coordinator,Converted,1-6E2UVQT,MOHAMMED SIRAJUDDIN CONTRACTOR,ZO_West (CS),,4R810,,,Rani Barate,Q420435132700331,2026-06-15 13:12:52,,213422306,2026-06-17 16:00:17
1-14079774161,2026-06-15 13:14:41,Manual,Sales Coordinator,Oil,KALA Care Global LLP - Pune,420435,KALA Care Global LLP - Kalaburagi,420435_13,Oil,engine oil,Sales Coordinator,Converted,1-3TGBJKV,DISHAAN HI-TECH(INDIA) PVT. LTD.,ZO_West (CS),,4R1040TA4,,,Rani Barate,Q420435132700332,2026-06-15 13:35:24,,212601649,2026-06-23 12:12:38
1-14079836391,2026-06-15 13:25:39,Manual,Sales Coordinator,BD Spares,KALA Care Global LLP - Pune,420435,KALA Care Global LLP - Hospet,420435_10,BD Spares,SENSSOR UNIT,Sales Coordinator,Quotation Approved,1-2IZ8HS3,shivaputrappa hatti,ZO_West (CS),,4R1040TC BS III,,,B Sneha Ballari,Q420435102700432,2026-06-15 13:30:29,2026-06-15 14:05:46,,
1-14080164551,2026-06-15 14:04:11,Manual,Sales Coordinator,BD Spares,KALA Care Global LLP - Pune,420435,KALA Care Global LLP - Aurangabad,420435_1,BD Spares,DUMMY,Sales Coordinator,Converted,1-4PO62HE,Surya Construction,ZO_West (CS),,3R1040T G1,25,,Rani Barate,Q420435012700459,2026-06-15 14:07:49,2026-06-15 14:07:59,213582561,2026-06-15 14:08:54
1-14080247402,2026-06-15 14:33:48,eFSR,Service Engineer,Oil,KALA Care Global LLP - Pune,420435,KALA Care Global LLP - Aurangabad,420435_1,BD Spares,Oil filter spin on,Sales Coordinator,Does Not Qualify,1-3N2OJV8,SANJEEV AUTO  PARTS MANUFACTURERS PRIVATE LIMITED,ZO_West (CS),213520910,DV12ETA G11,750,DATTAKAMBLE,Rani Barate,,,,,
1-14080247402,2026-06-15 14:33:48,eFSR,Service Engineer,Oil,KALA Care Global LLP - Pune,420435,KALA Care Global LLP - Aurangabad,420435_1,Oil,Koil primium,Sales Coordinator,Does Not Qualify,1-3N2OJV8,SANJEEV AUTO  PARTS MANUFACTURERS PRIVATE LIMITED,ZO_West (CS),213520910,DV12ETA G11,750,DATTAKAMBLE,Rani Barate,,,,,
1-14080261431,2026-06-15 14:35:22,Manual,Sales Coordinator,BD Spares,KALA Care Global LLP - Pune,420435,KALA Care Global LLP - Kalaburagi,420435_13,BD Spares,Controller,Sales Coordinator,Converted,1-38FLGX,SNEHA FARMS PVT LTD,ZO_West (CS),,3R1040T G1,30,,Rani Barate,Q420435132700333,2026-06-15 14:40:50,,213698841,2026-07-14 11:05:30
1-14080266181,2026-06-15 14:37:42,Manual,Sales Coordinator,Oil,KALA Care Global LLP - Pune,420435,KALA Care Global LLP - Belagavi,420435_9,Paid Services -PM,oil service spares required,Sales Coordinator,Invoiced Generated,1-41T89ML,SHIVALINGESHWAR MINERALS,ZO_West (CS),,,,,VIDYA DHABALI,Q420435092700464,2026-06-15 14:40:52,,1-14080285841,2026-06-15 14:44:03
1-14080303351,2026-06-15 14:45:10,Manual,Sales Coordinator,BD Spares,KALA Care Global LLP - Pune,420435,KALA Care Global LLP - Ahmednagar,420435_2,Others/Remarks,dummy,Sales Coordinator,Invoiced Generated,1-606SCZ5,AJAY SASE,ZO_West (CS),,,,,Rani Barate,Q420435022700446,2026-06-15 14:57:55,,1-14080358422,2026-06-15 14:58:06
1-14080511624,2026-06-15 15:57:32,eFSR,Service Engineer,Others/Remarks,KALA Care Global LLP - Pune,420435,KALA Care Global LLP - Hospet,420435_10,Others/Remarks,Customer need oil se,Sales Coordinator,Converted,1-5T1CIWM,Raja,ZO_West (CS),213581612,4R810,,JilanShekshavali,B Sneha Ballari,Q420435102700461,2026-06-17 09:56:30,,212889205,2026-06-15 18:03:07
1-14080515302,2026-06-15 15:35:35,Manual,Sales Coordinator,Oil,KALA Care Global LLP - Pune,420435,KALA Care Global LLP - Hospet,420435_10,Oil,OILSERVICE,Sales Coordinator,Invoiced Generated,1-5VSOL0R,M/S RAMANAGOUDA PATIL,ZO_West (CS),,4R810,,,B Sneha Ballari,Q420435102700433,2026-06-15 15:40:52,,1-14080696101,2026-06-15 16:18:37
1-14080784462,2026-06-15 16:44:47,eFSR,Service Engineer,Paid Services -PM,KALA Care Global LLP - Pune,420435,KALA Care Global LLP - Hospet,420435_10,Paid Services -PM,Give quatation oil s,Service Coordinator,Converted,1-5VX-649,SRI SAI RAM CONSTRUCTION,ZO_West (CS),213576139,R1190,,VIJAYKUMAR,B Sneha Ballari,Q420435102700436,2026-06-15 16:57:10,,211718531,2026-06-13 16:13:39
1-14080836301,2026-06-15 16:41:25,Manual,Sales Coordinator,Others/Remarks,KALA Care Global LLP - Pune,420435,KALA Care Global LLP - Aurangabad,420435_1,Others/Remarks,SPARE,Sales Coordinator,Invoiced Generated,1-3GBZRV7,GENTECH POWER SOLUTION,ZO_West (CS),,,,,B Sneha Ballari,Q420435012700464,2026-06-15 16:47:54,2026-06-15 16:49:32,1-14080843931,2026-06-15 16:50:03
1-14080870311,2026-06-15 16:46:06,Manual,Sales Coordinator,BD Spares,KALA Care Global LLP - Pune,420435,KALA Care Global LLP - Aurangabad,420435_1,Paid Services -PM,PM,Sales Coordinator,Invoiced Generated,1-5WH554D,S. D. DOUNDE INFRA PRIVATE LIMITED,ZO_West (CS),,,,,Rani Barate,Q420435012700465,2026-06-16 12:10:48,2026-06-16 12:16:07,1-14083056321,2026-06-16 12:16:30
1-14080989992,2026-06-15 17:51:17,eFSR,Service Engineer,Oil,KALA Care Global LLP - Pune,420435,KALA Care Global LLP - Hospet,420435_10,Oil,Oil service,Sales Coordinator,Converted,1-4H7VDT4,"SUNITH HEGDE, PWD CONTRACTOR",ZO_West (CS),213582337,4R 1040 (LTK no. X861002330),,MOHAMMED JAFERKALUR,B Sneha Ballari,Q420435102700462,2026-06-17 11:13:22,,,
1-14081146561,2026-06-15 17:13:20,Manual,Sales Coordinator,Oil,KALA Care Global LLP - Pune,420435,KALA Care Global LLP - Hospet,420435_10,Oil,OIL SERVICE,Sales Coordinator,Invoiced Generated,1-RFR2J1,Home Touch Catering Service,ZO_West (CS),,HA294 G1,15,,B Sneha Ballari,Q420435102700437,2026-06-15 17:17:36,,1-14081194311,2026-06-15 17:18:25
1-14081158051,2026-06-15 17:33:19,Manual,Sales Coordinator,Paid Services -PM,KALA Care Global LLP - Pune,420435,KALA Care Global LLP - Ahmednagar,420435_2,Paid Services -PM,PAID SERVCING,Sales Coordinator,Quotation Submitted,1-5ZWX2QM,RADHESHANTI MANGAL PRIVATE LIMITED,ZO_West (CS),,4K1080TA G2,125.4,,Rani Barate,Q420435022700451,2026-07-15 12:46:59,,,
1-14081233821,2026-06-15 17:32:57,Manual,Sales Coordinator,Overhauling,KALA Care Global LLP - Pune,420435,KALA Care Global LLP - Kalaburagi,420435_13,Overhauling,OVERHAULING,Sales Coordinator,Converted,1-6GQHTBO,M.B. KORI CONTRACTOR,ZO_West (CS),,,,,Rani Barate,Q420435132700334,2026-06-15 18:05:51,,1-14081407691,2026-06-15 18:07:39
1-14081275311,2026-06-15 17:33:27,Manual,Sales Coordinator,BD Spares,KALA Care Global LLP - Pune,420435,KALA Care Global LLP - Belagavi,420435_9,BD Spares,PARTS REQUIRED,Sales Coordinator,Invoiced Generated,1-2XA0XP0,Imran Arab,ZO_West (CS),,,,,VIDYA DHABALI,Q420435092700465,2026-06-15 17:35:41,,1-14081291311,2026-06-15 17:36:33
1-14081319301,2026-06-15 17:42:15,Manual,Sales Coordinator,Paid Services -PM,KALA Care Global LLP - Pune,420435,KALA Care Global LLP - Hubli,420435_8,Paid Services -PM,OIL SERVICE,Sales Coordinator,Converted,1-5O7MZCV,SMP CONSTRUCTIONS PRIVATE LIMITED,ZO_West (CS),,HA694,,,NIKITA HIREMATH,Q420435082700301,2026-06-15 17:54:40,2026-06-17 16:21:11,212944318,2026-06-15 17:55:57
1-14081468521,2026-06-15 18:18:16,Manual,Sales Coordinator,Oil,KALA Care Global LLP - Pune,420435,KALA Care Global LLP - Kalaburagi,420435_13,Oil,Oil Service,Sales Coordinator,Quotation Submitted,1-66FEMN9,HANSHI INFRA,ZO_West (CS),,4R1190,,,Rani Barate,Q420435132700335,2026-06-15 18:21:52,,,
1-14081537301,2026-06-15 18:37:30,Manual,Sales Coordinator,Paid Services -PM,KALA Care Global LLP - Pune,420435,KALA Care Global LLP - Hubli,420435_8,Paid Services -PM,OIL SERVICE MATERIALS,Sales Coordinator,Converted,1-68EW4RG,NIDEC Industrial Automation India Private Limited,ZO_West (CS),,DV10TAG1,500,,NIKITA HIREMATH,Q420435082700302,2026-06-15 18:50:11,,213283750,2026-06-16 10:59:14
1-14082489351,2026-06-16 10:20:38,Manual,Sales Coordinator,Battery,KALA Care Global LLP - Pune,420435,KALA Care Global LLP - Belagavi,420435_9,Battery,BATTERY REQUIRED,Sales Coordinator,Converted,1-2IQ2265,Shree Ortho & Trauma Centre,ZO_West (CS),,HA294 G1,15,,VIDYA DHABALI,Q420435092700468,2026-06-16 10:25:01,,213653555,2026-07-02 13:07:09
1-14082521301,2026-06-16 10:24:51,Manual,Sales Coordinator,Oil,KALA Care Global LLP - Pune,420435,KALA Care Global LLP - Kalaburagi,420435_13,Oil,OIL,Sales Coordinator,Quotation Submitted,1-18XTK41,Vinod Patil,ZO_West (CS),,4R1040TA3 BSIII,,,Rani Barate,Q420435132700338,2026-06-16 10:57:35,,,
1-14082603871,2026-06-16 10:47:30,Manual,Sales Coordinator,Oil,KALA Care Global LLP - Pune,420435,KALA Care Global LLP - Kalaburagi,420435_13,Oil,Oil Service,Sales Coordinator,Converted,1-5229IEY,M/S BP POWER GENERATORS,ZO_West (CS),,6K1080TA G2,160,,Rani Barate,Q420435132700339,2026-06-16 10:55:36,,213113913,2026-06-17 11:46:21
1-14082710563,2026-06-16 11:11:19,Manual,Sales Coordinator,Others/Remarks,KALA Care Global LLP - Pune,420435,KALA Care Global LLP - Belagavi,420435_9,Battery,BD SPARES REQUIRED,Sales Coordinator,Not Converted,1-447HYRX,Shrisagar Hotel,ZO_West (CS),,HA494T,45,,VIDYA DHABALI,Q420435092700469,2026-06-16 11:33:17,,213698643,2026-07-14 10:28:30
1-14082765901,2026-06-16 11:28:40,Manual,Sales Coordinator,Oil,KALA Care Global LLP - Pune,420435,KALA Care Global LLP - Aurangabad,420435_1,Oil,OIL,Sales Coordinator,Invoiced Generated,1-1KQDVPU,Shubhshree Engineering and Constructions Pvt. Ltd.,ZO_West (CS),,,,,B Sneha Ballari,Q420435012700471,2026-06-16 11:31:59,2026-06-16 11:33:06,1-14082830651,2026-06-16 11:35:16
1-14082910581,2026-06-16 11:51:34,Manual,Sales Coordinator,BD Spares,KALA Care Global LLP - Pune,420435,KALA Care Global LLP - Belagavi,420435_9,BD Spares,PARTS REQUIRED,Sales Coordinator,Invoiced Generated,1-3N3AI1O,GURU RAGHAVENDRA TRADERS,ZO_West (CS),,,,,VIDYA DHABALI,Q420435092700471,2026-06-16 11:58:38,,1-14082993341,2026-06-16 12:03:37
1-14083070941,2026-06-16 12:29:20,Manual,Sales Coordinator,Oil,KALA Care Global LLP - Pune,420435,KALA Care Global LLP - Kalaburagi,420435_13,Oil,OIL SERVICE,Sales Coordinator,Quotation Submitted,1-36T2DRE,Mr. Shivanand K Patil.,ZO_West (CS),,,,,Rani Barate,Q420435132700340,2026-07-08 17:29:02,,,
1-14083341066,2026-06-16 13:54:33,eFSR,Service Engineer,Others/Remarks,KALA Care Global LLP - Pune,420435,KALA Care Global LLP - Ahmednagar,420435_2,BD Spares,Fuel oil filter And,Sales Coordinator,New,1-36MIXPO,Mr. Rahul Popat Satav,ZO_West (CS),213579971,3R1040T G1,25,ALSIFSHAIKH,,,,,,
1-14083341066,2026-06-16 13:54:33,eFSR,Service Engineer,Others/Remarks,KALA Care Global LLP - Pune,420435,KALA Care Global LLP - Ahmednagar,420435_2,Coolant Change,Coolent need,Sales Coordinator,New,1-36MIXPO,Mr. Rahul Popat Satav,ZO_West (CS),213579971,3R1040T G1,25,ALSIFSHAIKH,,,,,,
1-14083341066,2026-06-16 13:54:33,eFSR,Service Engineer,Others/Remarks,KALA Care Global LLP - Pune,420435,KALA Care Global LLP - Ahmednagar,420435_2,Oil,15w40 Engine oil,Sales Coordinator,New,1-36MIXPO,Mr. Rahul Popat Satav,ZO_West (CS),213579971,3R1040T G1,25,ALSIFSHAIKH,,,,,,
1-14083341066,2026-06-16 13:54:33,eFSR,Service Engineer,Others/Remarks,KALA Care Global LLP - Pune,420435,KALA Care Global LLP - Ahmednagar,420435_2,Others/Remarks,Servicing Required,Sales Coordinator,New,1-36MIXPO,Mr. Rahul Popat Satav,ZO_West (CS),213579971,3R1040T G1,25,ALSIFSHAIKH,,,,,,
1-14083343301,2026-06-16 12:52:22,Manual,Sales Coordinator,Oil,KALA Care Global LLP - Pune,420435,KALA Care Global LLP - Kalaburagi,420435_13,Oil,OIL SERVICE,Sales Coordinator,Converted,1-3MZIR0T,Bajaj Earths Private Limited,ZO_West (CS),,DV10TAG1,500,,Rani Barate,Q420435132700341,2026-07-07 11:19:46,,210288829,2026-07-23 11:18:39
1-14083433351,2026-06-16 12:59:51,Manual,Sales Coordinator,Others/Remarks,KALA Care Global LLP - Pune,420435,KALA Care Global LLP - Ahmednagar,420435_2,Others/Remarks,ENGINE SPARES REQUIRED,Sales Coordinator,Invoiced Generated,1-1KP-1981,BEST CONSTRUCTION COMPANY,ZO_West (CS),,,,,Rani Barate,Q420435022700471,2026-06-16 13:08:47,,1-14083483612,2026-06-16 13:08:52
1-14083602621,2026-06-16 13:37:44,Manual,Sales Coordinator,,KALA Care Global LLP - Pune,420435,KALA Care Global LLP - Kalaburagi,420435_13,Oil,OIL SERVICE,Sales Coordinator,Converted,1-3MZIR0T,Bajaj Earths Private Limited,ZO_West (CS),,DV16ETA G3,1010,,Rani Barate,Q420435132700513,2026-07-24 18:17:10,,213733228,2026-07-28 11:37:27
1-14083635461,2026-06-16 13:49:30,Manual,Sales Coordinator,BD Spares,KALA Care Global LLP - Pune,420435,KALA Care Global LLP - Kalaburagi,420435_13,BD Spares,BD SPARES,Sales Coordinator,Converted,1-35HLSTH,SUPREME DIESEL INDUSTRY,ZO_West (CS),,,,,Rani Barate,Q420435132700344,2026-06-16 13:55:50,,1-14083628781,2026-06-16 13:56:52
1-14083660721,2026-06-16 13:59:10,Manual,Sales Coordinator,Oil,KALA Care Global LLP - Pune,420435,KALA Care Global LLP - Kalaburagi,420435_13,Oil,Oil Service,Sales Coordinator,Quotation Submitted,1-5VO-3313,Director GIMS Kalaburgi,ZO_West (CS),,DV12ETA G11,750,,Rani Barate,Q420435132700345,2026-06-16 14:03:17,,,
1-14083682411,2026-06-16 14:05:29,Manual,Sales Coordinator,Coolant Change,KALA Care Global LLP - Pune,420435,KALA Care Global LLP - Belagavi,420435_9,Coolant Change,COOLANT AND OIL REQUIRED,Sales Coordinator,Invoiced Generated,1-5ZYICTO,MSRT INDUSTRIES PRIVATE LIMITED,ZO_West (CS),,DV12ETA G11,750,,VIDYA DHABALI,Q420435092700472,2026-06-22 16:02:26,,1-14107353200,2026-06-23 16:27:53
1-14083727901,2026-06-16 14:24:08,Manual,Sales Coordinator,,KALA Care Global LLP - Pune,420435,KALA Care Global LLP - Kalaburagi,420435_13,Oil,OIL SERVICE,Sales Coordinator,Quotation Submitted,1-5VO-2443,BAJAJ EARTHS PRIVATE LIMITED,ZO_West (CS),,DV8TA G1,320,,Rani Barate,Q420435132700348,2026-06-16 15:22:22,,,
1-14083839053,2026-06-16 15:22:20,eFSR,Service Engineer,Others/Remarks,KALA Care Global LLP - Pune,420435,KALA Care Global LLP - Ahmednagar,420435_2,BD Spares,Oil oil filter fuel,Sales Coordinator,New,1-607YSCX,RAMBO EQUIPMENT  ,ZO_West (CS),213584675,4R1190,,ALSIFSHAIKH,,,,,,
1-14083839053,2026-06-16 15:22:20,eFSR,Service Engineer,Others/Remarks,KALA Care Global LLP - Pune,420435,KALA Care Global LLP - Ahmednagar,420435_2,Oil,15w40 premium oil re,Sales Coordinator,New,1-607YSCX,RAMBO EQUIPMENT  ,ZO_West (CS),213584675,4R1190,,ALSIFSHAIKH,,,,,,
1-14083839053,2026-06-16 15:22:20,eFSR,Service Engineer,Others/Remarks,KALA Care Global LLP - Pune,420435,KALA Care Global LLP - Ahmednagar,420435_2,Others/Remarks,Servicing need,Sales Coordinator,New,1-607YSCX,RAMBO EQUIPMENT  ,ZO_West (CS),213584675,4R1190,,ALSIFSHAIKH,,,,,,
1-14084099854,2026-06-16 16:11:37,eFSR,Service Engineer,Paid Services -PM,KALA Care Global LLP - Pune,420435,KALA Care Global LLP - Belagavi,420435_9,Paid Services -PM,Oil service,Service Coordinator,Does Not Qualify,1-4HLRL20,JAYANTHI SAGAR FAMILY RESTAURANT,ZO_West (CS),213586518,3R1040T G1,25,SANTOSHKUNIKAR,VIDYA DHABALI,,,,,
1-14084460006,2026-06-16 16:47:28,eFSR,Service Engineer,Service AMC/Bandhan/Anubandhan,KALA Care Global LLP - Pune,420435,KALA Care Global LLP - Hospet,420435_10,Service AMC/Bandhan/Anubandhan,Give quatation banda,Sales Coordinator,Does Not Qualify,1-34L94QE,Shree Basavashree Noukarana Pattina Sahakara SAngha Niyamita,ZO_West (CS),213542287,3R1040TA G1,45,VIJAYKUMAR,B Sneha Ballari,,,,,
1-14084476411,2026-06-16 16:20:28,Manual,Sales Coordinator,Others/Remarks,KALA Care Global LLP - Pune,420435,KALA Care Global LLP - Hospet,420435_10,Others/Remarks,Dummy,Sales Coordinator,Quotation Submitted,1-5T1CIWM,Raja,ZO_West (CS),,4R810,,,Rani Barate,Q420435102700459,2026-06-16 16:29:33,,,
1-14085023347,2026-06-16 18:15:32,eFSR,Service Engineer,Others/Remarks,KALA Care Global LLP - Pune,420435,KALA Care Global LLP - Hubli,420435_8,Others/Remarks,Oil service required,Sales Coordinator,Does Not Qualify,1-4PC3CNF,AGM. Homeopatic Medical College & Hospital,ZO_West (CS),213586373,4R810TA G1,62.5,YALLAPAARER,NIKITA HIREMATH,,,,,
1-14086260169,2026-06-17 11:00:46,eFSR,Service Engineer,Others/Remarks,KALA Care Global LLP - Pune,420435,KALA Care Global LLP - Belagavi,420435_9,BD Spares,Contactor,Sales Coordinator,Does Not Qualify,1-4LJ0O7E,Pranam Hotel,ZO_West (CS),213581273,3R1040T G1,35,PRASHANTPATIL,VIDYA DHABALI,,,,,
1-14086260169,2026-06-17 11:00:46,eFSR,Service Engineer,Others/Remarks,KALA Care Global LLP - Pune,420435,KALA Care Global LLP - Belagavi,420435_9,Others/Remarks,Contactor,Sales Coordinator,Does Not Qualify,1-4LJ0O7E,Pranam Hotel,ZO_West (CS),213581273,3R1040T G1,35,PRASHANTPATIL,VIDYA DHABALI,,,,,
1-14086260169,2026-06-17 11:00:46,eFSR,Service Engineer,Others/Remarks,KALA Care Global LLP - Pune,420435,KALA Care Global LLP - Belagavi,420435_9,Paid Services -PM,Contactor,Sales Coordinator,Does Not Qualify,1-4LJ0O7E,Pranam Hotel,ZO_West (CS),213581273,3R1040T G1,35,PRASHANTPATIL,VIDYA DHABALI,,,,,
1-14086422608,2026-06-17 11:33:52,eFSR,Service Engineer,BD Spares,KALA Care Global LLP - Pune,420435,KALA Care Global LLP - Aurangabad,420435_1,BD Spares,KG 645 CONVERSEN KIT,Service Coordinator,Does Not Qualify,1-DWE-3526,The Yeotmal Urban Co-Operative Bank Ltd,ZO_West (CS),213573231,HA294,15,KAMLAKARMORE,Rani Barate,,,,,
1-14086553811,2026-06-17 11:50:24,Manual,Sales Coordinator,Oil,KALA Care Global LLP - Pune,420435,KALA Care Global LLP - Kalaburagi,420435_13,Oil,Engine Oil Service.,Sales Coordinator,Converted,1-3QK1CB3,Kavita Kamalapurkar,ZO_West (CS),,4R1040,40,,Rani Barate,Q420435132700349,2026-06-17 11:54:13,,211088149,2026-06-17 11:40:46
1-14086833941,2026-06-17 12:21:36,Manual,Sales Coordinator,BD Spares,KALA Care Global LLP - Pune,420435,KALA Care Global LLP - Ahmednagar,420435_2,BD Spares,FUEL PUMP,Sales Coordinator,Converted,1-4TNL44H,RRSM INFRA PRIVATE LIMITED,ZO_West (CS),,3R550NA G1,15,,Rani Barate,Q420435022700495,2026-06-17 12:58:29,,213564304,2026-06-10 11:16:59
1-14086890211,2026-06-17 12:36:29,Manual,Sales Coordinator,Allied Oil,KALA Care Global LLP - Pune,420435,KALA Care Global LLP - Aurangabad,420435_1,Allied Oil,OIL,Sales Coordinator,Invoiced Generated,1-53JCLBG,Rohit Kailas Narwade,ZO_West (CS),,,,,Rani Barate,Q420435012700486,2026-06-17 12:46:06,,1-14086958241,2026-06-17 12:53:25
1-14086982451,2026-06-17 12:42:34,Manual,Sales Coordinator,,KALA Care Global LLP - Pune,420435,KALA Care Global LLP - Kalaburagi,420435_13,Service AMC/Bandhan/Anubandhan,OIL SERVICE,Sales Coordinator,Quotation Submitted,1-68CLGSY,CNF Phosphate (India) Private Limited,ZO_West (CS),,6SL1500TA G3,250,,Rani Barate,Q420435132700351,2026-07-21 15:30:22,,,
1-14087050941,2026-06-17 13:05:35,Manual,Sales Coordinator,Oil,KALA Care Global LLP - Pune,420435,KALA Care Global LLP - Kalaburagi,420435_13,Oil,oil service,Sales Coordinator,Converted,1-37SYAUE,SHRI. VINODH PATIL. C/o BAPU GOUDA PATIL,ZO_West (CS),,4R1040TA3 BSIII,,,Rani Barate,Q420435132700352,2026-06-17 13:09:27,,213590128,2026-06-17 11:30:40
1-14087079361,2026-06-17 13:00:56,Manual,Sales Coordinator,BD Spares,KALA Care Global LLP - Pune,420435,KALA Care Global LLP - Hospet,420435_10,BD Spares,belt,Sales Coordinator,Converted,1-37MJQI2,Professor and head persticide residue & food quality analysis laboratory,ZO_West (CS),,HA694,55,,B Sneha Ballari,Q420435102700464,2026-06-17 13:14:47,,213543336,2026-06-04 14:04:00
1-14087095881,2026-06-17 13:11:44,Manual,Sales Coordinator,Others/Remarks,KALA Care Global LLP - Pune,420435,KALA Care Global LLP - Hubli,420435_8,Others/Remarks,REQUIRED CONTROLLER,Sales Coordinator,Converted,1-3YJMHBP,HELLA  INFRA MARKET LIMITED,ZO_West (CS),,6K1080TA G2,160,,NIKITA HIREMATH,Q420435082700308,2026-06-17 13:27:18,2026-06-19 12:49:01,213542422,2026-06-04 11:00:45
1-14087191361,2026-06-17 13:29:29,Manual,Sales Coordinator,BD Spares,KALA Care Global LLP - Pune,420435,KALA Care Global LLP - Kalaburagi,420435_13,BD Spares,BD SPARES,Sales Coordinator,Converted,1-60F1CJZ,M/s RHC Constructions,ZO_West (CS),,,,,Rani Barate,Q420435132700353,2026-06-17 13:36:13,,1-14087266561,2026-06-17 13:51:55
1-14087274761,2026-06-17 14:12:42,Manual,Sales Coordinator,Others/Remarks,KALA Care Global LLP - Pune,420435,KALA Care Global LLP - Ahmednagar,420435_2,Others/Remarks,ENGINE SPARES,Sales Coordinator,Invoiced Generated,1-36XLRS7,DK TRACTORS & NUTBOLTS,ZO_West (CS),,,,,Rani Barate,Q420435022700496,2026-06-25 16:25:59,,1-14115692251,2026-06-25 16:45:39
1-14087332881,2026-06-17 14:27:01,Manual,Sales Coordinator,BD Spares,KALA Care Global LLP - Pune,420435,KALA Care Global LLP - Kalaburagi,420435_13,BD Spares,bd spares,Sales Coordinator,Converted,1-5W3-1342,M.B. REDDY (B.P.C. DEALER'S),ZO_West (CS),,HA394,25,,Rani Barate,Q420435132700354,2026-06-17 14:41:13,,213594102,2026-06-18 10:41:38
1-14087340781,2026-06-17 14:20:58,Manual,Sales Coordinator,Paid Services -PM,KALA Care Global LLP - Pune,420435,KALA Care Global LLP - Belagavi,420435_9,Paid Services -PM,OIL SERVICE REQUIRED,Sales Coordinator,Quotation Submitted,1-5VF0NNR,Jayadi Techmac Pvt ltd-Machining Plant-ii,ZO_West (CS),,DV8ETA 4G3,500,,VIDYA DHABALI,Q420435092700480,2026-08-24 16:34:10,,,
1-14087785792,2026-06-17 16:04:26,eFSR,Service Engineer,Oil,KALA Care Global LLP - Pune,420435,KALA Care Global LLP - Belagavi,420435_9,Oil,Oil servsing due,Sales Coordinator,Quotation Submitted,1-5BE4R4V,"KLE Society,.",ZO_West (CS),210708001,6SL9088TA,160,RAJUTALWAR,VIDYA DHABALI,Q420435092700491,2026-08-12 15:06:43,,,
1-14087852321,2026-06-17 15:41:43,Manual,Sales Coordinator,Others/Remarks,KALA Care Global LLP - Pune,420435,KALA Care Global LLP - Ahmednagar,420435_2,Others/Remarks,ENGINE SPARES,Sales Coordinator,Invoiced Generated,1-38DNL5L,B4S SOLUTION PVT. LTD.,ZO_West (CS),,,,,Rani Barate,Q420435022700505,2026-06-17 16:06:23,,1-14159805351,2026-07-08 16:50:27
1-14087976751,2026-06-17 16:07:48,Manual,Sales Coordinator,Oil,KALA Care Global LLP - Pune,420435,KALA Care Global LLP - Aurangabad,420435_1,Oil,oil,Sales Coordinator,Invoiced Generated,1-4PQBZ54,Sambhaji Shivaji Shelke,ZO_West (CS),,,,,B Sneha Ballari,Q420435012700487,2026-06-17 16:11:02,2026-06-17 16:11:26,1-14088173981,2026-06-17 16:58:13
1-14088055584,2026-06-17 16:32:07,eFSR,Service Engineer,Oil,KALA Care Global LLP - Pune,420435,KALA Care Global LLP - Belagavi,420435_9,Coolant Change,Coolant required,Sales Coordinator,Quotation Submitted,1-5BE4R4V,"KLE Society,.",ZO_West (CS),210707957,6KL12TASR1,320,RAJUTALWAR,VIDYA DHABALI,Q420435092700490,2026-06-18 16:22:53,,,
1-14088055584,2026-06-17 16:32:07,eFSR,Service Engineer,Oil,KALA Care Global LLP - Pune,420435,KALA Care Global LLP - Belagavi,420435_9,Oil,Oil servsing due,Sales Coordinator,Quotation Submitted,1-5BE4R4V,"KLE Society,.",ZO_West (CS),210707957,6KL12TASR1,320,RAJUTALWAR,VIDYA DHABALI,Q420435092700490,2026-06-18 16:22:53,,,
1-14088135341,2026-06-17 16:38:42,Manual,Sales Coordinator,Paid Services -PM,KALA Care Global LLP - Pune,420435,KALA Care Global LLP - Hubli,420435_8,Paid Services -PM,OIL SERVICE PARTS,Sales Coordinator,Invoiced Generated,1-47OZITI,M I LANGOTI,ZO_West (CS),,,,,NIKITA HIREMATH,Q420435082700313,2026-06-17 16:41:59,,1-14088174311,2026-06-17 16:42:54
1-14088232631,2026-06-17 17:04:15,Manual,Sales Coordinator,Others/Remarks,KALA Care Global LLP - Pune,420435,KALA Care Global LLP - Ahmednagar,420435_2,Others/Remarks,WATER PUMP ASSLY,Sales Coordinator,Invoiced Generated,1-1A8L4FL,"DESHMUKH & COMPANY,",ZO_West (CS),,,,,Rani Barate,Q420435022700506,2026-06-17 17:07:02,,1-14088233001,2026-06-17 17:07:33
1-14088274881,2026-06-17 17:13:19,Manual,Sales Coordinator,BD Spares,KALA Care Global LLP - Pune,420435,KALA Care Global LLP - Kalaburagi,420435_13,BD Spares,BD Spares,Sales Coordinator,Converted,1-606IMJH,MD. SAMEE ROAD LINES,ZO_West (CS),,,,,Rani Barate,Q420435132700355,2026-06-17 17:18:11,,1-14088293091,2026-06-17 17:18:39
1-14088274911,2026-06-17 17:13:42,Manual,Sales Coordinator,Others/Remarks,KALA Care Global LLP - Pune,420435,KALA Care Global LLP - Ahmednagar,420435_2,Others/Remarks,ENGINE SPARES,Sales Coordinator,Invoiced Generated,1-2DAXJJ,ANAND HYDRAULICKS,ZO_West (CS),,,,,Rani Barate,Q420435022700507,2026-06-17 17:19:02,,1-14094415691,2026-06-19 12:40:39
1-14089000371,2026-06-17 18:39:23,Manual,Sales Coordinator,BD Spares,KALA Care Global LLP - Pune,420435,KALA Care Global LLP - Kalaburagi,420435_13,BD Spares,BD SPARES,Sales Coordinator,Converted,1-3KR8T8L,MSB STONE CRUSHER.,ZO_West (CS),,,,,Rani Barate,Q420435132700356,2026-06-17 18:44:33,,1-14088990264,2026-06-17 18:45:50
1-14089745981,2026-06-18 10:13:29,Manual,Sales Coordinator,Paid Services -PM,KALA Care Global LLP - Pune,420435,KALA Care Global LLP - Ahmednagar,420435_2,Paid Services -PM,PAID SERVICING,Sales Coordinator,Quotation Submitted,1-4TVGXXC,Mr. Raju Vishwanath Mutyal,ZO_West (CS),,3R1040T G1,25,,Rani Barate,Q420435022700512,2026-06-18 10:19:42,,,
1-14089816011,2026-06-18 10:21:57,Manual,Sales Coordinator,Oil,KALA Care Global LLP - Pune,420435,KALA Care Global LLP - Kalaburagi,420435_13,Oil,OIL,Sales Coordinator,Converted,1-5KRZ0JZ,M S GULSHAN CONTACTOR AND SUPPLIER,ZO_West (CS),,,,,Rani Barate,Q420435132700358,2026-06-18 11:08:46,,1-14090428871,2026-06-18 12:07:12
1-14089847704,2026-06-18 10:34:27,eFSR,Service Engineer,Service AMC/Bandhan/Anubandhan,KALA Care Global LLP - Pune,420435,KALA Care Global LLP - Latur,420435_6,Service AMC/Bandhan/Anubandhan,Bandhan plus,Sales Coordinator,New,1-45I4TSM,Suryawanshi Petroleum KSK.,ZO_West (CS),213586740,HA294 G1,15,MAHALINGPATIL,,,,,,
1-14089937521,2026-06-18 10:41:41,Manual,Sales Coordinator,Paid Services -PM,KALA Care Global LLP - Pune,420435,KALA Care Global LLP - Ahmednagar,420435_2,Paid Services -PM,PAID SERVICING,Sales Coordinator,Quotation Submitted,1-3IV8E5U,"Indapur Dairy and Milk Products Ltd,",ZO_West (CS),,3R1040T G1,25,,Rani Barate,Q420435022700513,2026-06-18 10:51:50,,,
1-14090011531,2026-06-18 10:57:43,Manual,Sales Coordinator,Paid Services -PM,KALA Care Global LLP - Pune,420435,KALA Care Global LLP - Ahmednagar,420435_2,Paid Services -PM,PAID SERVICING,Sales Coordinator,Quotation Submitted,1-44GWD05,Mr. Gorkh Kute,ZO_West (CS),,6K1080TA G2,160,,Rani Barate,Q420435022700514,2026-06-18 11:26:45,,,
1-14090122330,2026-06-18 11:06:38,eFSR,Service Engineer,Oil,KALA Care Global LLP - Pune,420435,KALA Care Global LLP - Belagavi,420435_9,Oil,Oil services,Sales Coordinator,Not Converted,1-4LM0CTQ,Patson Automobiles Pvt. Ltd.,ZO_West (CS),212646523,2R1040 G1,20,DINANATHLOHAR,VIDYA DHABALI,Q420435092700489,2026-06-18 16:00:57,,,
1-14090266811,2026-06-18 11:32:36,Manual,Sales Coordinator,Oil,KALA Care Global LLP - Pune,420435,KALA Care Global LLP - Kalaburagi,420435_13,Oil,Engine Oil Service.,Sales Coordinator,Converted,1-1KV-1379,HOTEL PARIWAR,ZO_West (CS),,6R1080TA,125,,Rani Barate,Q420435132700360,2026-06-18 11:38:01,,211895290,2026-06-18 11:46:12
1-14090330958,2026-06-18 12:05:30,eFSR,Service Engineer,Others/Remarks,KALA Care Global LLP - Pune,420435,KALA Care Global LLP - Ahmednagar,420435_2,Coolant Change,Kirloskar coolent,Sales Coordinator,New,1-34TC29H,Axis Bank Ltd,ZO_West (CS),213585575,3R1190ENA 4G1,30,ALSIFSHAIKH,,,,,,
1-14090330958,2026-06-18 12:05:30,eFSR,Service Engineer,Others/Remarks,KALA Care Global LLP - Pune,420435,KALA Care Global LLP - Ahmednagar,420435_2,Others/Remarks,Coolent level found,Sales Coordinator,New,1-34TC29H,Axis Bank Ltd,ZO_West (CS),213585575,3R1190ENA 4G1,30,ALSIFSHAIKH,,,,,,
1-14090387391,2026-06-18 11:55:56,Manual,Sales Coordinator,Oil,KALA Care Global LLP - Pune,420435,KALA Care Global LLP - Kalaburagi,420435_13,Oil,OIL SERVICE,Sales Coordinator,Converted,1-5GKNOCP,M/S SPANDANA INFRA BUILDERS AND MATERIAL SUPPLIER,ZO_West (CS),,,,,Rani Barate,Q420435132700361,2026-06-18 12:02:25,,1-14090673761,2026-06-18 12:53:03
1-14090445346,2026-06-18 12:09:06,eFSR,Service Engineer,Others/Remarks,KALA Care Global LLP - Pune,420435,KALA Care Global LLP - Ballari,420435_11,BD Spares,FIP pump,Sales Coordinator,New,1-601YX92,Sri Ragavendra Nilaya,ZO_West (CS),213588695,3R550TC 4G1 CPCB4+,15,NAGARAJ PPATEGOWDAR,,,,,,
1-14090445346,2026-06-18 12:09:06,eFSR,Service Engineer,Others/Remarks,KALA Care Global LLP - Pune,420435,KALA Care Global LLP - Ballari,420435_11,Others/Remarks,Dg,Sales Coordinator,New,1-601YX92,Sri Ragavendra Nilaya,ZO_West (CS),213588695,3R550TC 4G1 CPCB4+,15,NAGARAJ PPATEGOWDAR,,,,,,
1-14090455751,2026-06-18 12:14:54,Manual,Sales Coordinator,BD Spares,KALA Care Global LLP - Pune,420435,KALA Care Global LLP - Ahmednagar,420435_2,BD Spares,ACTUATOR REQUIRED,Sales Coordinator,Quotation Submitted,1-227-3095,Agrzone Biotech.,ZO_West (CS),,6SL8800TA,250,,Rani Barate,Q420435022700516,2026-06-18 12:30:31,,,
1-14090500771,2026-06-18 12:23:21,Manual,Sales Coordinator,Oil,KALA Care Global LLP - Pune,420435,KALA Care Global LLP - Kalaburagi,420435_13,Oil,Oil Service,Sales Coordinator,Converted,1-5VL-855,SP OFFICE - SAI ENTERPRISES,ZO_West (CS),,HA494,30,,Rani Barate,Q420435132700362,2026-06-18 12:26:24,,212454921,2026-06-18 12:22:14
1-14090593379,2026-06-18 12:42:13,eFSR,Service Engineer,Others/Remarks,KALA Care Global LLP - Pune,420435,KALA Care Global LLP - Ahmednagar,420435_2,Coolant Change,K cool Kirloskar coo,Sales Coordinator,New,1-34TC29H,Axis Bank Ltd,ZO_West (CS),213585564,3R1190ENA 4G1,30,ALSIFSHAIKH,,,,,,
1-14090593379,2026-06-18 12:42:13,eFSR,Service Engineer,Others/Remarks,KALA Care Global LLP - Pune,420435,KALA Care Global LLP - Ahmednagar,420435_2,Others/Remarks,Ncd lamp alarm occur,Sales Coordinator,New,1-34TC29H,Axis Bank Ltd,ZO_West (CS),213585564,3R1190ENA 4G1,30,ALSIFSHAIKH,,,,,,
1-14090654111,2026-06-18 13:00:53,Manual,Sales Coordinator,Oil,KALA Care Global LLP - Pune,420435,KALA Care Global LLP - Kalaburagi,420435_13,Oil,Oil Service,Sales Coordinator,Quotation Submitted,1-3S6SH4I,Kanginaya Satyamoorthy,ZO_West (CS),,2R1040 G1,20,,Rani Barate,Q420435132700363,2026-06-18 13:04:25,,,
1-14090733366,2026-06-18 13:06:16,Manual,Sales Coordinator,Oil,KALA Care Global LLP - Pune,420435,KALA Care Global LLP - Kalaburagi,420435_13,Oil,Oil Service,Sales Coordinator,Quotation Submitted,1-387LTNP,Chikitsa Diagnostics,ZO_West (CS),,6R1080TA,125,,Rani Barate,Q420435132700364,2026-06-20 12:02:35,,,
1-14090795271,2026-06-18 13:28:58,Manual,Sales Coordinator,Oil,KALA Care Global LLP - Pune,420435,KALA Care Global LLP - Aurangabad,420435_1,Oil,OIL,Sales Coordinator,Invoiced Generated,1-4UL8P8N,QALEEM USMAN SHAIKH,ZO_West (CS),,,,,B Sneha Ballari,Q420435012700491,2026-06-18 13:33:55,2026-06-18 13:34:24,1-14090801961,2026-06-18 13:37:38
1-14091070471,2026-06-18 14:03:13,Manual,Sales Coordinator,BD Spares,KALA Care Global LLP - Pune,420435,KALA Care Global LLP - Kalaburagi,420435_13,BD Spares,BD Spares,Sales Coordinator,Converted,1-3RQRA2L,Sri Laxmi Venkateshwar Boarding & Lodging,ZO_West (CS),,HA394,25,,Rani Barate,Q420435132700365,2026-06-18 14:09:27,,213594183,2026-06-18 10:59:23
1-14091390571,2026-06-18 15:08:57,Manual,Sales Coordinator,BD Spares,KALA Care Global LLP - Pune,420435,KALA Care Global LLP - Hospet,420435_10,BD Spares,RADIATOR QUOTE REQUIRED,Sales Coordinator,Qualifying,1-4T9AYDL,RADHA METALS PVT LTD,ZO_West (CS),,DV10TA G1,500,,B Sneha Ballari,,,,,
1-14091404541,2026-06-18 15:19:51,eFSR,Service Engineer,BD Spares,KALA Care Global LLP - Pune,420435,KALA Care Global LLP - Hospet,420435_10,BD Spares,Filters,Service Coordinator,Invoiced Generated,1-6290YSE,SRI NANIKERI ENTERPRISES,ZO_West (CS),213594261,6R1080TA3 BSIII,,Parashuram GGouripurada,B Sneha Ballari,Q420435102700489,2026-06-19 11:05:49,,1-14093961311,2026-06-19 11:06:16
1-14091420321,2026-06-18 15:11:38,Manual,Sales Coordinator,Paid Services -PM,KALA Care Global LLP - Pune,420435,KALA Care Global LLP - Hubli,420435_8,Paid Services -PM,REQUIRED OIL SERVIE,Sales Coordinator,Quotation Submitted,1-3IIZDDH,KARNATAK LINGAYAT EDUCATION SOCIETY,ZO_West (CS),,4K1080TA G2,125.4,,NIKITA HIREMATH,Q420435082700317,2026-06-18 15:24:38,,,
1-14091431611,2026-06-18 15:14:50,Manual,Sales Coordinator,BD Spares,KALA Care Global LLP - Pune,420435,KALA Care Global LLP - Belagavi,420435_9,BD Spares,PARTS REQUIRED,Sales Coordinator,Invoiced Generated,1-3N3AI1O,GURU RAGHAVENDRA TRADERS,ZO_West (CS),,,,,VIDYA DHABALI,Q420435092700488,2026-06-18 15:19:15,,1-14091340181,2026-06-18 15:19:22
1-14091507331,2026-06-18 15:32:30,Manual,Sales Coordinator,Paid Services -PM,KALA Care Global LLP - Pune,420435,KALA Care Global LLP - Hubli,420435_8,Paid Services -PM,REQUIRED OIL SERVICE,Sales Coordinator,Quotation Submitted,1-4M3SHQY,THE PRINCIPAL KLE JGMM MEDICAL COLLEGE,ZO_West (CS),,4K1080TA G2,125.4,,NIKITA HIREMATH,Q420435082700318,2026-06-18 16:45:23,,,
1-14091658846,2026-06-18 16:39:34,eFSR,Service Engineer,Others/Remarks,KALA Care Global LLP - Pune,420435,KALA Care Global LLP - Hospet,420435_10,BD Spares,Radiator,Sales Coordinator,Quotation Submitted,1-4T9AYDL,RADHA METALS PVT LTD,ZO_West (CS),213595583,DV10TA G1,500,Parashuram GGouripurada,Rani Barate,Q420435102700488,,,,
1-14091658846,2026-06-18 16:39:34,eFSR,Service Engineer,Others/Remarks,KALA Care Global LLP - Pune,420435,KALA Care Global LLP - Hospet,420435_10,Coolant Change,Required,Sales Coordinator,Quotation Submitted,1-4T9AYDL,RADHA METALS PVT LTD,ZO_West (CS),213595583,DV10TA G1,500,Parashuram GGouripurada,Rani Barate,Q420435102700488,,,,
1-14091658846,2026-06-18 16:39:34,eFSR,Service Engineer,Others/Remarks,KALA Care Global LLP - Pune,420435,KALA Care Global LLP - Hospet,420435_10,Others/Remarks,Radiator assembly,Sales Coordinator,Quotation Submitted,1-4T9AYDL,RADHA METALS PVT LTD,ZO_West (CS),213595583,DV10TA G1,500,Parashuram GGouripurada,Rani Barate,Q420435102700488,,,,
1-14091658846,2026-06-18 16:39:34,eFSR,Service Engineer,Others/Remarks,KALA Care Global LLP - Pune,420435,KALA Care Global LLP - Hospet,420435_10,Paid Services -PM,Radiator assembly,Sales Coordinator,Quotation Submitted,1-4T9AYDL,RADHA METALS PVT LTD,ZO_West (CS),213595583,DV10TA G1,500,Parashuram GGouripurada,Rani Barate,Q420435102700488,,,,
1-14091660001,2026-06-18 16:12:31,Manual,Sales Coordinator,Oil,KALA Care Global LLP - Pune,420435,KALA Care Global LLP - Kalaburagi,420435_13,Oil,Oil Service,Sales Coordinator,Converted,1-21SVNGR,MOHAMMED SIRAJUDDIN PWD CONTRACTOR,ZO_West (CS),,4R1040TA2,,,Rani Barate,Q420435132700366,2026-06-18 16:16:58,,213596149,2026-06-18 16:09:18
1-14091750321,2026-06-18 16:17:37,Manual,Sales Coordinator,Oil,KALA Care Global LLP - Pune,420435,KALA Care Global LLP - Kalaburagi,420435_13,Oil,Engine oil,Sales Coordinator,Quotation Submitted,1-60F1CJZ,M/s RHC Constructions,ZO_West (CS),,3R1190ENA 4G1,30,,Rani Barate,Q420435132700367,2026-06-18 16:45:00,,,
1-14091919938,2026-06-18 16:51:52,Manual,Sales Coordinator,Oil,KALA Care Global LLP - Pune,420435,KALA Care Global LLP - Kalaburagi,420435_13,Allied Oil,OIL,Sales Coordinator,Converted,1-5LWV42N,SNEHA FARMS PVT LTD(KARNATAKA),ZO_West (CS),,Engines,,,Rani Barate,Q420435132700368,2026-06-18 17:13:42,,213238731,2026-06-20 10:57:56
1-14092171311,2026-06-18 17:06:41,Manual,Sales Coordinator,Oil,KALA Care Global LLP - Pune,420435,KALA Care Global LLP - Aurangabad,420435_1,Oil,OIL,Sales Coordinator,Invoiced Generated,1-4GVI935,CHAYA LAXMAN RAUTRAY,ZO_West (CS),,,,,B Sneha Ballari,Q420435012700494,2026-06-18 17:11:27,2026-06-18 17:13:05,1-14092188571,2026-06-18 17:13:29
1-14092265065,2026-06-18 17:53:35,eFSR,Service Engineer,Others/Remarks,KALA Care Global LLP - Pune,420435,KALA Care Global LLP - Hospet,420435_10,Others/Remarks,Need oil service,Sales Coordinator,Does Not Qualify,1-60J7XMR,SANDUR MAGNESE AND IRON ORE LIMITED,ZO_West (CS),213594129,CC418 G1.1,5.5,MDAsifMDAsif,B Sneha Ballari,,,,,
1-14092471991,2026-06-18 18:23:31,Manual,Sales Coordinator,Paid Services -PM,KALA Care Global LLP - Pune,420435,KALA Care Global LLP - Ahmednagar,420435_2,Paid Services -PM,PAID SERVICING,Sales Coordinator,Quotation Submitted,1-3VJR8RG,New Arts Commerce And Science College - Shevgaon,ZO_West (CS),,4R1040,40,,Rani Barate,Q420435022700526,2026-06-18 18:31:14,,,
1-14092963478,2026-06-18 22:35:53,eFSR,Service Engineer,Others/Remarks,KALA Care Global LLP - Pune,420435,KALA Care Global LLP - Hospet,420435_10,Others/Remarks,Need engine oraling,Sales Coordinator,Does Not Qualify,1-60J7XMR,SANDUR MAGNESE AND IRON ORE LIMITED,ZO_West (CS),213596843,CC418 G1.1,5.5,MDAsifMDAsif,B Sneha Ballari,,,,,
1-14092963985,2026-06-19 09:10:27,eFSR,Service Engineer,BD Spares,KALA Care Global LLP - Pune,420435,KALA Care Global LLP - Ballari,420435_11,BD Spares,DG -AMF PANEL,Service Coordinator,New,1-5NZXQEQ,SRISTI VENTURES,ZO_West (CS),213587303,HA494TCI G1,40,NAGARAJ PPATEGOWDAR,,,,,,
1-14093680521,2026-06-19 10:08:42,Manual,Sales Coordinator,Paid Services -PM,KALA Care Global LLP - Pune,420435,KALA Care Global LLP - Ahmednagar,420435_2,Paid Services -PM,PAID SERVICING,Sales Coordinator,Quotation Submitted,1-3NK7G6U,WAMAN ENGINEERING SYSTEM,ZO_West (CS),,3R1040T G1,35,,Rani Barate,Q420435022700527,2026-06-19 10:24:28,,,
1-14093760301,2026-06-19 10:19:04,Manual,Sales Coordinator,Paid Services -PM,KALA Care Global LLP - Pune,420435,KALA Care Global LLP - Belagavi,420435_9,Others/Remarks,OIL SERVICE REQUIRED,Sales Coordinator,Converted,1-6GU5KDM,R.K.S.P. ENGINEERING WORKS,ZO_West (CS),,4R1190,,,VIDYA DHABALI,Q420435092700495,2026-06-19 10:24:04,,213561446,2026-06-18 17:21:47
1-14093785481,2026-06-19 10:30:20,Manual,Sales Coordinator,Paid Services -PM,KALA Care Global LLP - Pune,420435,KALA Care Global LLP - Ahmednagar,420435_2,Paid Services -PM,PAID SERVICING,Sales Coordinator,Quotation Submitted,1-4CEHUSP,Vaibhav Steel Furniture,ZO_West (CS),,3R1040T G1,35,,Rani Barate,Q420435022700528,2026-06-19 10:36:55,,,
1-14093856881,2026-06-19 11:09:11,eFSR,Service Engineer,Paid Services -PM,KALA Care Global LLP - Pune,420435,KALA Care Global LLP - Belagavi,420435_9,Paid Services -PM,Oil sarvice,Service Coordinator,Qualifying,1-3MREC3,HDFC Bank Limited,ZO_West (CS),213594600,RB33,30,AMITMEKKALIKE,VIDYA DHABALI,,,,,
1-14094053163,2026-06-19 12:18:57,eFSR,Service Engineer,Others/Remarks,KALA Care Global LLP - Pune,420435,KALA Care Global LLP - Belagavi,420435_9,Others/Remarks,Radiator clean and c,Sales Coordinator,Does Not Qualify,1-3KMXJT,ICICI Bank Limited,ZO_West (CS),213514295,4R1040,40,PRASHANTPATIL,VIDYA DHABALI,,,,,
1-14094077321,2026-06-19 11:27:38,Manual,Sales Coordinator,BD Spares,KALA Care Global LLP - Pune,420435,KALA Care Global LLP - Belagavi,420435_9,BD Spares,PARTS REQURED,Sales Coordinator,Invoiced Generated,1-3N3AI1O,GURU RAGHAVENDRA TRADERS,ZO_West (CS),,,,,VIDYA DHABALI,Q420435092700498,2026-06-19 11:34:05,,1-14094071731,2026-06-19 11:34:22
1-14094080711,2026-06-19 11:34:45,Manual,Sales Coordinator,BD Spares,KALA Care Global LLP - Pune,420435,KALA Care Global LLP - Kalaburagi,420435_13,BD Spares,BD SPARES,Sales Coordinator,Converted,1-5XLQ9I7,K KRISHNAIAH GOUD CONTRACTOR,ZO_West (CS),,,,,Rani Barate,Q420435132700369,2026-06-19 11:38:34,,1-14094128311,2026-06-19 11:39:26
1-14094131851,2026-06-19 12:23:12,eFSR,Service Engineer,Others/Remarks,KALA Care Global LLP - Pune,420435,KALA Care Global LLP - Hospet,420435_10,Coolant Change,Yes,Sales Coordinator,Converted,1-4T9AYDL,RADHA METALS PVT LTD,ZO_West (CS),213598256,DV10TA G1,500,MOHAMMED JAFERKALUR,B Sneha Ballari,Q420435102700494,2026-06-19 13:14:15,,213598199,2026-06-19 13:14:49
1-14094131851,2026-06-19 12:23:12,eFSR,Service Engineer,Others/Remarks,KALA Care Global LLP - Pune,420435,KALA Care Global LLP - Hospet,420435_10,Others/Remarks,Need to replace radi,Sales Coordinator,Converted,1-4T9AYDL,RADHA METALS PVT LTD,ZO_West (CS),213598256,DV10TA G1,500,MOHAMMED JAFERKALUR,B Sneha Ballari,Q420435102700494,2026-06-19 13:14:15,,213598199,2026-06-19 13:14:49
1-14094157681,2026-06-19 11:52:43,Manual,Sales Coordinator,Overhauling,KALA Care Global LLP - Pune,420435,KALA Care Global LLP - Belagavi,420435_9,Overhauling,OVERRALING PARTS REQUIRED,Sales Coordinator,Invoiced Generated,1-68801HM,Sayani Traders,ZO_West (CS),,,,,VIDYA DHABALI,Q420435092700499,2026-06-20 10:10:14,,1-14098121291,2026-06-20 12:26:00
1-14094246821,2026-06-19 12:13:07,Manual,Sales Coordinator,Others/Remarks,KALA Care Global LLP - Pune,420435,KALA Care Global LLP - Ahmednagar,420435_2,Others/Remarks,LEAK OFF PIPE,Sales Coordinator,Invoiced Generated,1-3N2387D,PRANJAL DIESEL SERVICE,ZO_West (CS),,,,,Rani Barate,Q420435022700529,2026-06-19 13:00:24,,1-14094477716,2026-06-19 13:00:26
1-14094346381,2026-06-19 12:25:41,Manual,Sales Coordinator,BD Spares,KALA Care Global LLP - Pune,420435,KALA Care Global LLP - Belagavi,420435_9,Others/Remarks,PARTS REQUIRED,Sales Coordinator,Order/SR Generated,1-3KOFV9O,"PLR Projects Pvt. Ltd.,",ZO_West (CS),,,,,VIDYA DHABALI,Q420435092700501,2026-06-23 14:33:48,,1-14106772701,2026-06-23 14:35:41
1-14094468481,2026-06-19 12:44:38,Manual,Sales Coordinator,Oil,KALA Care Global LLP - Pune,420435,KALA Care Global LLP - Vijayapura,420435_14,Oil,ENGINE OIL SERVICE REQUIRE,Sales Coordinator,Quotation Submitted,1-4QCDU5J,SHARANAGOUDA DODAMANI,ZO_West (CS),,4R1190,,,Rani Barate,Q420435142700160,2026-06-19 12:57:30,,,
1-14094799301,2026-06-19 13:29:16,Manual,Sales Coordinator,Paid Services -PM,KALA Care Global LLP - Pune,420435,KALA Care Global LLP - Babhleshwar,420435_5,Paid Services -PM,PAID SERVICING,Sales Coordinator,Qualifying,1-5IPEZ7I,J P CONSTRO & INFRA PRIVATE LIMITED,ZO_West (CS),,4R1190,,,Rani Barate,Q420435052700056,2026-06-19 14:22:18,,,
1-14094832928,2026-06-19 14:42:37,eFSR,Service Engineer,Others/Remarks,KALA Care Global LLP - Pune,420435,KALA Care Global LLP - Ahmednagar,420435_2,BD Spares,Feed pump to fule fi,Sales Coordinator,New,1-36MIXPO,Mr. Rahul Popat Satav,ZO_West (CS),213596989,3R1040T G1,25,RUSHIKESHMAGAR,,,,,,
1-14094832928,2026-06-19 14:42:37,eFSR,Service Engineer,Others/Remarks,KALA Care Global LLP - Pune,420435,KALA Care Global LLP - Ahmednagar,420435_2,Coolant Change,Coolant chenge requi,Sales Coordinator,New,1-36MIXPO,Mr. Rahul Popat Satav,ZO_West (CS),213596989,3R1040T G1,25,RUSHIKESHMAGAR,,,,,,
1-14094832928,2026-06-19 14:42:37,eFSR,Service Engineer,Others/Remarks,KALA Care Global LLP - Pune,420435,KALA Care Global LLP - Ahmednagar,420435_2,Others/Remarks,Feed pump to fule fi,Sales Coordinator,New,1-36MIXPO,Mr. Rahul Popat Satav,ZO_West (CS),213596989,3R1040T G1,25,RUSHIKESHMAGAR,,,,,,
1-14094946005,2026-06-19 15:24:33,eFSR,Service Engineer,Oil,KALA Care Global LLP - Pune,420435,KALA Care Global LLP - Vijayapura,420435_14,BD Spares,Engine oil service r,Sales Coordinator,Quotation Submitted,1-41WBJI1,MUTTURAJ VISHWANATH JAHAGIRADAR,ZO_West (CS),213595218,4R1190,,SANGAPPA BANNATTIBANNATTI,Rani Barate,Q420435142700167,2026-06-23 11:57:57,,,
1-14094946005,2026-06-19 15:24:33,eFSR,Service Engineer,Oil,KALA Care Global LLP - Pune,420435,KALA Care Global LLP - Vijayapura,420435_14,BD Spares,Extensin below,Sales Coordinator,Quotation Submitted,1-41WBJI1,MUTTURAJ VISHWANATH JAHAGIRADAR,ZO_West (CS),213595218,4R1190,,SANGAPPA BANNATTIBANNATTI,Rani Barate,Q420435142700167,2026-06-23 11:57:57,,,
1-14094946005,2026-06-19 15:24:33,eFSR,Service Engineer,Oil,KALA Care Global LLP - Pune,420435,KALA Care Global LLP - Vijayapura,420435_14,Coolant Change,Coolant,Sales Coordinator,Quotation Submitted,1-41WBJI1,MUTTURAJ VISHWANATH JAHAGIRADAR,ZO_West (CS),213595218,4R1190,,SANGAPPA BANNATTIBANNATTI,Rani Barate,Q420435142700167,2026-06-23 11:57:57,,,
1-14094946005,2026-06-19 15:24:33,eFSR,Service Engineer,Oil,KALA Care Global LLP - Pune,420435,KALA Care Global LLP - Vijayapura,420435_14,Oil,Engine oil service r,Sales Coordinator,Quotation Submitted,1-41WBJI1,MUTTURAJ VISHWANATH JAHAGIRADAR,ZO_West (CS),213595218,4R1190,,SANGAPPA BANNATTIBANNATTI,Rani Barate,Q420435142700167,2026-06-23 11:57:57,,,
1-14094946005,2026-06-19 15:24:33,eFSR,Service Engineer,Oil,KALA Care Global LLP - Pune,420435,KALA Care Global LLP - Vijayapura,420435_14,Oil,Oil service required,Sales Coordinator,Quotation Submitted,1-41WBJI1,MUTTURAJ VISHWANATH JAHAGIRADAR,ZO_West (CS),213595218,4R1190,,SANGAPPA BANNATTIBANNATTI,Rani Barate,Q420435142700167,2026-06-23 11:57:57,,,
1-14094946005,2026-06-19 15:24:33,eFSR,Service Engineer,Oil,KALA Care Global LLP - Pune,420435,KALA Care Global LLP - Vijayapura,420435_14,Paid Services -PM,Expansion below,Sales Coordinator,Quotation Submitted,1-41WBJI1,MUTTURAJ VISHWANATH JAHAGIRADAR,ZO_West (CS),213595218,4R1190,,SANGAPPA BANNATTIBANNATTI,Rani Barate,Q420435142700167,2026-06-23 11:57:57,,,
1-14094946005,2026-06-19 15:24:33,eFSR,Service Engineer,Oil,KALA Care Global LLP - Pune,420435,KALA Care Global LLP - Vijayapura,420435_14,Paid Services -PM,Extensin bellow doc,Sales Coordinator,Quotation Submitted,1-41WBJI1,MUTTURAJ VISHWANATH JAHAGIRADAR,ZO_West (CS),213595218,4R1190,,SANGAPPA BANNATTIBANNATTI,Rani Barate,Q420435142700167,2026-06-23 11:57:57,,,
1-14095165602,2026-06-19 15:39:43,eFSR,Service Engineer,Others/Remarks,KALA Care Global LLP - Pune,420435,KALA Care Global LLP - Belagavi,420435_9,Others/Remarks,Not required,Sales Coordinator,Does Not Qualify,1-5Z0P3AF,To The Director of Belagavi Institute Of Medical Science,ZO_West (CS),213589902,DV12ETA G11,750,RAJUTALWAR,VIDYA DHABALI,,,,,
1-14095234301,2026-06-19 15:27:02,Manual,Sales Coordinator,Others/Remarks,KALA Care Global LLP - Pune,420435,KALA Care Global LLP - Vijayapura,420435_14,Others/Remarks,door injuse cut,Sales Coordinator,Quotation Submitted,1-DW8-3776,Shree Sangameshwar Hospital,ZO_West (CS),,4R1040,40,,Rani Barate,Q420435142700161,2026-06-19 15:51:06,,,
1-14095551591,2026-06-19 16:15:21,Manual,Sales Coordinator,Paid Services -PM,KALA Care Global LLP - Pune,420435,KALA Care Global LLP - Belagavi,420435_9,Paid Services -PM,parts required,Sales Coordinator,Invoiced Generated,1-2KCB3PG,Vatsalya Dairy,ZO_West (CS),,,,,VIDYA DHABALI,Q420435092700504,2026-06-19 16:18:17,,1-14095632331,2026-06-19 16:18:36
1-14095631591,2026-06-19 16:34:53,eFSR,Service Engineer,Service AMC/Bandhan/Anubandhan,KALA Care Global LLP - Pune,420435,KALA Care Global LLP - Hubli,420435_8,Service AMC/Bandhan/Anubandhan,Oil service required,Sales Coordinator,Does Not Qualify,1-5NSHBZR,Oswal Apparels,ZO_West (CS),212655091,4R1040TA,82.5,IRFNMULLA,NIKITA HIREMATH,,,,,
1-14095755536,2026-06-19 16:57:25,eFSR,Service Engineer,Others/Remarks,KALA Care Global LLP - Pune,420435,KALA Care Global LLP - Aurangabad,420435_1,Others/Remarks,Servicing required,Sales Coordinator,Does Not Qualify,1-60UWO1Z,Shamsundar Naryan Kharat,ZO_West (CS),213597554,4R1190,,KANHAIYADUBE,Rani Barate,,,,,
1-14095860527,2026-06-19 17:20:36,eFSR,Service Engineer,Others/Remarks,KALA Care Global LLP - Pune,420435,KALA Care Global LLP - Hubli,420435_8,Others/Remarks,Adblue,Sales Coordinator,Does Not Qualify,1-3J6SH92,UNICEL AUTOTECH INDIA PVT LTD,ZO_West (CS),213396900,4K1080ETA4G1,125,KAREPPADOOPAD,NIKITA HIREMATH,,,,,
1-14096202131,2026-06-19 18:09:20,Manual,Sales Coordinator,Allied Oil,KALA Care Global LLP - Pune,420435,KALA Care Global LLP - Ahmednagar,420435_2,Allied Oil,68 HYDRAULICKS OIL BAREL,Sales Coordinator,Quotation Submitted,1-30PVON8,"MAHESH STONE CRUSHER, EARTH MOVERS & SUPPLIERS",ZO_West (CS),,,,,Rani Barate,Q420435022700535,2026-06-19 18:20:14,,,
1-14096261037,2026-06-19 22:28:15,eFSR,Service Engineer,Others/Remarks,KALA Care Global LLP - Pune,420435,KALA Care Global LLP - Hospet,420435_10,Others/Remarks,The installated Dg S,Sales Coordinator,Does Not Qualify,1-5SYND10,Ministry Of Steel,ZO_West (CS),211906859,3R550ETA 4G1,25,DADAPEERM,B Sneha Ballari,,,,,
1-14097373411,2026-06-20 09:59:48,Manual,Sales Coordinator,Others/Remarks,KALA Care Global LLP - Pune,420435,KALA Care Global LLP - Ahmednagar,420435_2,Others/Remarks,K SEALENT REQUIRED,Sales Coordinator,Invoiced Generated,1-5JUIA26,Kala Defence & Aerospace Systems Private Limited.,ZO_West (CS),,,,,Rani Barate,Q420435022700536,2026-06-20 10:05:36,,1-14119292321,2026-06-26 15:33:13
1-14097579731,2026-06-20 10:56:40,Manual,Sales Coordinator,Allied Oil,KALA Care Global LLP - Pune,420435,KALA Care Global LLP - Kalaburagi,420435_13,Allied Oil,ALLIED OIL,Sales Coordinator,Converted,1-66B341L,Pasupala Infra,ZO_West (CS),,,,,Rani Barate,Q420435132700372,2026-06-20 11:01:22,,1-14097816301,2026-06-20 11:11:45
1-14097580581,2026-06-20 10:45:03,Manual,Sales Coordinator,Oil,KALA Care Global LLP - Pune,420435,KALA Care Global LLP - Kalaburagi,420435_13,Oil,Oil Service,Sales Coordinator,Converted,1-68GN8EV,.N VASUDEVAN,ZO_West (CS),,HA494,,,Rani Barate,Q420435132700371,2026-06-20 13:19:54,,213006818,2026-07-04 11:33:44
1-14097883461,2026-06-20 11:33:34,Manual,Sales Coordinator,Others/Remarks,KALA Care Global LLP - Pune,420435,KALA Care Global LLP - Ahmednagar,420435_2,Others/Remarks,ENGINE SPARES,Sales Coordinator,Invoiced Generated,1-5J52ZLU,DIESEL POWER SALES AND SERVICES,ZO_West (CS),,,,,Rani Barate,Q420435022700538,2026-06-20 15:26:04,,1-14098950605,2026-06-20 15:26:08
1-14098064391,2026-06-20 12:08:44,Manual,Sales Coordinator,Oil,KALA Care Global LLP - Pune,420435,KALA Care Global LLP - Kalaburagi,420435_13,Oil,Oil Service.,Sales Coordinator,Quotation Submitted,1-1JY-4065,SHREE GURUDATTA PETROLEUMS.,ZO_West (CS),,2R1040,20,,Rani Barate,Q420435132700373,2026-06-20 12:12:22,,,
1-14098123371,2026-06-20 12:22:00,Manual,Sales Coordinator,Oil,KALA Care Global LLP - Pune,420435,KALA Care Global LLP - Kalaburagi,420435_13,Oil,OIL,Sales Coordinator,Converted,1-66FEMN9,HANSHI INFRA,ZO_West (CS),,,,,Rani Barate,Q420435132700374,2026-06-20 12:29:42,,1-14098120011,2026-06-20 12:30:18
1-14098183661,2026-06-20 12:45:34,Manual,Sales Coordinator,Others/Remarks,KALA Care Global LLP - Pune,420435,KALA Care Global LLP - Belagavi,420435_9,Others/Remarks,AIR CLEANER REQUIRED,Sales Coordinator,Invoiced Generated,1-3N3AI1O,GURU RAGHAVENDRA TRADERS,ZO_West (CS),,,,,VIDYA DHABALI,Q420435092700505,2026-06-20 12:50:13,,1-14098187807,2026-06-20 12:50:34
1-14098219751,2026-06-20 12:53:54,Manual,Sales Coordinator,Coolant Change,KALA Care Global LLP - Pune,420435,KALA Care Global LLP - Ahmednagar,420435_2,Coolant Change,RADIATOR CLEANING AND COOLANT CHANGE,Sales Coordinator,Quotation Submitted,1-3T37LX,K.S.P.G. INDIA AUTOMOTIVE PVT LTD,ZO_West (CS),,12K22TA,600,,Rani Barate,Q420435022700539,2026-06-20 13:04:11,,,
1-14098299190,2026-06-20 14:08:53,eFSR,Service Engineer,Others/Remarks,KALA Care Global LLP - Pune,420435,KALA Care Global LLP - Hubli,420435_8,Others/Remarks,Adblue,Sales Coordinator,Does Not Qualify,1-5XABHZ8,TPRS ENTERPRISES PRIVATE LIMITED,ZO_West (CS),213601230,6SL90ETA 4G3,320,KAREPPADOOPAD,NIKITA HIREMATH,,,,,
1-14098363441,2026-06-20 13:20:41,Manual,Sales Coordinator,Others/Remarks,KALA Care Global LLP - Pune,420435,KALA Care Global LLP - Ahmednagar,420435_2,Others/Remarks,engine spares,Sales Coordinator,Invoiced Generated,1-4YY8PL,Om Sai Hydrolicks,ZO_West (CS),,,,,Rani Barate,Q420435022700540,2026-06-20 13:28:14,,1-14098387881,2026-06-20 13:29:03
1-14098717448,2026-06-20 14:23:35,eFSR,Service Engineer,Others/Remarks,KALA Care Global LLP - Pune,420435,KALA Care Global LLP - Ahmednagar,420435_2,Others/Remarks,Oli fill up cap requ,Sales Coordinator,New,1-5TGYDE5,Takshila School Ahilyanagar,ZO_West (CS),213146572,HA394,25,RUSHIKESHMAGAR,,,,,,
1-14098867241,2026-06-20 15:09:09,Manual,Sales Coordinator,Others/Remarks,KALA Care Global LLP - Pune,420435,KALA Care Global LLP - Ahmednagar,420435_2,Others/Remarks,DOOR LOCK REQUIRED,Sales Coordinator,Invoiced Generated,1-6G5KWZ2,ADITYA HARIBHAU GARUD,ZO_West (CS),,,,,Rani Barate,Q420435022700541,2026-06-20 15:13:06,,1-14098937301,2026-06-20 15:14:51
1-14099236388,2026-06-20 16:31:44,eFSR,Service Engineer,Others/Remarks,KALA Care Global LLP - Pune,420435,KALA Care Global LLP - Belagavi,420435_9,Others/Remarks,Fuel pipe return,Sales Coordinator,Not Converted,1-3LYFWT8,THE PRINCIPAL,ZO_West (CS),213574189,HA694,55,GAJANANBHOSALE,VIDYA DHABALI,Q420435092700533,2026-06-24 13:26:03,,,
1-14099236395,2026-06-20 16:32:40,eFSR,Service Engineer,Oil,KALA Care Global LLP - Pune,420435,KALA Care Global LLP - Hubli,420435_8,Oil,Oi service,Sales Coordinator,Does Not Qualify,1-358H95Z,Jubilant FoodWorks Limited,ZO_West (CS),213602981,4R810TA G1,62.5,KHURSHIDHAVARAGI,NIKITA HIREMATH,,,,,
1-14099280440,2026-06-20 16:42:56,eFSR,Service Engineer,BD Spares,KALA Care Global LLP - Pune,420435,KALA Care Global LLP - Hubli,420435_8,BD Spares,Battery charger,Service Coordinator,Does Not Qualify,1-3Y18I2K,Youth Welfare Trust Sawai Gandharwa Kala Mandir,ZO_West (CS),213602913,6SL1500TA G2,200,KHURSHIDHAVARAGI,NIKITA HIREMATH,,,,,
1-14100433171,2026-06-21 14:57:56,eFSR,Service Engineer,Others/Remarks,KALA Care Global LLP - Pune,420435,KALA Care Global LLP - Hospet,420435_10,Others/Remarks,No,Sales Coordinator,Does Not Qualify,1-68LKCEP,BASAVARAJ,ZO_West (CS),213605781,4R1190,,DADAPEERM,B Sneha Ballari,,,,,
1-14100700341,2026-06-21 08:24:32,eFSR,Service Engineer,Diesel Exhaust Fluid,KALA Care Global LLP - Pune,420435,KALA Care Global LLP - Vijayapura,420435_14,Coolant Change,Coolant required,Sales Coordinator,In Progress,1-6FTPDCD,REKHA UPPAR PROJECTS PRIVATE LIMITED,ZO_West (CS),213512539,4R1190,,SANGAPPA BANNATTIBANNATTI,,,,,,
1-14100700341,2026-06-21 08:24:32,eFSR,Service Engineer,Diesel Exhaust Fluid,KALA Care Global LLP - Pune,420435,KALA Care Global LLP - Vijayapura,420435_14,Diesel Exhaust Fluid,DEF required,Sales Coordinator,In Progress,1-6FTPDCD,REKHA UPPAR PROJECTS PRIVATE LIMITED,ZO_West (CS),213512539,4R1190,,SANGAPPA BANNATTIBANNATTI,,,,,,
1-14100735132,2026-06-21 21:44:57,eFSR,Service Engineer,Others/Remarks,KALA Care Global LLP - Pune,420435,KALA Care Global LLP - Hospet,420435_10,Others/Remarks,No,Sales Coordinator,Does Not Qualify,1-4HJJT6Z,Raghavendra Bassappa malappanavar,ZO_West (CS),213605820,HA494,,DADAPEERM,B Sneha Ballari,,,,,
1-14100824967,2026-06-22 08:48:40,eFSR,Service Engineer,Service AMC/Bandhan/Anubandhan,KALA Care Global LLP - Pune,420435,KALA Care Global LLP - Bagalkote,420435_12,Service AMC/Bandhan/Anubandhan,Koel AMC,Sales Coordinator,Does Not Qualify,1-3KMXJT,ICICI Bank Limited,ZO_West (CS),213517002,HA294 G1,15,NABIRASULBAGBAN,B Sneha Ballari,,,,,
1-14101535674,2026-06-22 10:02:33,eFSR,Service Engineer,BD Spares,KALA Care Global LLP - Pune,420435,KALA Care Global LLP - Hubli,420435_8,BD Spares,Auto pannel required,Service Coordinator,Does Not Qualify,1-3PPGPUH,The Karnataka Bank  Limited.,ZO_West (CS),213603553,4R1040TA G1,82.5,YALLAPAARER,NIKITA HIREMATH,,,,,
1-14101577651,2026-06-22 10:03:01,Manual,Sales Coordinator,Allied Oil,KALA Care Global LLP - Pune,420435,KALA Care Global LLP - Vijayapura,420435_14,Allied Oil,allied oil required,Sales Coordinator,Invoiced Generated,1-6FTPDCD,REKHA UPPAR PROJECTS PRIVATE LIMITED,ZO_West (CS),,,,,Rani Barate,Q420435142700162,2026-06-22 10:07:33,,1-14102167221,2026-06-22 12:07:35
1-14101648400,2026-06-22 10:18:41,eFSR,Service Engineer,BD Spares,KALA Care Global LLP - Pune,420435,KALA Care Global LLP - Hospet,420435_10,BD Spares,Required,Service Coordinator,Qualifying,1-3F9NRJU,M/s. SHANTHA CONSTRUCTIONS,ZO_West (CS),213605839,4R1040,,Parashuram GGouripurada,B Sneha Ballari,,,,,
1-14101673301,2026-06-22 10:21:39,Manual,Sales Coordinator,Others/Remarks,KALA Care Global LLP - Pune,420435,KALA Care Global LLP - Vijayapura,420435_14,Others/Remarks,filters required,Sales Coordinator,Invoiced Generated,1-5QRI2DK,CAB CONSTRUCTION COMPANY,ZO_West (CS),,,,,Rani Barate,Q420435142700163,2026-06-22 10:32:26,,1-14101764741,2026-06-22 10:48:57
1-14101760171,2026-06-22 10:50:28,Manual,Sales Coordinator,BD Spares,KALA Care Global LLP - Pune,420435,KALA Care Global LLP - Belagavi,420435_9,Oil,oil required,Sales Coordinator,Invoiced Generated,1-3N3AI1O,GURU RAGHAVENDRA TRADERS,ZO_West (CS),,,,,VIDYA DHABALI,Q420435092700509,2026-06-22 10:53:22,,1-14101827301,2026-06-22 10:55:19
1-14101872301,2026-06-22 11:05:36,Manual,Sales Coordinator,Oil,KALA Care Global LLP - Pune,420435,KALA Care Global LLP - Kalaburagi,420435_13,Oil,OIL SERVICE,Sales Coordinator,Quotation Submitted,1-64EA3PT,VISHAL RATHOD,ZO_West (CS),,,,,Rani Barate,Q420435132700375,2026-06-22 11:14:17,,1-14126447331,2026-06-29 11:54:36
1-14101872301,2026-06-22 11:05:36,Manual,Sales Coordinator,Oil,KALA Care Global LLP - Pune,420435,KALA Care Global LLP - Kalaburagi,420435_13,Oil,OIL SERVICE,Sales Coordinator,Quotation Submitted,1-64EA3PT,VISHAL RATHOD,ZO_West (CS),,,,,Rani Barate,Q420435132700375,2026-06-22 11:14:17,,1-14126447341,2026-06-29 11:55:15
1-14101872301,2026-06-22 11:05:36,Manual,Sales Coordinator,Oil,KALA Care Global LLP - Pune,420435,KALA Care Global LLP - Kalaburagi,420435_13,Oil,OIL SERVICE,Sales Coordinator,Quotation Submitted,1-64EA3PT,VISHAL RATHOD,ZO_West (CS),,,,,Rani Barate,Q420435132700375,2026-06-22 11:14:17,,1-14126447351,2026-06-29 11:55:33
1-14101872301,2026-06-22 11:05:36,Manual,Sales Coordinator,Oil,KALA Care Global LLP - Pune,420435,KALA Care Global LLP - Kalaburagi,420435_13,Oil,OIL SERVICE,Sales Coordinator,Quotation Submitted,1-64EA3PT,VISHAL RATHOD,ZO_West (CS),,,,,Rani Barate,Q420435132700375,2026-06-22 11:14:17,,1-14126447431,2026-06-29 11:58:04
1-14101872301,2026-06-22 11:05:36,Manual,Sales Coordinator,Oil,KALA Care Global LLP - Pune,420435,KALA Care Global LLP - Kalaburagi,420435_13,Oil,OIL SERVICE,Sales Coordinator,Quotation Submitted,1-64EA3PT,VISHAL RATHOD,ZO_West (CS),,,,,Rani Barate,Q420435132700375,2026-06-22 11:14:17,,1-14126447441,2026-06-29 11:58:16
1-14102099301,2026-06-22 11:30:31,Manual,Sales Coordinator,Paid Services -PM,KALA Care Global LLP - Pune,420435,KALA Care Global LLP - Ahmednagar,420435_2,Paid Services -PM,PAID SERVICING,Sales Coordinator,Quotation Submitted,1-49GP6MA,Apna Bakery,ZO_West (CS),,3R1040TA G1,45,,Rani Barate,Q420435022700553,2026-06-22 11:38:35,,,
1-14102302543,2026-06-22 12:20:28,Manual,Sales Coordinator,Others/Remarks,KALA Care Global LLP - Pune,420435,KALA Care Global LLP - Hubli,420435_8,Others/Remarks,CR BEARING,Sales Coordinator,Invoiced Generated,1-366S8II,BASAVARAJ L. BACHALAPUR. CONTRACTOR.,ZO_West (CS),,,,,NIKITA HIREMATH,Q420435082700327,2026-06-22 12:36:47,2026-06-22 12:42:20,1-14102429301,2026-06-22 12:44:11
1-14102366041,2026-06-22 12:35:14,Manual,Sales Coordinator,Battery,KALA Care Global LLP - Pune,420435,KALA Care Global LLP - Kalaburagi,420435_13,Battery,Battery,Sales Coordinator,Quotation Submitted,1-1KS-4085,Gurunanak Dev Engineering College,ZO_West (CS),,6K1080TA G2,160,,Rani Barate,Q420435132700376,2026-06-22 12:41:41,,,
1-14102426041,2026-06-22 12:59:32,Manual,Sales Coordinator,Oil,KALA Care Global LLP - Pune,420435,KALA Care Global LLP - Ahmednagar,420435_2,Oil,K OIL BARREL 210 LTR,Sales Coordinator,Quotation Submitted,1-BE1XUJ,MALGANGA CONSTRUCTION,ZO_West (CS),,,,,Rani Barate,Q420435022700554,2026-06-22 13:16:27,,,
1-14102480704,2026-06-22 13:24:05,eFSR,Service Engineer,Service AMC/Bandhan/Anubandhan,KALA Care Global LLP - Pune,420435,KALA Care Global LLP - Belagavi,420435_9,Service AMC/Bandhan/Anubandhan,Required 58.5,Sales Coordinator,Does Not Qualify,1-68AMXKN,SHAHABAZKHAN PUNEKAR,ZO_West (CS),213607779,4R810ETA4G1,58.5,SATISHNAVAGEKAR,VIDYA DHABALI,,,,,
1-14102480710,2026-06-22 13:25:06,eFSR,Service Engineer,Overhauling,KALA Care Global LLP - Pune,420435,KALA Care Global LLP - Vijayapura,420435_14,Coolant Change,Coolant required,Service Coordinator,New,1-3GVG93U,THE CHIEF OFFICER,ZO_West (CS),213600344,4R1040 BS-II (332/Y2767 LN 30),,SANGAPPA BANNATTIBANNATTI,,,,,,
1-14102480710,2026-06-22 13:25:06,eFSR,Service Engineer,Overhauling,KALA Care Global LLP - Pune,420435,KALA Care Global LLP - Vijayapura,420435_14,Oil,Required,Service Coordinator,New,1-3GVG93U,THE CHIEF OFFICER,ZO_West (CS),213600344,4R1040 BS-II (332/Y2767 LN 30),,SANGAPPA BANNATTIBANNATTI,,,,,,
1-14102480710,2026-06-22 13:25:06,eFSR,Service Engineer,Overhauling,KALA Care Global LLP - Pune,420435,KALA Care Global LLP - Vijayapura,420435_14,Overhauling,Required,Service Coordinator,New,1-3GVG93U,THE CHIEF OFFICER,ZO_West (CS),213600344,4R1040 BS-II (332/Y2767 LN 30),,SANGAPPA BANNATTIBANNATTI,,,,,,
1-14102480710,2026-06-22 13:25:06,eFSR,Service Engineer,Overhauling,KALA Care Global LLP - Pune,420435,KALA Care Global LLP - Vijayapura,420435_14,Paid Services -PM,Required,Service Coordinator,New,1-3GVG93U,THE CHIEF OFFICER,ZO_West (CS),213600344,4R1040 BS-II (332/Y2767 LN 30),,SANGAPPA BANNATTIBANNATTI,,,,,,
1-14102591559,2026-06-22 13:19:40,Manual,Sales Coordinator,Allied Oil,KALA Care Global LLP - Pune,420435,KALA Care Global LLP - Ahmednagar,420435_2,Allied Oil,HYDROLICK OIL 46 NO,Sales Coordinator,Invoiced Generated,1-5Y8AP0I,BHAIRAVNATH CONSTRUCTION,ZO_West (CS),,,,,Rani Barate,Q420435022700555,2026-06-22 13:37:47,,1-14102649971,2026-06-22 13:38:24
1-14102785841,2026-06-22 14:19:38,Manual,Sales Coordinator,Overhauling,KALA Care Global LLP - Pune,420435,KALA Care Global LLP - Belagavi,420435_9,Overhauling,TOP OVERHAULING,Sales Coordinator,Converted,1-342GA6A,M/s. TARADE BROTHERS CONSTRUCTION PVT LTD,ZO_West (CS),,HA494,,,VIDYA DHABALI,Q420435092700519,2026-07-06 15:56:01,,213739419,2026-07-23 13:55:48
1-14103017601,2026-06-22 14:30:49,Manual,Sales Coordinator,Others/Remarks,KALA Care Global LLP - Pune,420435,KALA Care Global LLP - Ahmednagar,420435_2,Others/Remarks,AIR FILTER AND BELT,Sales Coordinator,Quotation Submitted,1-5ZJ75X8,DEEPAK SAMPAT SHINDE,ZO_West (CS),,,,,Rani Barate,Q420435022700556,2026-06-22 14:35:40,,,
1-14103093766,2026-06-22 15:05:36,eFSR,Service Engineer,Others/Remarks,KALA Care Global LLP - Pune,420435,KALA Care Global LLP - Belagavi,420435_9,Others/Remarks,Door lock required R,Sales Coordinator,Not Converted,1-5XC1P8P,Jabas Rajan Sweet,ZO_West (CS),212143565,4R810ETA4G1,58.5,PRASHANTPATIL,VIDYA DHABALI,Q420435092700584,2026-07-02 15:58:22,,,
1-14103112196,2026-06-22 15:37:11,eFSR,Service Engineer,Others/Remarks,KALA Care Global LLP - Pune,420435,KALA Care Global LLP - Hubli,420435_8,Others/Remarks,No,Sales Coordinator,Does Not Qualify,1-67QM7YZ,Shrinidhi Engineers,ZO_West (CS),213235116,3R550TA 4G1,25,NAMDEVKHAVARI,NIKITA HIREMATH,,,,,
1-14103159161,2026-06-22 15:10:31,Manual,Sales Coordinator,Others/Remarks,KALA Care Global LLP - Pune,420435,KALA Care Global LLP - Belagavi,420435_9,Others/Remarks,DUMMY,Sales Coordinator,Converted,1-4LSZ9OS,Siddhant Selection,ZO_West (CS),,EA10 G1,7.5,,VIDYA DHABALI,Q420435092700521,2026-06-22 15:13:43,,212889149,2026-06-19 11:22:31
1-14103193761,2026-06-22 15:22:57,Manual,Sales Coordinator,BD Spares,KALA Care Global LLP - Pune,420435,KALA Care Global LLP - Kalaburagi,420435_13,BD Spares,Fuel Leakages Issue,Sales Coordinator,Converted,1-5LWV42N,SNEHA FARMS PVT LTD(KARNATAKA),ZO_West (CS),,,,,Rani Barate,Q420435132700378,2026-06-22 15:25:33,,1-14103244651,2026-06-22 15:26:54
1-14103208681,2026-06-22 15:14:07,Manual,Sales Coordinator,BD Spares,KALA Care Global LLP - Pune,420435,KALA Care Global LLP - Vijayapura,420435_14,BD Spares,BD Spares,Sales Coordinator,Qualifying,1-5LWV42N,SNEHA FARMS PVT LTD(KARNATAKA),ZO_West (CS),,,,,Rani Barate,,,,,
1-14103215369,2026-06-22 15:17:07,Manual,Sales Coordinator,Others/Remarks,KALA Care Global LLP - Pune,420435,KALA Care Global LLP - Belagavi,420435_9,BD Spares,LINER REQUIRED,Sales Coordinator,Invoiced Generated,1-3N3AI1O,GURU RAGHAVENDRA TRADERS,ZO_West (CS),,,,,VIDYA DHABALI,Q420435092700522,2026-06-22 15:20:17,,1-14103271252,2026-06-22 15:44:33
1-14103346124,2026-06-22 16:12:46,eFSR,Service Engineer,Oil,KALA Care Global LLP - Pune,420435,KALA Care Global LLP - Belagavi,420435_9,Oil,Oil servsing due,Sales Coordinator,Quotation Submitted,1-3UY0Y55,Shri Ganesh Milk And Milk Products,ZO_West (CS),213583845,4R1040TA G1,82.5,RAJUTALWAR,VIDYA DHABALI,Q420435092700524,2026-06-23 15:37:37,,,
1-14103498361,2026-06-22 16:12:38,Manual,Sales Coordinator,Others/Remarks,KALA Care Global LLP - Pune,420435,KALA Care Global LLP - Ahmednagar,420435_2,Others/Remarks,ENGINE SPARES FOR SERVICING,Sales Coordinator,Quotation Submitted,1-469DJAG,PANDHARINATH YASHWANTA GHORPADE,ZO_West (CS),,,,,Rani Barate,Q420435022700561,2026-06-22 16:19:39,,,
1-14103591806,2026-06-22 17:11:39,eFSR,Service Engineer,Coolant Change,KALA Care Global LLP - Pune,420435,KALA Care Global LLP - Belagavi,420435_9,Coolant Change,Required,Sales Coordinator,Not Converted,1-4CN1OU1,AB Foods,ZO_West (CS),213164799,4R1040,40,RAJUTALWAR,VIDYA DHABALI,Q420435092700583,2026-07-02 15:52:07,,,
1-14103591821,2026-06-22 17:13:07,eFSR,Service Engineer,Service AMC/Bandhan/Anubandhan,KALA Care Global LLP - Pune,420435,KALA Care Global LLP - Bagalkote,420435_12,Service AMC/Bandhan/Anubandhan,Koel AMC,Sales Coordinator,Qualifying,1-4MW46B,IDBI BANK LTD.,ZO_West (CS),213516110,3R1040TA G1,40,NABIRASULBAGBAN,Rani Barate,Q420435122700245,,,,
1-14103592035,2026-06-22 17:37:26,eFSR,Service Engineer,Paid Services -PM,KALA Care Global LLP - Pune,420435,KALA Care Global LLP - Hubli,420435_8,Paid Services -PM,Oil service,Service Coordinator,Does Not Qualify,1-67B5ZXC,KGP INFRASTRUCTURE,ZO_West (CS),213578195,4K1080TA G2,125.4,KHURSHIDHAVARAGI,NIKITA HIREMATH,,,,,
1-14103592209,2026-06-22 17:57:52,eFSR,Service Engineer,Others/Remarks,KALA Care Global LLP - Pune,420435,KALA Care Global LLP - Hubli,420435_8,Others/Remarks,Not required,Sales Coordinator,Does Not Qualify,1-19Q50ZD,Indian Institute of Technology Dharwad.,ZO_West (CS),213607743,6SL1500TA G3,250,VITTALSATANNAVAR,NIKITA HIREMATH,,,,,
1-14103686301,2026-06-22 16:51:50,Manual,Sales Coordinator,Others/Remarks,KALA Care Global LLP - Pune,420435,KALA Care Global LLP - Hubli,420435_8,Others/Remarks,WASHER,Sales Coordinator,Order/SR Generated,1-1V1EFVN,THE SECRETARY,ZO_West (CS),,HA294 G1,15,,NIKITA HIREMATH,Q420435082700329,2026-06-22 17:07:35,2026-06-22 17:16:46,213610154,2026-06-22 17:12:14
1-14104168492,2026-06-22 18:01:23,eFSR,Service Engineer,Service AMC/Bandhan/Anubandhan,KALA Care Global LLP - Pune,420435,KALA Care Global LLP - Bagalkote,420435_12,Service AMC/Bandhan/Anubandhan,Koel bandhan,Sales Coordinator,New,1-4Q35ZAD,Sanadi International Schools,ZO_West (CS),212776009,3R1040T G1,35,NABIRASULBAGBAN,,,,,,
1-14104169101,2026-06-22 19:45:57,eFSR,Service Engineer,Oil,KALA Care Global LLP - Pune,420435,KALA Care Global LLP - Nanded,420435_4,Oil,oil servicing,Sales Coordinator,Awaiting Approval,1-46MD9X2,PEC POWER INFRA PRIVATE LIMITED,ZO_West (CS),213609220,EA16 G1,10,SAGARPARDESHI,Jyoti Mangesh,Q420435042700417,2026-07-20 10:05:29,,,
1-14104169101,2026-06-22 19:45:57,eFSR,Service Engineer,Oil,KALA Care Global LLP - Pune,420435,KALA Care Global LLP - Nanded,420435_4,Paid Services -PM,oil servicing,Sales Coordinator,Awaiting Approval,1-46MD9X2,PEC POWER INFRA PRIVATE LIMITED,ZO_West (CS),213609220,EA16 G1,10,SAGARPARDESHI,Jyoti Mangesh,Q420435042700417,2026-07-20 10:05:29,,,
1-14104843179,2026-06-23 09:55:41,eFSR,Service Engineer,Paid Services -PM,KALA Care Global LLP - Pune,420435,KALA Care Global LLP - Belagavi,420435_9,Paid Services -PM,Oil sarvice,Service Coordinator,Quotation Submitted,1-5UAJKXH,H.S.SHANDAGE,ZO_West (CS),211903478,3R550TA 4G1,20,AMITMEKKALIKE,VIDYA DHABALI,Q420435092700581,2026-07-02 15:30:26,,,
1-14105345811,2026-06-23 10:16:34,Manual,Sales Coordinator,Diesel Exhaust Fluid,KALA Care Global LLP - Pune,420435,KALA Care Global LLP - Ahmednagar,420435_2,Diesel Exhaust Fluid,20 LTR 5 CAN,Sales Coordinator,Invoiced Generated,1-63NUYRB,Moolchand Mill Pvt Ltd,ZO_West (CS),,,,,Rani Barate,Q420435022700569,2026-07-02 11:08:25,,1-14138242743,2026-07-02 11:09:48
1-14105481691,2026-06-23 10:44:18,Manual,Sales Coordinator,Others/Remarks,KALA Care Global LLP - Pune,420435,KALA Care Global LLP - Ahmednagar,420435_2,Others/Remarks,ENGINE SPARES,Sales Coordinator,Invoiced Generated,1-40DGPJC,Mr. Ganesh Laxman Aghav,ZO_West (CS),,,,,Rani Barate,Q420435022700570,2026-06-23 10:48:02,,1-14105491961,2026-06-23 10:48:30
1-14105598801,2026-06-23 10:59:43,Manual,Sales Coordinator,Paid Services -PM,KALA Care Global LLP - Pune,420435,KALA Care Global LLP - Hubli,420435_8,Paid Services -PM,OIL SERVICE QUOTE,Sales Coordinator,Converted,1-3H3UH6I,SHV Energy Private Limited,ZO_West (CS),,2R1040 G1,20,,NIKITA HIREMATH,Q420435082700331,2026-06-23 11:12:59,,211985227,2026-06-23 11:14:14
1-14105644054,2026-06-23 11:13:40,Manual,Sales Coordinator,Paid Services -PM,KALA Care Global LLP - Pune,420435,KALA Care Global LLP - Hubli,420435_8,Paid Services -PM,OIL SERVICE REQUIRED,Sales Coordinator,Converted,1-3H3UH6I,SHV Energy Private Limited,ZO_West (CS),,2R1040 G1,20,,NIKITA HIREMATH,Q420435082700332,2026-06-23 11:20:57,2026-06-24 12:41:57,211985225,2026-06-23 11:28:20
1-14105724771,2026-06-23 11:26:46,Manual,Sales Coordinator,Oil,KALA Care Global LLP - Pune,420435,KALA Care Global LLP - Vijayapura,420435_14,Oil,c checkwith engine oil service,Sales Coordinator,Converted,1-67YF757,KANKARIA INFRA,ZO_West (CS),,4R810,,,Rani Barate,Q420435142700166,2026-06-23 12:49:32,,212967736,2026-06-24 11:34:25
1-14105942301,2026-06-23 12:01:13,Manual,Sales Coordinator,Paid Services -PM,KALA Care Global LLP - Pune,420435,KALA Care Global LLP - Hubli,420435_8,Paid Services -PM,OIL SERVICE REQUIRED,Sales Coordinator,Converted,1-3H3UH6I,SHV Energy Private Limited,ZO_West (CS),,2R1040 G1,20,,NIKITA HIREMATH,Q420435082700333,2026-06-23 12:12:42,2026-06-24 13:36:26,211985229,2026-06-23 15:24:26
1-14105989891,2026-06-23 12:18:18,Manual,Sales Coordinator,BD Spares,KALA Care Global LLP - Pune,420435,KALA Care Global LLP - Aurangabad,420435_1,BD Spares,PARTS,Sales Coordinator,Invoiced Generated,1-3FHCEHH,GNI INFRASTRUCTURE LIMITED,ZO_West (CS),,,,,Rani Barate,Q420435012700513,2026-06-25 14:41:56,2026-06-25 16:12:35,1-14115565331,2026-06-25 16:14:27
1-14106014351,2026-06-23 12:18:55,Manual,Sales Coordinator,Allied Oil,KALA Care Global LLP - Pune,420435,KALA Care Global LLP - Kalaburagi,420435_13,Allied Oil,ALLIED OIL,Sales Coordinator,Converted,1-5XK0VG4,RAJARAJESHWARI FOOD SUPPLIERS,ZO_West (CS),,,,,Rani Barate,Q420435132700381,2026-06-23 12:24:10,,1-14110431321,2026-06-24 13:27:58
1-14106014471,2026-06-23 12:20:01,Manual,Sales Coordinator,Others/Remarks,KALA Care Global LLP - Pune,420435,KALA Care Global LLP - Ahmednagar,420435_2,Others/Remarks,ENGINE SPARES REQUIRED,Sales Coordinator,Invoiced Generated,1-61LYXM1,BALASON INFRASTRUCTURE SOLUTIONS PRIVATE LIMITED,ZO_West (CS),,,,,Rani Barate,Q420435022700575,2026-06-23 14:49:14,,1-14143696791,2026-07-03 16:36:06
1-14106079291,2026-06-23 12:40:50,Manual,Sales Coordinator,Diesel Exhaust Fluid,KALA Care Global LLP - Pune,420435,KALA Care Global LLP - Ahmednagar,420435_2,Diesel Exhaust Fluid,5 CAN 20 LTR,Sales Coordinator,Invoiced Generated,1-616Q442,PANCHSHIL ALLUMINIUM PVT LTD,ZO_West (CS),,,,,Rani Barate,Q420435022700576,2026-06-23 12:45:31,,1-14106165301,2026-06-23 12:47:01
1-14106109006,2026-06-23 13:18:27,eFSR,Service Engineer,Others/Remarks,KALA Care Global LLP - Pune,420435,KALA Care Global LLP - Hospet,420435_10,Others/Remarks,No,Sales Coordinator,Does Not Qualify,1-5ZFQW90,Shankar Singh Balaj Singh Shyamraj Singh,ZO_West (CS),212280265,3R1190ENA 4G1,35,Krishna kumarG,B Sneha Ballari,,,,,
1-14106275251,2026-06-23 13:31:13,Manual,Sales Coordinator,Oil,KALA Care Global LLP - Pune,420435,KALA Care Global LLP - Kalaburagi,420435_13,Oil,Engine Oil Service,Sales Coordinator,Converted,1-3HVU21H,ACCURATE POWERTECH INDIA PVT LTD.,ZO_West (CS),,3R1040T G1,30,,Rani Barate,Q420435132700383,2026-06-23 13:47:56,,213432642,2026-06-26 11:37:35
1-14106427393,2026-06-23 13:43:47,eFSR,Service Engineer,Others/Remarks,KALA Care Global LLP - Pune,420435,KALA Care Global LLP - Kalaburagi,420435_13,Others/Remarks,No,Sales Coordinator,Does Not Qualify,1-5XK0VG4,RAJARAJESHWARI FOOD SUPPLIERS,ZO_West (CS),213611860,DV8ETA 4G3,500,Shakeel AshrafChowdhari,Rani Barate,,,,,
1-14106879621,2026-06-23 14:56:34,Manual,Sales Coordinator,Others/Remarks,KALA Care Global LLP - Pune,420435,KALA Care Global LLP - Hubli,420435_8,Others/Remarks,OIL SERVICE PARTS,Sales Coordinator,Invoiced Generated,1-4IF11F4,Gimmy K Thomas,ZO_West (CS),,,,,NIKITA HIREMATH,Q420435082700335,2026-06-23 15:01:30,2026-06-23 15:01:45,1-14106964301,2026-06-23 15:02:14
1-14107220979,2026-06-23 16:36:41,eFSR,Service Engineer,Oil,KALA Care Global LLP - Pune,420435,KALA Care Global LLP - Belagavi,420435_9,Coolant Change,Required coolant,Sales Coordinator,Converted,1-1W9-3741,Sterling Tapes Pvt Ltd,ZO_West (CS),213613454,RB33,30,RAJUTALWAR,VIDYA DHABALI,Q420435092700532,2026-07-06 14:06:42,,213614451,2026-07-09 12:06:14
1-14107220979,2026-06-23 16:36:41,eFSR,Service Engineer,Oil,KALA Care Global LLP - Pune,420435,KALA Care Global LLP - Belagavi,420435_9,Oil,Oil servsing due,Sales Coordinator,Converted,1-1W9-3741,Sterling Tapes Pvt Ltd,ZO_West (CS),213613454,RB33,30,RAJUTALWAR,VIDYA DHABALI,Q420435092700532,2026-07-06 14:06:42,,213614451,2026-07-09 12:06:14
1-14107524573,2026-06-23 16:40:31,Manual,Sales Coordinator,Others/Remarks,KALA Care Global LLP - Pune,420435,KALA Care Global LLP - Belagavi,420435_9,BD Spares,OIL REQUIRED,Sales Coordinator,Invoiced Generated,1-5LO9544,ISHA HYDRO POWER,ZO_West (CS),,,,,VIDYA DHABALI,Q420435092700525,2026-06-23 17:27:07,,1-14107950303,2026-06-23 17:27:13
1-14107524867,2026-06-23 16:43:17,Manual,Sales Coordinator,Oil,KALA Care Global LLP - Pune,420435,KALA Care Global LLP - Belagavi,420435_9,Oil,PARTS REQUIRED,Sales Coordinator,Invoiced Generated,1-2XA0XP0,Imran Arab,ZO_West (CS),,,,,VIDYA DHABALI,Q420435092700526,2026-06-23 16:46:43,,1-14107561561,2026-06-23 16:47:32
1-14107778863,2026-06-23 17:41:06,eFSR,Service Engineer,Coolant Change,KALA Care Global LLP - Pune,420435,KALA Care Global LLP - Belagavi,420435_9,Coolant Change,Coolant required,Sales Coordinator,Quotation Submitted,1-5UMY76R,"Principal DMS mandal Bhaurao Kakatkar College, Belgaum",ZO_West (CS),213229399,RB33,30,RAJUTALWAR,VIDYA DHABALI,Q420435092700540,2026-06-25 10:06:17,,,
1-14107778960,2026-06-23 17:47:32,eFSR,Service Engineer,Others/Remarks,KALA Care Global LLP - Pune,420435,KALA Care Global LLP - Belagavi,420435_9,Others/Remarks,Oil service,Sales Coordinator,Quotation Submitted,1-4K85KHR,Prasad Hospital,ZO_West (CS),212233990,HA294,15,PRAMODDHARIGOUD,VIDYA DHABALI,Q420435092700535,2026-06-24 15:00:18,,,
1-14108191236,2026-06-23 22:43:48,eFSR,Service Engineer,Oil,KALA Care Global LLP - Pune,420435,KALA Care Global LLP - Hubli,420435_8,BD Spares,L v m fialver,Sales Coordinator,New,1-446AAQ2,Sanjeevini Ayurveda Medical Collage And Hospital,ZO_West (CS),213613821,4K1080TA G2,125.4,KHURSHIDHAVARAGI,,,,,,
1-14108191236,2026-06-23 22:43:48,eFSR,Service Engineer,Oil,KALA Care Global LLP - Pune,420435,KALA Care Global LLP - Hubli,420435_8,Oil,Oil service,Sales Coordinator,New,1-446AAQ2,Sanjeevini Ayurveda Medical Collage And Hospital,ZO_West (CS),213613821,4K1080TA G2,125.4,KHURSHIDHAVARAGI,,,,,,
1-14109265159,2026-06-24 09:51:22,eFSR,Service Engineer,Others/Remarks,KALA Care Global LLP - Pune,420435,KALA Care Global LLP - Ahmednagar,420435_2,Others/Remarks,Needed Control panel,Sales Coordinator,New,1-4154Q7O,Saibaba Hospital,ZO_West (CS),213611862,2R1040 G1,20,RUSHIKESHMAGAR,,,,,,
1-14109273108,2026-06-24 10:11:53,eFSR,Service Engineer,BD Spares,KALA Care Global LLP - Pune,420435,KALA Care Global LLP - Belagavi,420435_9,BD Spares,Oil cooler,Service Coordinator,Quotation Submitted,1-3ZE57KO,Shri Venkateshwara Petroleum,ZO_West (CS),213613903,HA294 G1,15,RAJUMAGUND,VIDYA DHABALI,Q420435092700538,2026-06-24 16:37:50,,,
1-14109419921,2026-06-24 10:11:13,Manual,Sales Coordinator,Others/Remarks,KALA Care Global LLP - Pune,420435,KALA Care Global LLP - Ahmednagar,420435_2,Others/Remarks,ENGINE SPARES REQUIRED,Sales Coordinator,Invoiced Generated,1-KMY7PI,Om Sai Hydrolicks.,ZO_West (CS),,,,,Rani Barate,Q420435022700596,2026-06-24 10:24:38,,1-14109496791,2026-06-24 10:26:18
1-14109427451,2026-06-24 10:00:54,Manual,Sales Coordinator,Oil,KALA Care Global LLP - Pune,420435,KALA Care Global LLP - Vijayapura,420435_14,Oil,b check with engine oil service,Sales Coordinator,Quotation Submitted,1-6EKIUPI,M/s .Karunamaya Infra,ZO_West (CS),,HA694,,,Rani Barate,Q420435142700169,2026-06-24 11:45:03,,,
1-14109539526,2026-06-24 10:36:51,eFSR,Service Engineer,Battery,KALA Care Global LLP - Pune,420435,KALA Care Global LLP - Bagalkote,420435_12,Battery,Battery ok,Sales Coordinator,New,1-3KMXJT,ICICI Bank Limited,ZO_West (CS),213519597,3R1040T G1,30,NABIRASULBAGBAN,,,,,,
1-14109539526,2026-06-24 10:36:51,eFSR,Service Engineer,Battery,KALA Care Global LLP - Pune,420435,KALA Care Global LLP - Bagalkote,420435_12,Service AMC/Bandhan/Anubandhan,Koel AMC,Sales Coordinator,New,1-3KMXJT,ICICI Bank Limited,ZO_West (CS),213519597,3R1040T G1,30,NABIRASULBAGBAN,,,,,,
1-14109760842,2026-06-24 11:26:13,eFSR,Service Engineer,New DG,KALA Care Global LLP - Pune,420435,KALA Care Global LLP - Parbhani,420435_7,New DG,Dg,Sales Coordinator,New,1-5LHS3TQ,Hotal Ramayana,ZO_West (CS),213611577,4R810ETA4G1,58.5,PRABHAKARUPHADE,,,,,,
1-14109970108,2026-06-24 12:16:42,eFSR,Service Engineer,Coolant Change,KALA Care Global LLP - Pune,420435,KALA Care Global LLP - Nanded,420435_4,Coolant Change,COLLENT,Sales Coordinator,Does Not Qualify,1-3MREC3,HDFC Bank Limited,ZO_West (CS),213612989,3R1040TA G1,45,DineshKalidas,Sareen Shaikh,,,,,
1-14110052651,2026-06-24 12:10:23,Manual,Sales Coordinator,Others/Remarks,KALA Care Global LLP - Pune,420435,KALA Care Global LLP - Belagavi,420435_9,Others/Remarks,PARTS REQUIRED,Sales Coordinator,Invoiced Generated,1-5R70LNH,MKC INFRASTRUCTURE LIMITED,ZO_West (CS),,,,,VIDYA DHABALI,Q420435092700529,2026-06-24 12:13:26,,1-14155838621,2026-07-07 15:54:09
1-14110078301,2026-06-24 12:09:15,Manual,Sales Coordinator,Paid Services -PM,KALA Care Global LLP - Pune,420435,KALA Care Global LLP - Ahmednagar,420435_2,Paid Services -PM,PAID SERVICING,Sales Coordinator,Converted,1-4WORFQO,VIVEK YASHWANT BHANDARE,ZO_West (CS),,4R810,,,Rani Barate,Q420435022700597,2026-06-24 12:24:24,,211819027,2026-06-26 11:08:34
1-14110116301,2026-06-24 12:17:51,Manual,Sales Coordinator,Others/Remarks,KALA Care Global LLP - Pune,420435,KALA Care Global LLP - Belagavi,420435_9,Others/Remarks,parts required,Sales Coordinator,Invoiced Generated,1-68801HM,Sayani Traders,ZO_West (CS),,,,,VIDYA DHABALI,Q420435092700530,2026-06-24 17:15:03,,1-14117527984,2026-06-26 10:16:25
1-14110116365,2026-06-24 12:21:05,Manual,Sales Coordinator,Overhauling,KALA Care Global LLP - Pune,420435,KALA Care Global LLP - Belagavi,420435_9,Overhauling,majour overahuling,Sales Coordinator,Invoiced Generated,1-4G1H8WF,SUPREME AUTOMOBILES,ZO_West (CS),,,,,VIDYA DHABALI,Q420435092700531,2026-06-24 12:23:20,,1-14110079123,2026-06-24 12:24:44
1-14110149751,2026-06-24 12:31:10,Manual,Sales Coordinator,Paid Services -PM,KALA Care Global LLP - Pune,420435,KALA Care Global LLP - Ahmednagar,420435_2,Paid Services -PM,PAID SERVICING,Sales Coordinator,Quotation Submitted,1-66PQ7D,Sanchit Maid,ZO_West (CS),,CC418 G1,5,,Rani Barate,Q420435022700598,2026-06-24 12:55:46,,,
1-14110167227,2026-06-24 13:17:22,eFSR,Service Engineer,Oil,KALA Care Global LLP - Pune,420435,KALA Care Global LLP - Kalaburagi,420435_13,Oil,Ok,Sales Coordinator,Does Not Qualify,1-5VO-3313,Director GIMS Kalaburgi,ZO_West (CS),213616519,DV10TAG1,500,Shakeel AshrafChowdhari,Rani Barate,,,,,
1-14110205059,2026-06-24 13:21:30,eFSR,Service Engineer,Service AMC/Bandhan/Anubandhan,KALA Care Global LLP - Pune,420435,KALA Care Global LLP - Hospet,420435_10,Service AMC/Bandhan/Anubandhan,Give quatation Banda,Sales Coordinator,Does Not Qualify,1-5XORQPL,Sri Basavashree Noukarara Pattina Sahakari Sangha Niyamita,ZO_West (CS),213587647,RB33,30,VIJAYKUMAR,B Sneha Ballari,,,,,
1-14110205296,2026-06-24 13:36:41,eFSR,Service Engineer,Others/Remarks,KALA Care Global LLP - Pune,420435,KALA Care Global LLP - Belagavi,420435_9,Others/Remarks,Bandhan plus,Sales Coordinator,Does Not Qualify,1-4SID9BW,M/S. S.K. Ganager Construction Co.,ZO_West (CS),212796402,EA16 G1,10,PRAMODDHARIGOUD,VIDYA DHABALI,,,,,
1-14110280774,2026-06-24 13:00:51,Manual,Sales Coordinator,Others/Remarks,KALA Care Global LLP - Pune,420435,KALA Care Global LLP - Ahmednagar,420435_2,Others/Remarks,BELLOW AND AIR CLEANER ASSLY,Sales Coordinator,Invoiced Generated,1-50L20TI,Yash Construction Company. .,ZO_West (CS),,,,,Rani Barate,Q420435022700599,2026-06-27 17:03:58,,1-14123387605,2026-06-27 17:04:03
1-14110366962,2026-06-24 14:00:41,eFSR,Service Engineer,Others/Remarks,KALA Care Global LLP - Pune,420435,KALA Care Global LLP - Belagavi,420435_9,Coolant Change,10 liter coolant,Sales Coordinator,Quotation Submitted,1-45LV4KQ,Divine Providence Convent High School,ZO_West (CS),213233734,RV2,15,RAJUTALWAR,VIDYA DHABALI,Q420435092700580,2026-07-02 15:20:21,,,
1-14110366962,2026-06-24 14:00:41,eFSR,Service Engineer,Others/Remarks,KALA Care Global LLP - Pune,420435,KALA Care Global LLP - Belagavi,420435_9,Others/Remarks,Not required,Sales Coordinator,Quotation Submitted,1-45LV4KQ,Divine Providence Convent High School,ZO_West (CS),213233734,RV2,15,RAJUTALWAR,VIDYA DHABALI,Q420435092700580,2026-07-02 15:20:21,,,
1-14110390821,2026-06-24 13:29:19,Manual,Sales Coordinator,BD Spares,KALA Care Global LLP - Pune,420435,KALA Care Global LLP - Hospet,420435_10,BD Spares,fip pump,Sales Coordinator,Converted,1-68ZMTLU,SRINIVAS INFRASTRUCTURE PRIVATE LIMITED,ZO_West (CS),,CC418 G1.1,5.5,,B Sneha Ballari,Q420435102700547,2026-06-25 14:13:19,,213465311,2026-05-16 15:22:35
1-14110390821,2026-06-24 13:29:19,Manual,Sales Coordinator,BD Spares,KALA Care Global LLP - Pune,420435,KALA Care Global LLP - Hospet,420435_10,BD Spares,solinoid coil,Sales Coordinator,Converted,1-68ZMTLU,SRINIVAS INFRASTRUCTURE PRIVATE LIMITED,ZO_West (CS),,CC418 G1.1,5.5,,B Sneha Ballari,Q420435102700547,2026-06-25 14:13:19,,213465311,2026-05-16 15:22:35
1-14110404491,2026-06-24 13:33:08,eFSR,Service Engineer,BD Spares,KALA Care Global LLP - Pune,420435,KALA Care Global LLP - Aurangabad,420435_1,BD Spares,HO PIPE 5 number Pum,Service Coordinator,Does Not Qualify,1-5WH554D,S. D. DOUNDE INFRA PRIVATE LIMITED,ZO_West (CS),213616450,6R1080T,,KAMLAKARMORE,Rani Barate,,,,,
1-14110490411,2026-06-24 13:47:19,Manual,Sales Coordinator,BD Spares,KALA Care Global LLP - Pune,420435,KALA Care Global LLP - Hospet,420435_10,BD Spares,REQUIRED FILTERS,Sales Coordinator,Invoiced Generated,1-66KB81U,SRI REVANASIDDESHWARA ENTERPRISES,ZO_West (CS),,4R1040T BS III,,,B Sneha Ballari,Q420435102700548,2026-06-24 13:52:34,,1-14110511631,2026-06-24 13:53:09
1-14110803431,2026-06-24 14:24:09,Manual,Sales Coordinator,Others/Remarks,KALA Care Global LLP - Pune,420435,KALA Care Global LLP - Ahmednagar,420435_2,Others/Remarks,ENGINE SERVICING SPARES,Sales Coordinator,Quotation Submitted,1-3H55HEI,SUNFRESH AGRO INDUSTRIES PVT LTD,ZO_West (CS),,,,,Rani Barate,Q420435022700600,2026-06-24 14:29:30,,,
1-14110935791,2026-06-24 15:01:48,Manual,Sales Coordinator,Paid Services -PM,KALA Care Global LLP - Pune,420435,KALA Care Global LLP - Ahmednagar,420435_2,Paid Services -PM,PAID SERVICING,Sales Coordinator,Converted,1-38VY3XY,Sacred Heart Trust,ZO_West (CS),,3R1040TA G1,45,,Rani Barate,Q420435022700601,2026-06-24 15:10:22,,213617309,2026-06-25 11:21:17
1-14111037038,2026-06-24 15:58:56,eFSR,Service Engineer,Others/Remarks,KALA Care Global LLP - Pune,420435,KALA Care Global LLP - Kalaburagi,420435_13,BD Spares,Ok,Sales Coordinator,Does Not Qualify,1-3PHP2OS,Government Polytechnic _ Kalburgi,ZO_West (CS),213617356,HA694TCI G1,62.5,Shakeel AshrafChowdhari,Rani Barate,,,,,
1-14111037038,2026-06-24 15:58:56,eFSR,Service Engineer,Others/Remarks,KALA Care Global LLP - Pune,420435,KALA Care Global LLP - Kalaburagi,420435_13,Oil,Ok,Sales Coordinator,Does Not Qualify,1-3PHP2OS,Government Polytechnic _ Kalburgi,ZO_West (CS),213617356,HA694TCI G1,62.5,Shakeel AshrafChowdhari,Rani Barate,,,,,
1-14111037038,2026-06-24 15:58:56,eFSR,Service Engineer,Others/Remarks,KALA Care Global LLP - Pune,420435,KALA Care Global LLP - Kalaburagi,420435_13,Others/Remarks,Ok,Sales Coordinator,Does Not Qualify,1-3PHP2OS,Government Polytechnic _ Kalburgi,ZO_West (CS),213617356,HA694TCI G1,62.5,Shakeel AshrafChowdhari,Rani Barate,,,,,
1-14111086691,2026-06-24 15:59:50,eFSR,Service Engineer,Battery,KALA Care Global LLP - Pune,420435,KALA Care Global LLP - Hubli,420435_8,Battery,Battery required 180,Sales Coordinator,Does Not Qualify,1-1JG-3892,InstaKart Services Private Limited,ZO_West (CS),213582987,6SL1500TA G2,200,KHURSHIDHAVARAGI,NIKITA HIREMATH,,,,,
1-14111188301,2026-06-24 15:51:59,Manual,Sales Coordinator,Others/Remarks,KALA Care Global LLP - Pune,420435,KALA Care Global LLP - Belagavi,420435_9,Others/Remarks,spares required,Sales Coordinator,Invoiced Generated,1-3N3AI1O,GURU RAGHAVENDRA TRADERS,ZO_West (CS),,,,,VIDYA DHABALI,Q420435092700536,2026-06-24 15:56:37,,1-14111196491,2026-06-24 15:57:00
1-14111291311,2026-06-24 16:13:47,Manual,Sales Coordinator,Oil,KALA Care Global LLP - Pune,420435,KALA Care Global LLP - Hospet,420435_10,Oil,OIL SEVICE,Sales Coordinator,Invoiced Generated,1-63R195G,M/s Star Infratech,ZO_West (CS),,HA494,,,B Sneha Ballari,Q420435102700551,2026-06-24 16:25:26,,1-14111352321,2026-06-24 16:27:49
1-14111692194,2026-06-24 18:02:38,eFSR,Service Engineer,Others/Remarks,KALA Care Global LLP - Pune,420435,KALA Care Global LLP - Hospet,420435_10,Others/Remarks,Need air bulor,Sales Coordinator,Converted,1-5KJ9SJ2,Kirloskar Ferrous Industries Limited,ZO_West (CS),213618567,EA16 G1,10,MDAsifMDAsif,B Sneha Ballari,Q420435102700553,2026-06-25 12:29:26,,213555014,2026-06-08 11:51:42
1-14111940316,2026-06-24 17:03:40,eFSR,Service Engineer,Others/Remarks,KALA Care Global LLP - Pune,420435,KALA Care Global LLP - Hubli,420435_8,Others/Remarks,Fuel pipe,Sales Coordinator,Does Not Qualify,1-458IB10,Margadarsi Chit Fund Private Limited,ZO_West (CS),213576245,EA16,10,KAREPPADOOPAD,NIKITA HIREMATH,,,,,
1-14111940318,2026-06-24 17:03:55,eFSR,Service Engineer,Oil,KALA Care Global LLP - Pune,420435,KALA Care Global LLP - Belagavi,420435_9,Oil,Oil servsing due,Sales Coordinator,Quotation Submitted,1-3MV66XJ,Assured Power Co.,ZO_West (CS),213245889,3R1040T G1,30,RAJUTALWAR,VIDYA DHABALI,Q420435092700577,2026-07-02 10:52:22,,,
1-14112224281,2026-06-24 18:02:49,Manual,Sales Coordinator,Others/Remarks,KALA Care Global LLP - Pune,420435,KALA Care Global LLP - Hospet,420435_10,Others/Remarks,STATRTING ISSUE,Sales Coordinator,Converted,1-41S388K,Brundavana Constructions Pvt. Ltd.,ZO_West (CS),,Engines,,,B Sneha Ballari,Q420435102700552,2026-06-24 18:06:17,,213484608,2026-05-23 10:41:31
1-14112322493,2026-06-24 18:39:45,eFSR,Service Engineer,Battery,KALA Care Global LLP - Pune,420435,KALA Care Global LLP - Bagalkote,420435_12,Battery,Battery SHO 60%,Sales Coordinator,New,1-3PXUOQD,TULAJABHAVANI PETROLEUMS,ZO_West (CS),213591436,HA294 G1,15,MohammedismailDhalayat,,,,,,
1-14113399200,2026-06-25 10:04:15,eFSR,Service Engineer,Service AMC/Bandhan/Anubandhan,KALA Care Global LLP - Pune,420435,KALA Care Global LLP - Hospet,420435_10,Service AMC/Bandhan/Anubandhan,Approached the coust,Sales Coordinator,Does Not Qualify,1-44NGHC6,Nayara P. G. Kandagal Filling Station,ZO_West (CS),213617073,HA294,15,Krishna kumarG,B Sneha Ballari,,,,,
1-14113417601,2026-06-25 09:48:22,Manual,Sales Coordinator,Paid Services -PM,KALA Care Global LLP - Pune,420435,KALA Care Global LLP - Belagavi,420435_9,Paid Services -PM,oil service,Sales Coordinator,Invoiced Generated,1-3GG07IB,DURGA ENTERPRISES (IGST),ZO_West (CS),,,,,VIDYA DHABALI,Q420435092700539,2026-06-25 09:51:08,,1-14113446581,2026-06-25 09:51:39
1-14113571341,2026-06-25 10:14:17,Manual,Sales Coordinator,Others/Remarks,KALA Care Global LLP - Pune,420435,KALA Care Global LLP - Ahmednagar,420435_2,Others/Remarks,OIL SEAL AND OIL FILTER,Sales Coordinator,Invoiced Generated,1-61LYXM1,BALASON INFRASTRUCTURE SOLUTIONS PRIVATE LIMITED,ZO_West (CS),,,,,Rani Barate,Q420435022700602,2026-06-25 10:20:33,,1-14143741918,2026-07-03 16:46:57
1-14113699431,2026-06-25 10:42:45,Manual,Sales Coordinator,Oil,KALA Care Global LLP - Pune,420435,KALA Care Global LLP - Vijayapura,420435_14,Oil,engine oil service require,Sales Coordinator,Converted,1-26OIL5P,LOYOLA YOMIURI HIGHER PRIMARY SCHOOL,ZO_West (CS),,HA294 G1,15,,Rani Barate,Q420435142700170,2026-06-25 10:58:24,,213620279,2026-06-25 16:05:49
1-14114192451,2026-06-25 12:24:46,Manual,Sales Coordinator,Overhauling,KALA Care Global LLP - Pune,420435,KALA Care Global LLP - Ahmednagar,420435_2,Overhauling,ENGINE TOP OVERHAULL,Sales Coordinator,Does Not Qualify,1-34T9QPY,SHARAD DNYANDEO WARALE,ZO_West (CS),,,,,Rani Barate,,,,,
1-14114216861,2026-06-25 12:32:12,Manual,Sales Coordinator,Overhauling,KALA Care Global LLP - Pune,420435,KALA Care Global LLP - Babhleshwar,420435_5,Overhauling,ENGINE TOP OVERHAULL,Sales Coordinator,Quotation Submitted,1-1YZSN9L,Bon Readymades,ZO_West (CS),,CC418G1,5,,Rani Barate,Q420435052700063,2026-06-25 14:31:44,,,
1-14114260381,2026-06-25 12:41:33,Manual,Sales Coordinator,BD Spares,KALA Care Global LLP - Pune,420435,KALA Care Global LLP - Aurangabad,420435_1,BD Spares,BD PARTS,Sales Coordinator,Converted,1-D4P04S,SAI CONTRACTORS & ENGINEERS,ZO_West (CS),,4R1190,,,Rani Barate,Q420435012700522,2026-06-25 12:50:37,2026-06-25 14:57:58,213622267,2026-06-25 14:59:10
1-14114607984,2026-06-25 14:05:01,eFSR,Service Engineer,Coolant Change,KALA Care Global LLP - Pune,420435,KALA Care Global LLP - Ahmednagar,420435_2,BD Spares,Electrical R phase w,Sales Coordinator,New,1-3T2CPEQ,S. Misal Decorators,ZO_West (CS),213192991,3R1040T G1,30,ALSIFSHAIKH,,,,,,
1-14114607984,2026-06-25 14:05:01,eFSR,Service Engineer,Coolant Change,KALA Care Global LLP - Pune,420435,KALA Care Global LLP - Ahmednagar,420435_2,Coolant Change,Coolant chenge requi,Sales Coordinator,New,1-3T2CPEQ,S. Misal Decorators,ZO_West (CS),213192991,3R1040T G1,30,ALSIFSHAIKH,,,,,,
1-14114607984,2026-06-25 14:05:01,eFSR,Service Engineer,Coolant Change,KALA Care Global LLP - Pune,420435,KALA Care Global LLP - Ahmednagar,420435_2,Coolant Change,K cool,Sales Coordinator,New,1-3T2CPEQ,S. Misal Decorators,ZO_West (CS),213192991,3R1040T G1,30,ALSIFSHAIKH,,,,,,
1-14114893974,2026-06-25 15:44:16,eFSR,Service Engineer,BD Spares,KALA Care Global LLP - Pune,420435,KALA Care Global LLP - Belagavi,420435_9,BD Spares,Carborator,Service Coordinator,Not Converted,1-5X24TX3,ASHOK HOSPITAL,ZO_West (CS),213424403,CCP389 G1,5,GAJANANBHOSALE,VIDYA DHABALI,Q420435092700548,2026-06-26 15:58:59,,,
1-14114912301,2026-06-25 14:29:03,Manual,Sales Coordinator,BD Spares,KALA Care Global LLP - Pune,420435,KALA Care Global LLP - Aurangabad,420435_1,Oil,OIL,Sales Coordinator,Converted,1-5QS05FO,"""Sai Contractors & Engineers """,ZO_West (CS),,HA494,,,Rani Barate,Q420435012700526,2026-06-25 14:37:51,2026-06-25 14:58:14,213622316,2026-06-25 15:01:14
1-14114923332,2026-06-25 14:33:42,eFSR,Service Engineer,Battery,KALA Care Global LLP - Pune,420435,KALA Care Global LLP - Belagavi,420435_9,Battery,88ah,Sales Coordinator,Not Converted,1-62U1MDR,Shrisagar Hotel.,ZO_West (CS),212546321,RV3,20,SATISHNAVAGEKAR,VIDYA DHABALI,Q420435092700576,2026-07-02 10:42:11,,,
1-14115000471,2026-06-25 14:52:05,Manual,Sales Coordinator,BD Spares,KALA Care Global LLP - Pune,420435,KALA Care Global LLP - Hospet,420435_10,BD Spares,FILTER,Sales Coordinator,Invoiced Generated,1-5GLH9KY,ETHEN POWER SOLUTIONNS PRIVATE LIMITED,ZO_West (CS),,,,,B Sneha Ballari,Q420435102700554,2026-06-25 14:56:00,,1-14115017751,2026-06-25 14:58:19
1-14115075331,2026-06-25 15:06:05,Manual,Sales Coordinator,Overhauling,KALA Care Global LLP - Pune,420435,KALA Care Global LLP - Belagavi,420435_9,Overhauling,OVERAHAULING PARTS REQUIRED,Sales Coordinator,Invoiced Generated,1-UQPEHM,Shivashakti Stone Crusher,ZO_West (CS),,,,,VIDYA DHABALI,Q420435092700545,2026-06-25 15:09:03,,1-14115037891,2026-06-25 15:09:18
1-14115092831,2026-06-25 15:12:10,Manual,Sales Coordinator,,KALA Care Global LLP - Pune,420435,KALA Care Global LLP - Hospet,420435_10,BD Spares,FILTER REQUIRED,Sales Coordinator,Invoiced Generated,1-5GLH9KY,ETHEN POWER SOLUTIONNS PRIVATE LIMITED,ZO_West (CS),,,,,B Sneha Ballari,Q420435102700555,2026-06-25 15:16:16,,1-14115125301,2026-06-25 15:17:34
1-14115128641,2026-06-25 15:21:23,Manual,Sales Coordinator,BD Spares,KALA Care Global LLP - Pune,420435,KALA Care Global LLP - Babhleshwar,420435_5,BD Spares,LAMDA SENSOR AND SPARK PLUG,Sales Coordinator,Quotation Submitted,1-5KGN1IU,Bhagyalaxmi Dairy Farms Pvt Ltd,ZO_West (CS),,6SL1500TA,125.6,,Rani Barate,Q420435052700064,2026-06-30 14:53:09,,,
1-14115308391,2026-06-25 15:50:14,Manual,Sales Coordinator,Oil,KALA Care Global LLP - Pune,420435,KALA Care Global LLP - Vijayapura,420435_14,Oil,b check with engine oil service,Sales Coordinator,Quotation Submitted,1-5WL5E3T,Monument properties private limited,ZO_West (CS),,3R550TA 4G1,25,,Rani Barate,Q420435142700172,2026-06-25 15:56:54,,,
1-14115760591,2026-06-25 16:51:04,Manual,Sales Coordinator,Paid Services -PM,KALA Care Global LLP - Pune,420435,KALA Care Global LLP - Belagavi,420435_9,Others/Remarks,OIL SERVICE SPARES REQUIRED,Sales Coordinator,Invoiced Generated,1-4BG9Q30,SHREE KEDAR GENERATOR,ZO_West (CS),,,,,VIDYA DHABALI,Q420435092700546,2026-06-25 16:55:50,,1-14115807334,2026-06-25 16:56:02
1-14116162751,2026-06-25 17:39:51,Manual,Sales Coordinator,Others/Remarks,KALA Care Global LLP - Pune,420435,KALA Care Global LLP - Ahmednagar,420435_2,Others/Remarks,ENGINE SPARES AND COOLANT,Sales Coordinator,Quotation Submitted,1-34T9QPY,SHARAD DNYANDEO WARALE,ZO_West (CS),,,,,Rani Barate,Q420435022700606,2026-06-25 17:48:33,,,
1-14116274973,2026-06-25 18:43:29,eFSR,Service Engineer,Paid Services -PM,KALA Care Global LLP - Pune,420435,KALA Care Global LLP - Belagavi,420435_9,Paid Services -PM,Oil sarvice,Service Coordinator,Converted,1-6HA9IED,.Mallikarjun Shivanand Biradar.,ZO_West (CS),213616154,HA494,,AMITMEKKALIKE,VIDYA DHABALI,Q420435092700547,2026-06-26 10:14:30,,213614630,2026-06-25 16:54:39
1-14116774834,2026-06-25 23:58:59,eFSR,Service Engineer,Others/Remarks,KALA Care Global LLP - Pune,420435,KALA Care Global LLP - Hospet,420435_10,Others/Remarks,NEED DPF CLAMP CHANG,Sales Coordinator,Does Not Qualify,1-60SWWV0,SRK ENTERPRISES,ZO_West (CS),213607782,4R810,,MDAsifMDAsif,B Sneha Ballari,,,,,
1-14117680780,2026-06-26 10:56:04,eFSR,Service Engineer,Oil,KALA Care Global LLP - Pune,420435,KALA Care Global LLP - Belagavi,420435_9,Oil,Oil service due,Sales Coordinator,Quotation Submitted,1-3N8VWTF,Hotel Keerthi,ZO_West (CS),210031456,4R1040TA,82.5,RAJUTALWAR,VIDYA DHABALI,Q420435092700572,2026-07-01 15:29:36,,,
1-14117873501,2026-06-26 11:20:50,Manual,Sales Coordinator,Oil,KALA Care Global LLP - Pune,420435,KALA Care Global LLP - Kalaburagi,420435_13,Oil,OIL SERVICING,Sales Coordinator,Converted,1-4F06AX3,MOHAMMED RAFEEQ,ZO_West (CS),,,,,Rani Barate,Q420435132700389,2026-06-26 12:17:16,,1-14121411721,2026-06-27 10:45:21
1-14117892830,2026-06-26 12:08:03,eFSR,Service Engineer,Battery,KALA Care Global LLP - Pune,420435,KALA Care Global LLP - Hubli,420435_8,Battery,Battery required 75,Sales Coordinator,Does Not Qualify,1-3N0JGE,Reliance Retail Limited,ZO_West (CS),213623142,3R1040T G1,30,KHURSHIDHAVARAGI,NIKITA HIREMATH,,,,,
1-14118124684,2026-06-26 12:12:37,eFSR,Service Engineer,Others/Remarks,KALA Care Global LLP - Pune,420435,KALA Care Global LLP - Belagavi,420435_9,Others/Remarks,Door lock right side,Sales Coordinator,Quotation Submitted,1-3ETNBS3,New Uday Bhuvan,ZO_West (CS),212333613,HA294,15,RAJUTALWAR,VIDYA DHABALI,Q420435092700571,2026-07-01 15:13:53,,,
1-14118260230,2026-06-26 12:45:42,eFSR,Service Engineer,Oil,KALA Care Global LLP - Pune,420435,KALA Care Global LLP - Belagavi,420435_9,Battery,Battery required,Sales Coordinator,Not Converted,1-33OD80V,Tarun Bharat Daily Pvt Ltd,ZO_West (CS),212321422,HA294,15,RAJUTALWAR,VIDYA DHABALI,Q420435092700570,2026-07-01 14:47:29,,,
1-14118260230,2026-06-26 12:45:42,eFSR,Service Engineer,Oil,KALA Care Global LLP - Pune,420435,KALA Care Global LLP - Belagavi,420435_9,Oil,Oil servsing due,Sales Coordinator,Not Converted,1-33OD80V,Tarun Bharat Daily Pvt Ltd,ZO_West (CS),212321422,HA294,15,RAJUTALWAR,VIDYA DHABALI,Q420435092700570,2026-07-01 14:47:29,,,
1-14118495403,2026-06-26 13:10:22,eFSR,Service Engineer,Coolant Change,KALA Care Global LLP - Pune,420435,KALA Care Global LLP - Babhleshwar,420435_5,Coolant Change,Coolant,Sales Coordinator,New,1-4C3VWXV,Vishwatmak Jangli Maharaj Ashram Trust (Atma Malik Hospital),ZO_West (CS),213070271,6SL1500TASR2,200,SANDIPGAGARE,,,,,,
1-14118495930,2026-06-26 14:00:51,eFSR,Service Engineer,Others/Remarks,KALA Care Global LLP - Pune,420435,KALA Care Global LLP - Belagavi,420435_9,Others/Remarks,Not,Sales Coordinator,Does Not Qualify,1-4QDBI31,Sujata Shrikant Tirth,ZO_West (CS),212566629,2R1040 G1,20,PRAMODDHARIGOUD,VIDYA DHABALI,,,,,
1-14118600072,2026-06-26 14:17:34,eFSR,Service Engineer,New Engine,KALA Care Global LLP - Pune,420435,KALA Care Global LLP - Belagavi,420435_9,Coolant Change,Coolant,Sales Coordinator,Quotation Submitted,1-3ORHI2M,Shri Laxmi Trading Company,ZO_West (CS),209659382,2R1040,20,RAJUTALWAR,VIDYA DHABALI,Q420435092700555,2026-06-27 16:56:26,,,
1-14118600072,2026-06-26 14:17:34,eFSR,Service Engineer,New Engine,KALA Care Global LLP - Pune,420435,KALA Care Global LLP - Belagavi,420435_9,New Engine,Request new dg,Sales Coordinator,Quotation Submitted,1-3ORHI2M,Shri Laxmi Trading Company,ZO_West (CS),209659382,2R1040,20,RAJUTALWAR,VIDYA DHABALI,Q420435092700555,2026-06-27 16:56:26,,,
1-14118600072,2026-06-26 14:17:34,eFSR,Service Engineer,New Engine,KALA Care Global LLP - Pune,420435,KALA Care Global LLP - Belagavi,420435_9,Oil,Oil servsing due,Sales Coordinator,Quotation Submitted,1-3ORHI2M,Shri Laxmi Trading Company,ZO_West (CS),209659382,2R1040,20,RAJUTALWAR,VIDYA DHABALI,Q420435092700555,2026-06-27 16:56:26,,,
1-14118675541,2026-06-26 13:37:19,Manual,Sales Coordinator,Oil,KALA Care Global LLP - Pune,420435,KALA Care Global LLP - Kalaburagi,420435_13,Oil,OIL,Sales Coordinator,Quotation Submitted,1-5LWV42N,SNEHA FARMS PVT LTD(KARNATAKA),ZO_West (CS),,4R1190,,,Rani Barate,Q420435132700390,2026-06-26 13:47:08,,,
1-14118802329,2026-06-26 14:11:56,eFSR,Service Engineer,Coolant Change,KALA Care Global LLP - Pune,420435,KALA Care Global LLP - Ahmednagar,420435_2,Coolant Change,Coolant required,Sales Coordinator,New,1-31D06OD,Sadguru Milk And Milk Products,ZO_West (CS),213521117,2R1040 G1,20,ALSIFSHAIKH,,,,,,
1-14118802675,2026-06-26 14:27:16,eFSR,Service Engineer,BD Spares,KALA Care Global LLP - Pune,420435,KALA Care Global LLP - Ahmednagar,420435_2,BD Spares,Controller,Service Coordinator,New,1-31D06OD,Sadguru Milk And Milk Products,ZO_West (CS),213624965,HA294 G1,15,NavnathPatare,,,,,,
1-14118824743,2026-06-26 14:24:27,Manual,Sales Coordinator,Others/Remarks,KALA Care Global LLP - Pune,420435,KALA Care Global LLP - Ahmednagar,420435_2,Others/Remarks,ENGINE SPARES,Sales Coordinator,Quotation Submitted,1-5UZ2R3V,B J MURDARE...,ZO_West (CS),,,,,Rani Barate,Q420435022700608,2026-06-26 14:29:02,,,
1-14119446441,2026-06-26 16:06:48,Manual,Sales Coordinator,Overhauling,KALA Care Global LLP - Pune,420435,KALA Care Global LLP - Belagavi,420435_9,Overhauling,PARTS REQUIRED,Sales Coordinator,Invoiced Generated,1-3GG07IB,DURGA ENTERPRISES (IGST),ZO_West (CS),,,,,VIDYA DHABALI,Q420435092700549,2026-06-26 16:09:31,,1-14119469381,2026-06-26 16:10:15
1-14119478346,2026-06-26 16:17:08,eFSR,Service Engineer,Coolant Change,KALA Care Global LLP - Pune,420435,KALA Care Global LLP - Ahmednagar,420435_2,Coolant Change,Coolant required.,Sales Coordinator,In Progress,1-4WORFQO,VIVEK YASHWANT BHANDARE,ZO_West (CS),211819027,4R810,,RUSHIKESHMAGAR,,,,,,
1-14119478799,2026-06-26 16:58:11,eFSR,Service Engineer,BD Spares,KALA Care Global LLP - Pune,420435,KALA Care Global LLP - Belagavi,420435_9,BD Spares,AVR& conversation ki,Service Coordinator,Does Not Qualify,1-3JIRO5R,M. S. Kothiwale,ZO_West (CS),213617523,3R1040T G1,35,AMITMEKKALIKE,VIDYA DHABALI,,,,,
1-14119478799,2026-06-26 16:58:11,eFSR,Service Engineer,BD Spares,KALA Care Global LLP - Pune,420435,KALA Care Global LLP - Belagavi,420435_9,Service AMC/Bandhan/Anubandhan,Received,Service Coordinator,Does Not Qualify,1-3JIRO5R,M. S. Kothiwale,ZO_West (CS),213617523,3R1040T G1,35,AMITMEKKALIKE,VIDYA DHABALI,,,,,
1-14119502705,2026-06-26 16:53:58,eFSR,Service Engineer,BD Spares,KALA Care Global LLP - Pune,420435,KALA Care Global LLP - Belagavi,420435_9,BD Spares,Fuel pipes,Service Coordinator,Converted,1-3G86FC1,Shri Kalika Petroleums,ZO_West (CS),212623565,HA294 G1,15,RAJUMAGUND,VIDYA DHABALI,Q420435092700745,2026-07-30 16:00:08,,212623566,2026-07-30 15:26:46
1-14119853550,2026-06-26 17:41:59,eFSR,Service Engineer,Oil,KALA Care Global LLP - Pune,420435,KALA Care Global LLP - Belagavi,420435_9,Oil,Oil,Sales Coordinator,Quotation Submitted,1-KQEJ5U,Hajare Kitchenware,ZO_West (CS),212396641,HA494TCI G1,40,DINANATHLOHAR,VIDYA DHABALI,Q420435092700568,2026-07-01 14:26:40,,,
1-14121361277,2026-06-27 10:44:42,eFSR,Service Engineer,Others/Remarks,KALA Care Global LLP - Pune,420435,KALA Care Global LLP - Belagavi,420435_9,BD Spares,Alternator,Sales Coordinator,Does Not Qualify,1-65FFYGL,CRPF,ZO_West (CS),213607301,3R550TC 4G1 CPCB4+,15,NILESHBAVKAR,VIDYA DHABALI,,,,,
1-14121361277,2026-06-27 10:44:42,eFSR,Service Engineer,Others/Remarks,KALA Care Global LLP - Pune,420435,KALA Care Global LLP - Belagavi,420435_9,Others/Remarks,Alternator,Sales Coordinator,Does Not Qualify,1-65FFYGL,CRPF,ZO_West (CS),213607301,3R550TC 4G1 CPCB4+,15,NILESHBAVKAR,VIDYA DHABALI,,,,,
1-14121727121,2026-06-27 11:47:15,Manual,Sales Coordinator,Others/Remarks,KALA Care Global LLP - Pune,420435,KALA Care Global LLP - Belagavi,420435_9,Others/Remarks,PARTS REQUIRED,Sales Coordinator,Invoiced Generated,1-5XNTUZK,BASAVARAJ G KALLUR,ZO_West (CS),,,,,VIDYA DHABALI,Q420435092700550,2026-06-27 11:50:25,,1-14121759891,2026-06-27 11:50:41
1-14121755004,2026-06-27 11:55:12,eFSR,Service Engineer,Others/Remarks,KALA Care Global LLP - Pune,420435,KALA Care Global LLP - Belagavi,420435_9,Others/Remarks,Oil service required,Sales Coordinator,Converted,1-44BIYDT,Shree Kittur Channamma Breeding Farm,ZO_West (CS),213624746,4K1080TA G2,125.4,PRASHANTPATIL,VIDYA DHABALI,Q420435092700566,2026-07-01 12:48:26,,213649477,2026-07-17 10:46:33
1-14121755227,2026-06-27 12:01:29,eFSR,Service Engineer,Others/Remarks,KALA Care Global LLP - Pune,420435,KALA Care Global LLP - Aurangabad,420435_1,Others/Remarks,1 ingen mejar karne,Sales Coordinator,Does Not Qualify,1-5WH554D,S. D. DOUNDE INFRA PRIVATE LIMITED,ZO_West (CS),213629223,HA494,,GANESHPATTHE,Rani Barate,,,,,
1-14121755227,2026-06-27 12:01:29,eFSR,Service Engineer,Others/Remarks,KALA Care Global LLP - Pune,420435,KALA Care Global LLP - Aurangabad,420435_1,Overhauling,1 ingen kam karne aa,Sales Coordinator,Does Not Qualify,1-5WH554D,S. D. DOUNDE INFRA PRIVATE LIMITED,ZO_West (CS),213629223,HA494,,GANESHPATTHE,Rani Barate,,,,,
1-14121878551,2026-06-27 12:10:08,Manual,Sales Coordinator,RECD,KALA Care Global LLP - Pune,420435,KALA Care Global LLP - Ahmednagar,420435_2,RECD,RECD,Sales Coordinator,Quotation Submitted,1-80LU9C,MITSUBOSHI BELTING INDIA PRIVATE LIMITED,ZO_West (CS),,DV12TA G1,600,,Rani Barate,Q420435022700610,2026-06-27 15:41:08,,,
1-14122059301,2026-06-27 12:49:18,Manual,Sales Coordinator,Paid Services -PM,KALA Care Global LLP - Pune,420435,KALA Care Global LLP - Ahmednagar,420435_2,Paid Services -PM,PAID SERVICING,Sales Coordinator,Quotation Submitted,1-5QY9NMG,UMAJI TAMBE,ZO_West (CS),,Engines,,,Rani Barate,Q420435022700612,2026-06-27 13:00:05,,,
1-14122185971,2026-06-27 13:36:23,Manual,Sales Coordinator,Others/Remarks,KALA Care Global LLP - Pune,420435,KALA Care Global LLP - Ahmednagar,420435_2,Others/Remarks,ENGINE SPARES,Sales Coordinator,Quotation Submitted,1-58UWW4H,PERFECT GENERATOR SERVICE,ZO_West (CS),,,,,Rani Barate,Q420435022700614,2026-06-27 15:19:32,,,
1-14122191191,2026-06-27 13:30:16,Manual,Sales Coordinator,,KALA Care Global LLP - Pune,420435,KALA Care Global LLP - Babhleshwar,420435_5,,,Sales Coordinator,In Progress,,,ZO_West (CS),,,,,,,,,,
1-14122192477,2026-06-27 13:33:09,eFSR,Service Engineer,Others/Remarks,KALA Care Global LLP - Pune,420435,KALA Care Global LLP - Hospet,420435_10,Others/Remarks,Ok,Sales Coordinator,Does Not Qualify,1-68AH8XN,. SNEHA FARMS PVT LTD,ZO_West (CS),213628940,4R1190,,JilanShekshavali,B Sneha Ballari,,,,,
1-14122445176,2026-06-27 15:48:35,eFSR,Service Engineer,Others/Remarks,KALA Care Global LLP - Pune,420435,KALA Care Global LLP - Belagavi,420435_9,Others/Remarks,Oil service done,Sales Coordinator,Does Not Qualify,1-4NYJAE8,CHANDUKAKA SARAF AND SONS PRIVATE LIMITED,ZO_West (CS),211279639,4R1190ETA 4G1,82.5,MAHAVEERBUSAVI,VIDYA DHABALI,,,,,
1-14122756680,2026-06-27 15:27:41,eFSR,Service Engineer,Oil,KALA Care Global LLP - Pune,420435,KALA Care Global LLP - Belagavi,420435_9,Battery,Required battery,Sales Coordinator,Nurturing,1-35I59P2,RENUKA REFRESHMENTS,ZO_West (CS),213629970,3R1040T G1,25,RAJUTALWAR,VIDYA DHABALI,,,,,
1-14122756680,2026-06-27 15:27:41,eFSR,Service Engineer,Oil,KALA Care Global LLP - Pune,420435,KALA Care Global LLP - Belagavi,420435_9,Coolant Change,Coolant required,Sales Coordinator,Nurturing,1-35I59P2,RENUKA REFRESHMENTS,ZO_West (CS),213629970,3R1040T G1,25,RAJUTALWAR,VIDYA DHABALI,,,,,
1-14122756680,2026-06-27 15:27:41,eFSR,Service Engineer,Oil,KALA Care Global LLP - Pune,420435,KALA Care Global LLP - Belagavi,420435_9,Oil,Oil servsing due,Sales Coordinator,Nurturing,1-35I59P2,RENUKA REFRESHMENTS,ZO_West (CS),213629970,3R1040T G1,25,RAJUTALWAR,VIDYA DHABALI,,,,,
1-14122756680,2026-06-27 15:27:41,eFSR,Service Engineer,Oil,KALA Care Global LLP - Pune,420435,KALA Care Global LLP - Belagavi,420435_9,Service AMC/Bandhan/Anubandhan,Bandhan qoution requ,Sales Coordinator,Nurturing,1-35I59P2,RENUKA REFRESHMENTS,ZO_West (CS),213629970,3R1040T G1,25,RAJUTALWAR,VIDYA DHABALI,,,,,
1-14123030982,2026-06-27 17:01:32,eFSR,Service Engineer,Coolant Change,KALA Care Global LLP - Pune,420435,KALA Care Global LLP - Vijayapura,420435_14,Coolant Change,Coolant,Sales Coordinator,New,1-62YJZ7L,"DR ASHWINI ENDIGERI, ENDIGERI HOSPITAL",ZO_West (CS),213628949,4K1080ETA4G1,125,SANGAPPA BANNATTIBANNATTI,,,,,,
1-14123695301,2026-06-27 17:50:08,Manual,Sales Coordinator,Others/Remarks,KALA Care Global LLP - Pune,420435,KALA Care Global LLP - Ahmednagar,420435_2,Others/Remarks,engine spares required for overhaull,Sales Coordinator,Invoiced Generated,1-3J2N5K9,SUMEET MUSMADE,ZO_West (CS),,,,,Rani Barate,Q420435022700620,2026-06-29 15:26:26,,1-14132193301,2026-06-30 16:52:23
1-14124765420,2026-06-28 11:37:35,eFSR,Service Engineer,BD Spares,KALA Care Global LLP - Pune,420435,KALA Care Global LLP - Ballari,420435_11,BD Spares,Electrical,Service Coordinator,New,1-5MD0J2G,Pampapathi,ZO_West (CS),213610697,3R1190ENA 4G1,30,NAGARAJ PPATEGOWDAR,,,,,,
1-14124792464,2026-06-28 12:30:05,eFSR,Service Engineer,Others/Remarks,KALA Care Global LLP - Pune,420435,KALA Care Global LLP - Hospet,420435_10,Others/Remarks,No,Sales Coordinator,Does Not Qualify,1-49G9TOK,Golden Cakes & Bakes,ZO_West (CS),213632734,3R550NA G1,15,Krishna kumarG,B Sneha Ballari,,,,,
1-14124812875,2026-06-28 18:03:40,eFSR,Service Engineer,Overhauling,KALA Care Global LLP - Pune,420435,KALA Care Global LLP - Aurangabad,420435_1,Overhauling,1 ingen,Service Coordinator,Does Not Qualify,1-5WH554D,S. D. DOUNDE INFRA PRIVATE LIMITED,ZO_West (CS),213274666,HA494,,GANESHPATTHE,Rani Barate,,,,,
1-14124812875,2026-06-28 18:03:40,eFSR,Service Engineer,Overhauling,KALA Care Global LLP - Pune,420435,KALA Care Global LLP - Aurangabad,420435_1,Paid Services -PM,Ingen mejar,Service Coordinator,Does Not Qualify,1-5WH554D,S. D. DOUNDE INFRA PRIVATE LIMITED,ZO_West (CS),213274666,HA494,,GANESHPATTHE,Rani Barate,,,,,
1-14124933196,2026-06-28 20:16:28,eFSR,Service Engineer,Overhauling,KALA Care Global LLP - Pune,420435,KALA Care Global LLP - Belagavi,420435_9,Overhauling,Required,Service Coordinator,Order/SR Generated,1-45W8MLS,SESHA SAI MINING COMPANY MUDDAPUR,ZO_West (CS),213631422,4R 1040 (LTK no. X861002330),,RAJUMAGUND,VIDYA DHABALI,Q420435092700565,2026-07-10 15:56:27,,213686211,2026-07-10 15:49:45
1-14124933226,2026-06-28 20:46:35,eFSR,Service Engineer,Service AMC/Bandhan/Anubandhan,KALA Care Global LLP - Pune,420435,KALA Care Global LLP - Bagalkote,420435_12,Service AMC/Bandhan/Anubandhan,Koel Bandhan,Sales Coordinator,New,1-36U68MW,Mane Hospital & Research Center,ZO_West (CS),213605848,RB33,30,NABIRASULBAGBAN,,,,,,
1-14126101076,2026-06-29 11:07:30,eFSR,Service Engineer,Others/Remarks,KALA Care Global LLP - Pune,420435,KALA Care Global LLP - Latur,420435_6,Others/Remarks,Dieseal pipe,Sales Coordinator,New,1-3UNT6JE,Adinath Mangal Karyalaya,ZO_West (CS),213630112,3R1040,30,GaneshChapkanade,,,,,,
1-14126536554,2026-06-29 12:16:34,eFSR,Service Engineer,Others/Remarks,KALA Care Global LLP - Pune,420435,KALA Care Global LLP - Belagavi,420435_9,Coolant Change,Coolent required,Sales Coordinator,Quotation Submitted,1-1W9-3393,SUBHASH PHOTO SYSTEMS,ZO_West (CS),213626408,4R1040T,62.5,SUNILHUMBARWADI,VIDYA DHABALI,Q420435092700563,2026-07-01 13:16:05,,,
1-14126536554,2026-06-29 12:16:34,eFSR,Service Engineer,Others/Remarks,KALA Care Global LLP - Pune,420435,KALA Care Global LLP - Belagavi,420435_9,Others/Remarks,New coolent required,Sales Coordinator,Quotation Submitted,1-1W9-3393,SUBHASH PHOTO SYSTEMS,ZO_West (CS),213626408,4R1040T,62.5,SUNILHUMBARWADI,VIDYA DHABALI,Q420435092700563,2026-07-01 13:16:05,,,
1-14126537062,2026-06-29 12:33:41,eFSR,Service Engineer,Oil,KALA Care Global LLP - Pune,420435,KALA Care Global LLP - Kalaburagi,420435_13,Oil,Oil,Sales Coordinator,Does Not Qualify,1-4LGHKRM,Princicpal Shree Guru Independent PU College of Science,ZO_West (CS),213635101,3R1040T G1,35,AKBARAHMED,Rani Barate,,,,,
1-14126676594,2026-06-29 13:16:43,eFSR,Service Engineer,Others/Remarks,KALA Care Global LLP - Pune,420435,KALA Care Global LLP - Belagavi,420435_9,Others/Remarks,Fuel gauge,Sales Coordinator,Quotation Submitted,1-5VL-2127,Lokmanya Multipurpose Co-Operative Society Ltd,ZO_West (CS),213271565,4R1190,50,PRASHANTPATIL,VIDYA DHABALI,Q420435092700564,2026-07-01 11:29:57,,,
1-14126676969,2026-06-29 14:09:40,eFSR,Service Engineer,Oil,KALA Care Global LLP - Pune,420435,KALA Care Global LLP - Kalaburagi,420435_13,Oil,Oil,Sales Coordinator,Does Not Qualify,1-1HEZTP,Sri Lakshmi Power Services,ZO_West (CS),213635333,HA394,25,AKBARAHMED,Rani Barate,,,,,
1-14126677599,2026-06-29 12:56:00,eFSR,Service Engineer,Others/Remarks,KALA Care Global LLP - Pune,420435,KALA Care Global LLP - Aurangabad,420435_1,BD Spares,Controller,Sales Coordinator,Does Not Qualify,1-4MB7TFW,Essar Vikrant Petroleum,ZO_West (CS),213634303,3R1040T G1,30,DATTAKAMBLE,Rani Barate,,,,,
1-14126677599,2026-06-29 12:56:00,eFSR,Service Engineer,Others/Remarks,KALA Care Global LLP - Pune,420435,KALA Care Global LLP - Aurangabad,420435_1,Others/Remarks,Controller kg 645,Sales Coordinator,Does Not Qualify,1-4MB7TFW,Essar Vikrant Petroleum,ZO_West (CS),213634303,3R1040T G1,30,DATTAKAMBLE,Rani Barate,,,,,
1-14126859901,2026-06-29 13:31:14,Manual,Sales Coordinator,Oil,KALA Care Global LLP - Pune,420435,KALA Care Global LLP - Hospet,420435_10,Oil,OIL SERVICE REUIRED,Sales Coordinator,Invoiced Generated,1-3YLF0Q0,GUDNEPPA,ZO_West (CS),,4R1190,,,B Sneha Ballari,Q420435102700584,2026-06-29 13:44:57,,1-14126883861,2026-06-29 13:45:37
1-14126919062,2026-06-29 15:00:14,eFSR,Service Engineer,Oil,KALA Care Global LLP - Pune,420435,KALA Care Global LLP - Hubli,420435_8,Oil,Ok,Sales Coordinator,New,1-29MJT3P,State Bank of India,ZO_West (CS),213232475,3R1040T G1,35,KRISHNADASABAL,,,,,,
1-14126978761,2026-06-29 13:58:02,Manual,Sales Coordinator,Oil,KALA Care Global LLP - Pune,420435,KALA Care Global LLP - Kalaburagi,420435_13,Oil,oil,Sales Coordinator,Nurturing,1-2W54J8V,PERENNIAL TECHNOLOGIES  PRIVATE LIMITED,ZO_West (CS),,3R1190ETA 4G1,45,,Rani Barate,,,,,
1-14127464545,2026-06-29 15:24:04,eFSR,Service Engineer,Overhauling,KALA Care Global LLP - Pune,420435,KALA Care Global LLP - Aurangabad,420435_1,Battery,Battary 100ah,Service Coordinator,Does Not Qualify,1-1VU-1684,Shree M. S. Jain English School,ZO_West (CS),213620740,RV3,20,KANHAIYADUBE,Rani Barate,,,,,
1-14127464545,2026-06-29 15:24:04,eFSR,Service Engineer,Overhauling,KALA Care Global LLP - Pune,420435,KALA Care Global LLP - Aurangabad,420435_1,Overhauling,Mejar work,Service Coordinator,Does Not Qualify,1-1VU-1684,Shree M. S. Jain English School,ZO_West (CS),213620740,RV3,20,KANHAIYADUBE,Rani Barate,,,,,
1-14127656991,2026-06-29 16:03:59,Manual,Sales Coordinator,Overhauling,KALA Care Global LLP - Pune,420435,KALA Care Global LLP - Ahmednagar,420435_2,Overhauling,ENGINE OVERHAULLING,Sales Coordinator,Quotation Submitted,1-3DS2MA,KALA GENSET PVT. LTD.,ZO_West (CS),,,,,Rani Barate,Q420435022700621,2026-07-11 17:35:42,,,
1-14127777731,2026-06-29 16:22:36,Manual,Sales Coordinator,RECD,KALA Care Global LLP - Pune,420435,KALA Care Global LLP - Hubli,420435_8,RECD,RECD,Sales Coordinator,Order/SR Generated,1-43I02BF,VRL LOGISTICS LIMITED,ZO_West (CS),,DV10TAG1,500,,Priyanka Dinesh,Q420435082700353,2026-06-29 16:26:30,2026-06-29 16:26:45,213636660,2026-06-29 16:15:48
1-14127975611,2026-06-29 16:53:09,Manual,Sales Coordinator,Oil,KALA Care Global LLP - Pune,420435,KALA Care Global LLP - Kalaburagi,420435_13,Oil,oil,Sales Coordinator,Nurturing,1-4KEVP6L,Employees Provident Fund Organisation Regional Office Gulbarga,ZO_West (CS),,4R1190,50,,Rani Barate,,,,,
1-14127975611,2026-06-29 16:53:09,Manual,Sales Coordinator,Oil,KALA Care Global LLP - Pune,420435,KALA Care Global LLP - Kalaburagi,420435_13,,,Sales Coordinator,Nurturing,1-4KEVP6L,Employees Provident Fund Organisation Regional Office Gulbarga,ZO_West (CS),,4R1190,50,,Rani Barate,,,,,
1-14128228219,2026-06-29 19:27:12,eFSR,Service Engineer,Oil,KALA Care Global LLP - Pune,420435,KALA Care Global LLP - Hubli,420435_8,Oil,Ok,Sales Coordinator,Nurturing,1-EMFN9T,INDUSIND BANK LIMITED,ZO_West (CS),213637474,4R1040T,62.5,KRISHNADASABAL,NIKITA HIREMATH,,,,,
1-14128292462,2026-06-29 17:32:38,eFSR,Service Engineer,Paid Services -PM,KALA Care Global LLP - Pune,420435,KALA Care Global LLP - Belagavi,420435_9,Paid Services -PM,Oil service,Service Coordinator,Does Not Qualify,1-Q6WB6F,Navjeevan Hospital,ZO_West (CS),209981523,HA394TCI G1,25,SANTOSHKUNIKAR,VIDYA DHABALI,,,,,
1-14128475090,2026-06-29 19:19:48,eFSR,Service Engineer,Others/Remarks,KALA Care Global LLP - Pune,420435,KALA Care Global LLP - Ahmednagar,420435_2,Others/Remarks,Ok,Sales Coordinator,New,1-36MIXPO,Mr. Rahul Popat Satav,ZO_West (CS),213636164,3R1040T G1,25,ALSIFSHAIKH,,,,,,
1-14128500361,2026-06-29 17:55:26,Manual,Sales Coordinator,Others/Remarks,KALA Care Global LLP - Pune,420435,KALA Care Global LLP - Ahmednagar,420435_2,Others/Remarks,OIL AND COOLANT,Sales Coordinator,Invoiced Generated,1-22KCME,Uday Automobiles,ZO_West (CS),,,,,Rani Barate,Q420435022700622,2026-06-29 18:00:00,,1-14128553901,2026-06-29 18:10:33
1-14129028551,2026-06-29 23:58:10,eFSR,Service Engineer,Others/Remarks,KALA Care Global LLP - Pune,420435,KALA Care Global LLP - Hospet,420435_10,Others/Remarks,Need oil filter,Sales Coordinator,Does Not Qualify,1-2PAEK5F,shivashantha verra enterpries,ZO_West (CS),213636057,"4R1040NA (BU4390040-A/, L&T)",,MDAsifMDAsif,B Sneha Ballari,,,,,
1-14129028863,2026-06-30 08:09:57,eFSR,Service Engineer,Allied Oil,KALA Care Global LLP - Pune,420435,KALA Care Global LLP - Babhleshwar,420435_5,Allied Oil,Ok,Sales Coordinator,New,1-677FSXL,SARIKA DRESSES,ZO_West (CS),213355529,3R1190ETA 4G1,45,ISHWARJADHAV,,,,,,
1-14129760701,2026-06-30 10:01:41,Manual,Sales Coordinator,Others/Remarks,KALA Care Global LLP - Pune,420435,KALA Care Global LLP - Belagavi,420435_9,BD Spares,SPARES REQUIRED,Sales Coordinator,Invoiced Generated,1-68801HM,Sayani Traders,ZO_West (CS),,,,,VIDYA DHABALI,Q420435092700557,2026-06-30 10:06:04,,1-14130369371,2026-06-30 11:44:12
1-14130203531,2026-06-30 11:15:33,Manual,Sales Coordinator,Others/Remarks,KALA Care Global LLP - Pune,420435,KALA Care Global LLP - Belagavi,420435_9,Allied Oil,ALLIED OIL REQUIRED,Sales Coordinator,Invoiced Generated,1-4G0BU3U,SWAMI TRADERS,ZO_West (CS),,,,,VIDYA DHABALI,Q420435092700558,2026-06-30 11:30:15,,1-14130249911,2026-06-30 11:34:20
1-14130452851,2026-06-30 12:04:41,Manual,Sales Coordinator,Others/Remarks,KALA Care Global LLP - Pune,420435,KALA Care Global LLP - Hubli,420435_8,Others/Remarks,DIESEL FILTER,Sales Coordinator,Invoiced Generated,1-4JRXLA5,Keshav Desai & Co,ZO_West (CS),,,,,NIKITA HIREMATH,Q420435082700355,2026-06-30 12:09:26,2026-07-02 11:43:34,1-14138422811,2026-07-02 11:44:31
1-14130555913,2026-06-30 12:33:47,eFSR,Service Engineer,Battery,KALA Care Global LLP - Pune,420435,KALA Care Global LLP - Belagavi,420435_9,Battery,Required,Sales Coordinator,Does Not Qualify,1-48IMWN4,Acharya Deshabhushan Ayurvedic Medical College And Hospital,ZO_West (CS),213636732,3R1040T G1,30,AMITMEKKALIKE,VIDYA DHABALI,,,,,
1-14130578551,2026-06-30 12:23:00,Manual,Sales Coordinator,BD Spares,KALA Care Global LLP - Pune,420435,KALA Care Global LLP - Aurangabad,420435_1,BD Spares,PM,Sales Coordinator,Invoiced Generated,1-412KXHA,MAHAVIR GHAR SANSAR,ZO_West (CS),,,,,Rani Barate,Q420435012700549,2026-06-30 12:32:47,2026-06-30 13:05:04,1-14130762811,2026-06-30 13:05:49
1-14130638901,2026-06-30 12:44:43,Manual,Sales Coordinator,Others/Remarks,KALA Care Global LLP - Pune,420435,KALA Care Global LLP - Ahmednagar,420435_2,Others/Remarks,VALVE ROCKER ASSLY,Sales Coordinator,Invoiced Generated,1-686EN3J,SHARAD EKNATH JADHAV,ZO_West (CS),,,,,Rani Barate,Q420435022700624,2026-06-30 12:48:25,,1-14130680411,2026-06-30 12:49:17
1-14130694457,2026-06-30 12:51:46,eFSR,Service Engineer,Others/Remarks,KALA Care Global LLP - Pune,420435,KALA Care Global LLP - Ahmednagar,420435_2,Coolant Change,K cool need,Sales Coordinator,New,1-4AYDMGE,Sai Anand Realty,ZO_West (CS),213639968,4R810TA G1,62.5,ALSIFSHAIKH,,,,,,
1-14130694457,2026-06-30 12:51:46,eFSR,Service Engineer,Others/Remarks,KALA Care Global LLP - Pune,420435,KALA Care Global LLP - Ahmednagar,420435_2,Oil,Need service,Sales Coordinator,New,1-4AYDMGE,Sai Anand Realty,ZO_West (CS),213639968,4R810TA G1,62.5,ALSIFSHAIKH,,,,,,
1-14130694457,2026-06-30 12:51:46,eFSR,Service Engineer,Others/Remarks,KALA Care Global LLP - Pune,420435,KALA Care Global LLP - Ahmednagar,420435_2,Others/Remarks,Servicing newd,Sales Coordinator,New,1-4AYDMGE,Sai Anand Realty,ZO_West (CS),213639968,4R810TA G1,62.5,ALSIFSHAIKH,,,,,,
1-14131137801,2026-06-30 14:21:01,Manual,Sales Coordinator,,KALA Care Global LLP - Pune,420435,KALA Care Global LLP - Kalaburagi,420435_13,Oil,OIL,Sales Coordinator,Qualifying,1-3HVU21H,ACCURATE POWERTECH INDIA PVT LTD.,ZO_West (CS),,6SL8800TA,250,,Rani Barate,Q420435132700402,,,,
1-14131249641,2026-06-30 14:20:24,Manual,Sales Coordinator,Others/Remarks,KALA Care Global LLP - Pune,420435,KALA Care Global LLP - Belagavi,420435_9,Others/Remarks,PARTS REQUIRED,Sales Coordinator,Invoiced Generated,1-3MZ6L3S,PRN Infra Equipment,ZO_West (CS),,,,,VIDYA DHABALI,Q420435092700559,2026-06-30 14:22:49,,1-14131204111,2026-06-30 14:23:02
1-14131264611,2026-06-30 14:24:14,Manual,Sales Coordinator,Others/Remarks,KALA Care Global LLP - Pune,420435,KALA Care Global LLP - Ahmednagar,420435_2,Others/Remarks,ENGINE SERVICING QUOTE,Sales Coordinator,Quotation Submitted,1-5JUIA26,Kala Defence & Aerospace Systems Private Limited.,ZO_West (CS),,,,,Rani Barate,Q420435022700625,2026-06-30 14:42:20,,,
1-14131306619,2026-06-30 14:42:08,eFSR,Service Engineer,Others/Remarks,KALA Care Global LLP - Pune,420435,KALA Care Global LLP - Ahmednagar,420435_2,Others/Remarks,Adblue level found l,Sales Coordinator,New,1-3KMXJT,ICICI Bank Limited,ZO_West (CS),213637305,4R1190ETA 4G1,82.5,ALSIFSHAIKH,,,,,,
1-14131520341,2026-06-30 14:59:44,Manual,Sales Coordinator,Others/Remarks,KALA Care Global LLP - Pune,420435,KALA Care Global LLP - Ahmednagar,420435_2,Others/Remarks,ENGINE SERVICING SPARES,Sales Coordinator,Quotation Submitted,1-5JUIA26,Kala Defence & Aerospace Systems Private Limited.,ZO_West (CS),,,,,Rani Barate,Q420435022700626,2026-06-30 15:05:28,,,
1-14131540869,2026-06-30 15:27:52,eFSR,Service Engineer,BD Spares,KALA Care Global LLP - Pune,420435,KALA Care Global LLP - Aurangabad,420435_1,BD Spares,KG745 controller req,Service Coordinator,Nurturing,1-3BJ6N5P,Power Grid Corporation of India Ltd,ZO_West (CS),213614122,DV12ETA G1,750,KAMLAKARMORE,Rani Barate,,,,,
1-14131564271,2026-06-30 15:15:04,Manual,Sales Coordinator,,KALA Care Global LLP - Pune,420435,KALA Care Global LLP - Belagavi,420435_9,Oil,"OIL FILTER, FUEL FILTER, AIR FILTER",Sales Coordinator,Invoiced Generated,1-5R70LNH,MKC INFRASTRUCTURE LIMITED,ZO_West (CS),,,,,VIDYA DHABALI,Q420435092700560,2026-06-30 16:30:18,,1-14155686361,2026-07-07 15:48:21
1-14131738300,2026-06-30 16:26:07,eFSR,Service Engineer,Oil,KALA Care Global LLP - Pune,420435,KALA Care Global LLP - Belagavi,420435_9,Oil,Oil servsing due,Sales Coordinator,Not Converted,1-5ZTMP72,UDAY BHUVAN,ZO_West (CS),212381166,3R1040,30,RAJUTALWAR,VIDYA DHABALI,Q420435092700586,2026-07-03 10:54:20,,,
1-14131988551,2026-06-30 16:41:52,Manual,Sales Coordinator,Oil,KALA Care Global LLP - Pune,420435,KALA Care Global LLP - Kalaburagi,420435_13,Oil,OIL SERVICE,Sales Coordinator,Does Not Qualify,1-3HVU21H,ACCURATE POWERTECH INDIA PVT LTD.,ZO_West (CS),,6SL8800TA,250,,Rani Barate,,,,,
1-14131988555,2026-06-30 16:42:45,Manual,Sales Coordinator,Oil,KALA Care Global LLP - Pune,420435,KALA Care Global LLP - Kalaburagi,420435_13,Oil,OIL,Sales Coordinator,Qualifying,1-5PEIUFO,GLOBE GAS EQUIPMENTS INDUSTRY PRIVATE LTD,ZO_West (CS),,6SL9088TA,,,Rani Barate,,,,,
1-14132045335,2026-06-30 16:39:05,eFSR,Service Engineer,DF Kit,KALA Care Global LLP - Pune,420435,KALA Care Global LLP - Beed,420435_3,DF Kit,Not required,Sales Coordinator,New,1-463QVLO,Raimole Hospital,ZO_West (CS),213434339,4R810TA G1,62.5,LAHUDOIFODE,,,,,,
1-14132045904,2026-06-30 17:39:18,eFSR,Service Engineer,Others/Remarks,KALA Care Global LLP - Pune,420435,KALA Care Global LLP - Hubli,420435_8,BD Spares,Required,Sales Coordinator,Does Not Qualify,1-OIE-1489,Vodafone,ZO_West (CS),213640353,8K15TA,400,KAREPPADOOPAD,NIKITA HIREMATH,,,,,
1-14132045904,2026-06-30 17:39:18,eFSR,Service Engineer,Others/Remarks,KALA Care Global LLP - Pune,420435,KALA Care Global LLP - Hubli,420435_8,Battery,Required,Sales Coordinator,Does Not Qualify,1-OIE-1489,Vodafone,ZO_West (CS),213640353,8K15TA,400,KAREPPADOOPAD,NIKITA HIREMATH,,,,,
1-14132045904,2026-06-30 17:39:18,eFSR,Service Engineer,Others/Remarks,KALA Care Global LLP - Pune,420435,KALA Care Global LLP - Hubli,420435_8,Coolant Change,Required,Sales Coordinator,Does Not Qualify,1-OIE-1489,Vodafone,ZO_West (CS),213640353,8K15TA,400,KAREPPADOOPAD,NIKITA HIREMATH,,,,,
1-14132045904,2026-06-30 17:39:18,eFSR,Service Engineer,Others/Remarks,KALA Care Global LLP - Pune,420435,KALA Care Global LLP - Hubli,420435_8,Oil,Required,Sales Coordinator,Does Not Qualify,1-OIE-1489,Vodafone,ZO_West (CS),213640353,8K15TA,400,KAREPPADOOPAD,NIKITA HIREMATH,,,,,
1-14132045904,2026-06-30 17:39:18,eFSR,Service Engineer,Others/Remarks,KALA Care Global LLP - Pune,420435,KALA Care Global LLP - Hubli,420435_8,Others/Remarks,Required,Sales Coordinator,Does Not Qualify,1-OIE-1489,Vodafone,ZO_West (CS),213640353,8K15TA,400,KAREPPADOOPAD,NIKITA HIREMATH,,,,,
1-14132045904,2026-06-30 17:39:18,eFSR,Service Engineer,Others/Remarks,KALA Care Global LLP - Pune,420435,KALA Care Global LLP - Hubli,420435_8,Overhauling,Required,Sales Coordinator,Does Not Qualify,1-OIE-1489,Vodafone,ZO_West (CS),213640353,8K15TA,400,KAREPPADOOPAD,NIKITA HIREMATH,,,,,
1-14132045904,2026-06-30 17:39:18,eFSR,Service Engineer,Others/Remarks,KALA Care Global LLP - Pune,420435,KALA Care Global LLP - Hubli,420435_8,Paid Services -PM,Required,Sales Coordinator,Does Not Qualify,1-OIE-1489,Vodafone,ZO_West (CS),213640353,8K15TA,400,KAREPPADOOPAD,NIKITA HIREMATH,,,,,
1-14132045904,2026-06-30 17:39:18,eFSR,Service Engineer,Others/Remarks,KALA Care Global LLP - Pune,420435,KALA Care Global LLP - Hubli,420435_8,RECD,Required,Sales Coordinator,Does Not Qualify,1-OIE-1489,Vodafone,ZO_West (CS),213640353,8K15TA,400,KAREPPADOOPAD,NIKITA HIREMATH,,,,,
1-14132045904,2026-06-30 17:39:18,eFSR,Service Engineer,Others/Remarks,KALA Care Global LLP - Pune,420435,KALA Care Global LLP - Hubli,420435_8,Service AMC/Bandhan/Anubandhan,Required,Sales Coordinator,Does Not Qualify,1-OIE-1489,Vodafone,ZO_West (CS),213640353,8K15TA,400,KAREPPADOOPAD,NIKITA HIREMATH,,,,,
1-14132068208,2026-06-30 17:18:25,eFSR,Service Engineer,Others/Remarks,KALA Care Global LLP - Pune,420435,KALA Care Global LLP - Ahmednagar,420435_2,Others/Remarks,Door broken,Sales Coordinator,New,1-3HIS0AB,Harikison Auto Service,ZO_West (CS),212972267,HA394,25,ALSIFSHAIKH,,,,,,
1-14132234512,2026-06-30 17:17:11,eFSR,Service Engineer,Others/Remarks,KALA Care Global LLP - Pune,420435,KALA Care Global LLP - Belagavi,420435_9,Others/Remarks,Over all,Sales Coordinator,Does Not Qualify,1-45W8MLS,SESHA SAI MINING COMPANY MUDDAPUR,ZO_West (CS),213638911,4R 1040 (LTK no. X861002330),,PRAMODDHARIGOUD,VIDYA DHABALI,,,,,
1-14132234512,2026-06-30 17:17:11,eFSR,Service Engineer,Others/Remarks,KALA Care Global LLP - Pune,420435,KALA Care Global LLP - Belagavi,420435_9,Overhauling,Engine over all,Sales Coordinator,Does Not Qualify,1-45W8MLS,SESHA SAI MINING COMPANY MUDDAPUR,ZO_West (CS),213638911,4R 1040 (LTK no. X861002330),,PRAMODDHARIGOUD,VIDYA DHABALI,,,,,
1-14134238661,2026-07-01 09:51:47,Manual,Sales Coordinator,Overhauling,KALA Care Global LLP - Pune,420435,KALA Care Global LLP - Belagavi,420435_9,Overhauling,PARTS REQUIRED FOR OVERHAULING,Sales Coordinator,Quotation Submitted,1-3HUEXMF,RNS Infrastructure Limited,ZO_West (CS),,,,,VIDYA DHABALI,Q420435092700561,2026-08-12 17:04:56,,,
1-14134418301,2026-07-01 10:24:32,Manual,Sales Coordinator,Others/Remarks,KALA Care Global LLP - Pune,420435,KALA Care Global LLP - Ahmednagar,420435_2,Others/Remarks,spares for engine servicing,Sales Coordinator,Invoiced Generated,1-3A7JEHL,ANISH INFRACON INDIA PVT LTD,ZO_West (CS),,,,,Rani Barate,Q420435022700627,2026-07-01 10:29:13,,1-14146194984,2026-07-04 12:35:01
1-14134507821,2026-07-01 10:53:22,Manual,Sales Coordinator,Others/Remarks,KALA Care Global LLP - Pune,420435,KALA Care Global LLP - Ahmednagar,420435_2,Others/Remarks,SPARES FOR ENGINE SERVICING,Sales Coordinator,Invoiced Generated,1-8VA21A,PVR Project Ltd.,ZO_West (CS),,,,,Rani Barate,Q420435022700628,2026-07-01 11:11:25,,1-14156433841,2026-07-07 17:37:29
1-14134642441,2026-07-01 11:14:00,Manual,Sales Coordinator,RECD,KALA Care Global LLP - Pune,420435,KALA Care Global LLP - Aurangabad,420435_1,RECD,RECD,Sales Coordinator,Quotation Submitted,1-3N2OJV8,SANJEEV AUTO  PARTS MANUFACTURERS PRIVATE LIMITED,ZO_West (CS),,DV12ETA G11,750,,Jyoti Mangesh,Q420435012700554,2026-07-01 17:22:26,,,
1-14134642709,2026-07-01 11:18:31,Manual,Sales Coordinator,RECD,KALA Care Global LLP - Pune,420435,KALA Care Global LLP - Aurangabad,420435_1,RECD,RECD,Sales Coordinator,Qualifying,1-3N2OJV8,SANJEEV AUTO  PARTS MANUFACTURERS PRIVATE LIMITED,ZO_West (CS),,DV12ETA G11,750,,Jyoti Mangesh,,,,,
1-14134642889,2026-07-01 11:21:34,Manual,Sales Coordinator,RECD,KALA Care Global LLP - Pune,420435,KALA Care Global LLP - Aurangabad,420435_1,RECD,RECD,Sales Coordinator,Qualifying,1-3N2OJV8,SANJEEV AUTO  PARTS MANUFACTURERS PRIVATE LIMITED,ZO_West (CS),,DV12ETA G11,750,,Jyoti Mangesh,,,,,
1-14134687231,2026-07-01 11:22:00,Manual,Sales Coordinator,Others/Remarks,KALA Care Global LLP - Pune,420435,KALA Care Global LLP - Ahmednagar,420435_2,Others/Remarks,SPARES FOR SERVICING,Sales Coordinator,Quotation Submitted,1-1K4-3692,Shree Ram Urban Infrastructure,ZO_West (CS),,,,,Rani Barate,Q420435022700629,2026-07-01 11:25:18,,,
1-14134704258,2026-07-01 12:04:13,eFSR,Service Engineer,BD Spares,KALA Care Global LLP - Pune,420435,KALA Care Global LLP - Belagavi,420435_9,BD Spares,Controller  kg640,Service Coordinator,Nurturing,1-43KWD5Q,SHRI MAHALINGESHWAR PETROLEUMS,ZO_West (CS),213575520,3R1040T G1,25,SANTOSHKUNIKAR,VIDYA DHABALI,,,,,
1-14134929138,2026-07-01 12:55:25,eFSR,Service Engineer,Others/Remarks,KALA Care Global LLP - Pune,420435,KALA Care Global LLP - Belagavi,420435_9,Others/Remarks,Battery tarminal and,Sales Coordinator,Quotation Submitted,1-5VL-2127,Lokmanya Multipurpose Co-Operative Society Ltd,ZO_West (CS),213271554,3R1040,25,PRASHANTPATIL,VIDYA DHABALI,Q420435092700896,2026-08-19 12:50:41,,,
1-14135046884,2026-07-01 12:38:05,Manual,Sales Coordinator,Others/Remarks,KALA Care Global LLP - Pune,420435,KALA Care Global LLP - Belagavi,420435_9,BD Spares,PARTS REQUIRED,Sales Coordinator,Invoiced Generated,1-2NR8VV,Deshpande industries,ZO_West (CS),,,,,VIDYA DHABALI,Q420435092700567,2026-07-01 12:49:47,,1-14135130406,2026-07-01 12:49:53
1-14135199471,2026-07-01 13:02:32,Manual,Sales Coordinator,BD Spares,KALA Care Global LLP - Pune,420435,KALA Care Global LLP - Kalaburagi,420435_13,BD Spares,BD SPARES,Sales Coordinator,Converted,1-2WZ7BKJ,MD. SADIQ ALI,ZO_West (CS),,,,,Rani Barate,Q420435132700406,2026-07-01 13:08:04,,1-14135248791,2026-07-01 13:16:22
1-14135340811,2026-07-01 13:46:02,Manual,Sales Coordinator,Oil,KALA Care Global LLP - Pune,420435,KALA Care Global LLP - Kalaburagi,420435_13,Oil,OIL  SERVICE,Sales Coordinator,Quotation Submitted,1-5OY54ZB,Dr. ABDUL HAQ BAOGI,ZO_West (CS),,3R550TA 4G1,20,,Rani Barate,Q420435132700407,2026-07-01 14:08:53,,,
1-14135533471,2026-07-01 14:05:41,Manual,Sales Coordinator,,KALA Care Global LLP - Pune,420435,KALA Care Global LLP - Kalaburagi,420435_13,Oil,oil,Sales Coordinator,Qualifying,1-5WKFFLX,R S R CONSTRUCTION,ZO_West (CS),,4R810,,,Rani Barate,Q420435132700408,,,,
1-14135629311,2026-07-01 14:27:45,Manual,Sales Coordinator,BD Spares,KALA Care Global LLP - Pune,420435,KALA Care Global LLP - Hospet,420435_10,BD Spares,OIL SERVICE,Sales Coordinator,Qualifying,1-4SM0AVM,Mr Mahadevappa,ZO_West (CS),,4R 1040 (LTK no. X861002330),,,B Sneha Ballari,,,,,
1-14135665321,2026-07-01 14:38:26,Manual,Sales Coordinator,,KALA Care Global LLP - Pune,420435,KALA Care Global LLP - Kalaburagi,420435_13,Oil,OIL,Sales Coordinator,Qualifying,1-1HEZTP,Sri Lakshmi Power Services,ZO_West (CS),,HA394,25,,Rani Barate,Q420435132700409,,,,
1-14135734591,2026-07-01 14:59:50,Manual,Sales Coordinator,BD Spares,KALA Care Global LLP - Pune,420435,KALA Care Global LLP - Hospet,420435_10,BD Spares,OIL SERVICE,Sales Coordinator,Invoiced Generated,1-2U9FYAA,SRI CONSTRUCTIONS,ZO_West (CS),,4R810T,,,B Sneha Ballari,Q420435102700596,2026-07-01 15:05:55,,1-14135768611,2026-07-01 15:06:32
1-14135767196,2026-07-01 16:02:02,eFSR,Service Engineer,Others/Remarks,KALA Care Global LLP - Pune,420435,KALA Care Global LLP - Ahmednagar,420435_2,Coolant Change,K cool,Sales Coordinator,Does Not Qualify,1-6ATZSV3,ANURAJ BUILDERS,ZO_West (CS),213274884,3GK550TC 4SR1,20,NavnathPatare,Rani Barate,,,,,
1-14135767196,2026-07-01 16:02:02,eFSR,Service Engineer,Others/Remarks,KALA Care Global LLP - Pune,420435,KALA Care Global LLP - Ahmednagar,420435_2,Others/Remarks,K cool coolent,Sales Coordinator,Does Not Qualify,1-6ATZSV3,ANURAJ BUILDERS,ZO_West (CS),213274884,3GK550TC 4SR1,20,NavnathPatare,Rani Barate,,,,,
1-14135780998,2026-07-01 17:23:45,eFSR,Service Engineer,Others/Remarks,KALA Care Global LLP - Pune,420435,KALA Care Global LLP - Kalaburagi,420435_13,Others/Remarks,Oil sarvice required,Sales Coordinator,Does Not Qualify,1-1DY193Z,HEMA FOODS AND BREVERAGES,ZO_West (CS),213648991,HA394TCI G1,25,RabaniShaik,Rani Barate,,,,,
1-14135804863,2026-07-01 15:41:17,eFSR,Service Engineer,Oil,KALA Care Global LLP - Pune,420435,KALA Care Global LLP - Vijayapura,420435_14,Oil,Six months crossed,Sales Coordinator,New,1-5Z63AVT,DR SABIHA SHAFI INDIKAR,ZO_West (CS),213647705,4R810ETA 4G1,117,UMESHPatil,,,,,,
1-14135814101,2026-07-01 15:23:29,Manual,Sales Coordinator,BD Spares,KALA Care Global LLP - Pune,420435,KALA Care Global LLP - Hospet,420435_10,BD Spares,OIL SERVICE,Sales Coordinator,Converted,1-4ISRE19,RP SHETTY INFRA PVT LTD,ZO_West (CS),,4R 1040 (LTK no. X861002330),,,B Sneha Ballari,Q420435102700597,2026-07-01 15:32:45,,212982019,2026-07-01 15:22:48
1-14135850025,2026-07-01 15:35:27,Manual,Sales Coordinator,Oil,KALA Care Global LLP - Pune,420435,KALA Care Global LLP - Belagavi,420435_9,Others/Remarks,OIL AND SPARES REQUIRED,Sales Coordinator,Invoiced Generated,1-3N3AI1O,GURU RAGHAVENDRA TRADERS,ZO_West (CS),,,,,VIDYA DHABALI,Q420435092700573,2026-07-01 15:41:07,,1-14135906801,2026-07-01 15:41:47
1-14135963301,2026-07-01 15:45:58,Manual,Sales Coordinator,BD Spares,KALA Care Global LLP - Pune,420435,KALA Care Global LLP - Hospet,420435_10,BD Spares,OIL SERVICE,Sales Coordinator,Invoiced Generated,1-5UYXIBK,KVPR Infra,ZO_West (CS),,4R1190,,,B Sneha Ballari,Q420435102700599,2026-07-01 15:58:42,,1-14135996881,2026-07-01 15:59:35
1-14136119519,2026-07-01 16:27:34,eFSR,Service Engineer,Overhauling,KALA Care Global LLP - Pune,420435,KALA Care Global LLP - Belagavi,420435_9,Overhauling,Overhauling,Service Coordinator,Does Not Qualify,1-45W8MLS,SESHA SAI MINING COMPANY MUDDAPUR,ZO_West (CS),213635829,4R 1040 (LTK no. X861002330),,RAJUMAGUND,VIDYA DHABALI,,,,,
1-14136139781,2026-07-01 16:55:18,eFSR,Service Engineer,Others/Remarks,KALA Care Global LLP - Pune,420435,KALA Care Global LLP - Belagavi,420435_9,Oil,Oil service 13 ltr o,Sales Coordinator,Quotation Submitted,1-63ANQWL,UDAYSHIVAKUMAR INFRA LIMITED..,ZO_West (CS),212599965,HA494,,PRAMODDHARIGOUD,VIDYA DHABALI,Q420435092700699,2026-07-22 12:01:00,,,
1-14136139781,2026-07-01 16:55:18,eFSR,Service Engineer,Others/Remarks,KALA Care Global LLP - Pune,420435,KALA Care Global LLP - Belagavi,420435_9,Others/Remarks,Oil service,Sales Coordinator,Quotation Submitted,1-63ANQWL,UDAYSHIVAKUMAR INFRA LIMITED..,ZO_West (CS),212599965,HA494,,PRAMODDHARIGOUD,VIDYA DHABALI,Q420435092700699,2026-07-22 12:01:00,,,
1-14136140136,2026-07-01 17:31:23,eFSR,Service Engineer,Others/Remarks,KALA Care Global LLP - Pune,420435,KALA Care Global LLP - Belagavi,420435_9,Others/Remarks,Controller kg 934 al,Sales Coordinator,Quotation Submitted,1-3P52UYH,Rajiv Gandhi Rural Hospital And Medical Research Centre,ZO_West (CS),212168891,HA394TCI G1,25,GAJANANBHOSALE,VIDYA DHABALI,Q420435092700895,2026-08-19 11:45:15,,,
1-14136380741,2026-07-01 16:57:45,Manual,Sales Coordinator,Paid Services -PM,KALA Care Global LLP - Pune,420435,KALA Care Global LLP - Belagavi,420435_9,Paid Services -PM,SERVICE A CHECK,Sales Coordinator,Converted,1-6HHA5HO,ZAKIR KASIMSAB RUKUNDI,ZO_West (CS),,4R1190,,,VIDYA DHABALI,Q420435092700574,2026-07-01 17:24:11,,213626693,2026-07-01 16:50:16
1-14136510341,2026-07-01 17:06:47,Manual,Sales Coordinator,DF Kit,KALA Care Global LLP - Pune,420435,KALA Care Global LLP - Ahmednagar,420435_2,DF Kit,DF Kit,Sales Coordinator,Quotation Submitted,1-80LU9C,MITSUBOSHI BELTING INDIA PRIVATE LIMITED,ZO_West (CS),,DV12TA G1,600,,Jyoti Mangesh,Q420435022700648,2026-07-01 17:13:43,,,
1-14136646209,2026-07-01 23:04:32,eFSR,Service Engineer,Others/Remarks,KALA Care Global LLP - Pune,420435,KALA Care Global LLP - Hospet,420435_10,BD Spares,Required,Sales Coordinator,Converted,1-5Z5UCM7,C K VISHWANATH,ZO_West (CS),213648135,HA394TC1 G2,30,Parashuram GGouripurada,B Sneha Ballari,Q420435102700633,2026-07-06 17:31:08,,213635538,2026-07-04 13:37:13
1-14136646209,2026-07-01 23:04:32,eFSR,Service Engineer,Others/Remarks,KALA Care Global LLP - Pune,420435,KALA Care Global LLP - Hospet,420435_10,Others/Remarks,Parts,Sales Coordinator,Converted,1-5Z5UCM7,C K VISHWANATH,ZO_West (CS),213648135,HA394TC1 G2,30,Parashuram GGouripurada,B Sneha Ballari,Q420435102700633,2026-07-06 17:31:08,,213635538,2026-07-04 13:37:13
1-14136718911,2026-07-01 17:57:54,Manual,Sales Coordinator,Others/Remarks,KALA Care Global LLP - Pune,420435,KALA Care Global LLP - Ahmednagar,420435_2,Others/Remarks,ENGINE SPARES,Sales Coordinator,Quotation Submitted,1-47U452V,AMOL ASHOK KODAM,ZO_West (CS),,,,,Rani Barate,Q420435022700652,2026-07-02 10:51:10,,,
1-14136752301,2026-07-01 17:49:29,Manual,Sales Coordinator,Others/Remarks,KALA Care Global LLP - Pune,420435,KALA Care Global LLP - Belagavi,420435_9,Others/Remarks,PARTS QUOTATION REQUIRED,Sales Coordinator,Invoiced Generated,1-68801HM,Sayani Traders,ZO_West (CS),,,,,VIDYA DHABALI,Q420435092700575,2026-07-02 14:29:49,,1-14182312881,2026-07-15 13:52:04
1-14137535678,2026-07-02 09:04:21,eFSR,Service Engineer,Overhauling,KALA Care Global LLP - Pune,420435,KALA Care Global LLP - Aurangabad,420435_1,BD Spares,"Fan, air filter,blow",Service Coordinator,Does Not Qualify,1-6BV-1951,HARBHAGWAN HARBHAJANLAL,ZO_West (CS),213643167,HA294,15,KAMLAKARMORE,Rani Barate,,,,,
1-14137535678,2026-07-02 09:04:21,eFSR,Service Engineer,Overhauling,KALA Care Global LLP - Pune,420435,KALA Care Global LLP - Aurangabad,420435_1,Overhauling,Need to DG overhaul,Service Coordinator,Does Not Qualify,1-6BV-1951,HARBHAGWAN HARBHAJANLAL,ZO_West (CS),213643167,HA294,15,KAMLAKARMORE,Rani Barate,,,,,
1-14138518441,2026-07-02 11:50:53,Manual,Sales Coordinator,Paid Services -PM,KALA Care Global LLP - Pune,420435,KALA Care Global LLP - Hubli,420435_8,Paid Services -PM,REQUIRED OIL SERVICE PARTS,Sales Coordinator,Invoiced Generated,1-4JRXLA5,Keshav Desai & Co,ZO_West (CS),,,,,NIKITA HIREMATH,Q420435082700361,2026-07-02 11:59:11,2026-07-02 11:59:45,1-14138603301,2026-07-02 12:06:34
1-14138662841,2026-07-02 12:29:55,Manual,Sales Coordinator,Others/Remarks,KALA Care Global LLP - Pune,420435,KALA Care Global LLP - Ahmednagar,420435_2,Others/Remarks,DOC NOX SENSOR DOSING MODULE,Sales Coordinator,Quotation Submitted,1-5QY9NMG,UMAJI TAMBE,ZO_West (CS),,Engines,,,Rani Barate,Q420435022700657,2026-07-02 12:36:39,,,
1-14139088281,2026-07-02 13:43:39,Manual,Sales Coordinator,Oil,KALA Care Global LLP - Pune,420435,KALA Care Global LLP - Kalaburagi,420435_13,Oil,engine oil service,Sales Coordinator,Quotation Submitted,1-5PEIUFO,GLOBE GAS EQUIPMENTS INDUSTRY PRIVATE LTD,ZO_West (CS),,6SL9088TA,,,Rani Barate,Q420435132700415,2026-07-02 13:57:09,,,
1-14139180531,2026-07-02 14:11:39,eFSR,Service Engineer,Service AMC/Bandhan/Anubandhan,KALA Care Global LLP - Pune,420435,KALA Care Global LLP - Belagavi,420435_9,Service AMC/Bandhan/Anubandhan,Amc required,Sales Coordinator,Does Not Qualify,1-5Z0P3AF,To The Director of Belagavi Institute Of Medical Science,ZO_West (CS),213591976,DV12ETA G11,750,RAJUTALWAR,VIDYA DHABALI,,,,,
1-14139587659,2026-07-02 15:33:36,Manual,Sales Coordinator,Others/Remarks,KALA Care Global LLP - Pune,420435,KALA Care Global LLP - Belagavi,420435_9,Overhauling,PARTS REQUIRED,Sales Coordinator,Invoiced Generated,1-2NR8VV,Deshpande industries,ZO_West (CS),,,,,VIDYA DHABALI,Q420435092700582,2026-07-02 15:38:20,,1-14139522111,2026-07-02 15:38:46
1-14139623075,2026-07-02 16:02:50,eFSR,Service Engineer,Others/Remarks,KALA Care Global LLP - Pune,420435,KALA Care Global LLP - Belagavi,420435_9,Oil,Oil service,Sales Coordinator,Quotation Submitted,1-5O6EWZO,GIRISH KEDAREPPA,ZO_West (CS),211365500,3R550NA 4G1,10,PRAMODDHARIGOUD,VIDYA DHABALI,Q420435092700627,2026-07-08 14:44:27,,,
1-14139623075,2026-07-02 16:02:50,eFSR,Service Engineer,Others/Remarks,KALA Care Global LLP - Pune,420435,KALA Care Global LLP - Belagavi,420435_9,Others/Remarks,Oil service,Sales Coordinator,Quotation Submitted,1-5O6EWZO,GIRISH KEDAREPPA,ZO_West (CS),211365500,3R550NA 4G1,10,PRAMODDHARIGOUD,VIDYA DHABALI,Q420435092700627,2026-07-08 14:44:27,,,
1-14139663301,2026-07-02 15:40:08,Manual,Sales Coordinator,Paid Services -PM,KALA Care Global LLP - Pune,420435,KALA Care Global LLP - Aurangabad,420435_1,Paid Services -PM,SERVCING,Sales Coordinator,Converted,1-LC6-197,CHANDRA MATS PVT. LTD.,ZO_West (CS),,6SL9088TA,160,,Rani Barate,Q420435012700564,2026-07-02 15:50:09,2026-07-02 15:50:19,212202725,2026-07-02 14:09:18
1-14140102069,2026-07-02 17:18:43,eFSR,Service Engineer,Service AMC/Bandhan/Anubandhan,KALA Care Global LLP - Pune,420435,KALA Care Global LLP - Hospet,420435_10,Service AMC/Bandhan/Anubandhan,Advise the coustomer,Sales Coordinator,Does Not Qualify,1-3OJWTVH,Nayara Shri Guru Puttarja Petroleums,ZO_West (CS),213648621,HA294,15,Krishna kumarG,B Sneha Ballari,,,,,
1-14140342302,2026-07-02 17:31:19,Manual,Sales Coordinator,Overhauling,KALA Care Global LLP - Pune,420435,KALA Care Global LLP - Belagavi,420435_9,Overhauling,OVERAHULING QUOTATION REQUIRED,Sales Coordinator,Not Converted,1-2N8R2TP,Shri Murgendra Shivayogi Gachhinmath Athani,ZO_West (CS),,RB33,30,,VIDYA DHABALI,Q420435092700585,2026-07-02 18:03:50,,,
1-14140359800,2026-07-02 18:44:49,eFSR,Service Engineer,Service AMC/Bandhan/Anubandhan,KALA Care Global LLP - Pune,420435,KALA Care Global LLP - Hospet,420435_10,Service AMC/Bandhan/Anubandhan,Advise the coustomer,Sales Coordinator,Nurturing,1-48T2GAA,Varsha Agro Tech,ZO_West (CS),213653728,4R810TA G1,62.5,Krishna kumarG,B Sneha Ballari,,,,,
1-14140603920,2026-07-02 20:05:32,eFSR,Service Engineer,Oil,KALA Care Global LLP - Pune,420435,KALA Care Global LLP - Beed,420435_3,Oil,Oil,Sales Coordinator,New,1-2PJGBE9,GSK Helthcare LLP,ZO_West (CS),212650107,4K1080TA G2,125.4,BALASAHEBGADHAVE,,,,,,
1-14140604122,2026-07-02 20:37:10,eFSR,Service Engineer,Oil,KALA Care Global LLP - Pune,420435,KALA Care Global LLP - Belagavi,420435_9,Coolant Change,Required coolant,Sales Coordinator,Order/SR Generated,1-3L57FEE,Ashok Iron Works Private Limited,ZO_West (CS),212982727,6K1080TA G2,160,RAJUTALWAR,VIDYA DHABALI,Q420435092700603,2026-07-06 10:39:45,,213658691,2026-07-16 15:08:06
1-14140604122,2026-07-02 20:37:10,eFSR,Service Engineer,Oil,KALA Care Global LLP - Pune,420435,KALA Care Global LLP - Belagavi,420435_9,Oil,Required oil service,Sales Coordinator,Order/SR Generated,1-3L57FEE,Ashok Iron Works Private Limited,ZO_West (CS),212982727,6K1080TA G2,160,RAJUTALWAR,VIDYA DHABALI,Q420435092700603,2026-07-06 10:39:45,,213658691,2026-07-16 15:08:06
1-14141602061,2026-07-03 10:00:27,eFSR,Service Engineer,NuLife,KALA Care Global LLP - Pune,420435,KALA Care Global LLP - Aurangabad,420435_1,NuLife,Lok,Sales Coordinator,Does Not Qualify,1-3Q057PZ,Sangli Urban Co Operative Bank Limited,ZO_West (CS),213647197,HA294,15,GANESHPATTHE,Rani Barate,,,,,
1-14141722151,2026-07-03 10:19:50,Manual,Sales Coordinator,Others/Remarks,KALA Care Global LLP - Pune,420435,KALA Care Global LLP - Babhleshwar,420435_5,Others/Remarks,ENGINE SPARES FOR SERVICING,Sales Coordinator,Invoiced Generated,1-374L2ZT,YASH TRAILORS & ENTERPRISES,ZO_West (CS),,,,,Rani Barate,Q420435052700080,2026-07-03 10:42:31,,1-14145807671,2026-07-04 11:01:32
1-14142088531,2026-07-03 11:05:32,Manual,Sales Coordinator,,KALA Care Global LLP - Pune,420435,KALA Care Global LLP - Hospet,420435_10,BD Spares,Oil,Sales Coordinator,Qualifying,1-375AHJG,BMM ISPAT LIMITED,ZO_West (CS),,,,,B Sneha Ballari,,,,,
1-14142595711,2026-07-03 12:56:20,Manual,Sales Coordinator,BD Spares,KALA Care Global LLP - Pune,420435,KALA Care Global LLP - Kalaburagi,420435_13,BD Spares,BD SPARES,Sales Coordinator,Quotation Submitted,1-3F9JVSM,SRI SHIVASHAKTI SERVICES,ZO_West (CS),,,,,Rani Barate,Q420435132700419,2026-07-03 13:00:24,,,
1-14142926856,2026-07-03 14:30:42,eFSR,Service Engineer,Others/Remarks,KALA Care Global LLP - Pune,420435,KALA Care Global LLP - Latur,420435_6,Others/Remarks,No,Sales Coordinator,New,1-5YNIZRN,Sahaj Construction India LLP..,ZO_West (CS),213523592,4R1190,,MAHALINGPATIL,,,,,,
1-14143238311,2026-07-03 14:51:18,Manual,Sales Coordinator,Allied Oil,KALA Care Global LLP - Pune,420435,KALA Care Global LLP - Aurangabad,420435_1,Allied Oil,QUOTATION REQUIRED,Sales Coordinator,Invoiced Generated,1-3GP3QT8,Samrudhi Construction,ZO_West (CS),,,,,Rani Barate,Q420435012700579,2026-07-03 14:57:08,2026-07-03 15:00:51,1-14143253621,2026-07-03 15:01:27
1-14143250108,2026-07-03 15:36:15,eFSR,Service Engineer,Oil,KALA Care Global LLP - Pune,420435,KALA Care Global LLP - Vijayapura,420435_14,BD Spares,Star problem,Sales Coordinator,New,1-46EK6KG,Excel Engineers And Consultants,ZO_West (CS),212550331,DV10TAG1,500,UMESHPatil,,,,,,
1-14143250108,2026-07-03 15:36:15,eFSR,Service Engineer,Oil,KALA Care Global LLP - Pune,420435,KALA Care Global LLP - Vijayapura,420435_14,Coolant Change,3Years complete,Sales Coordinator,New,1-46EK6KG,Excel Engineers And Consultants,ZO_West (CS),212550331,DV10TAG1,500,UMESHPatil,,,,,,
1-14143250108,2026-07-03 15:36:15,eFSR,Service Engineer,Oil,KALA Care Global LLP - Pune,420435,KALA Care Global LLP - Vijayapura,420435_14,Oil,Need to be oil seive,Sales Coordinator,New,1-46EK6KG,Excel Engineers And Consultants,ZO_West (CS),212550331,DV10TAG1,500,UMESHPatil,,,,,,
1-14143324441,2026-07-03 15:12:51,Manual,Sales Coordinator,Paid Services -PM,KALA Care Global LLP - Pune,420435,KALA Care Global LLP - Belagavi,420435_9,Paid Services -PM,CSP QUOTE C CHECK,Sales Coordinator,Converted,1-5WARA6W,ARISTOS MARKETS ANALYSIS PRIVATE LIMITED,ZO_West (CS),,3R1190ENA 4G1,30,,VIDYA DHABALI,Q420435092700589,2026-07-03 15:17:24,,211644713,2026-07-11 16:42:13
1-14143355363,2026-07-03 15:20:16,Manual,Sales Coordinator,Paid Services -PM,KALA Care Global LLP - Pune,420435,KALA Care Global LLP - Belagavi,420435_9,Paid Services -PM,C CHECK QUOTE,Sales Coordinator,Quotation Submitted,1-5V7URWR,SAMRUDDI CASHEWS,ZO_West (CS),,4R810ETA4G1,58.5,,VIDYA DHABALI,Q420435092700590,2026-07-03 15:25:20,,,
1-14143390410,2026-07-03 15:28:40,Manual,Sales Coordinator,Paid Services -PM,KALA Care Global LLP - Pune,420435,KALA Care Global LLP - Belagavi,420435_9,Paid Services -PM,C CHECK QUOTE,Sales Coordinator,Quotation Submitted,1-4T1RHG8,Aspire Engineering Enterprises,ZO_West (CS),,3R1190ENA 4G1,30,,VIDYA DHABALI,Q420435092700591,2026-07-03 15:32:06,,,
1-14143390741,2026-07-03 15:36:11,Manual,Sales Coordinator,Paid Services -PM,KALA Care Global LLP - Pune,420435,KALA Care Global LLP - Belagavi,420435_9,Paid Services -PM,B CHECK QUOTE,Sales Coordinator,Quotation Submitted,1-5Z0OGI6,Halasiddanath Tiles,ZO_West (CS),,4R810ETA4G1,58.5,,VIDYA DHABALI,Q420435092700592,2026-07-03 15:40:09,,,
1-14143427111,2026-07-03 15:45:13,Manual,Sales Coordinator,Paid Services -PM,KALA Care Global LLP - Pune,420435,KALA Care Global LLP - Belagavi,420435_9,Paid Services -PM,B CHECK,Sales Coordinator,Quotation Submitted,1-5VADV6E,GOVIND MILK AND MILK PRODUCTS PVT LTD,ZO_West (CS),,3R550TA 4G1,20,,VIDYA DHABALI,Q420435092700593,2026-07-03 15:52:01,,,
1-14143490087,2026-07-03 15:54:12,Manual,Sales Coordinator,Paid Services -PM,KALA Care Global LLP - Pune,420435,KALA Care Global LLP - Belagavi,420435_9,Paid Services -PM,b check,Sales Coordinator,Converted,1-5WFHE3D,Fukoku India Private Limited,ZO_West (CS),,4K1080ETA4G1,125,,VIDYA DHABALI,Q420435092700594,2026-07-03 16:05:08,,212327579,2026-07-06 12:07:31
1-14143642892,2026-07-03 17:07:17,eFSR,Service Engineer,Others/Remarks,KALA Care Global LLP - Pune,420435,KALA Care Global LLP - Belagavi,420435_9,Others/Remarks,Fuse,Sales Coordinator,Does Not Qualify,1-4SNNK9K,AXIS INFIINITY,ZO_West (CS),213629163,3R550TA 4G1,25,SANTOSHKUNIKAR,VIDYA DHABALI,,,,,
1-14143652031,2026-07-03 16:32:36,Manual,Sales Coordinator,Paid Services -PM,KALA Care Global LLP - Pune,420435,KALA Care Global LLP - Belagavi,420435_9,Paid Services -PM,C CHECK QUOTE,Sales Coordinator,Order/SR Generated,1-690A4K7,I S Matagar Constructions,ZO_West (CS),,HA494,,,VIDYA DHABALI,Q420435092700595,2026-08-17 16:41:16,,213055925,2026-08-17 16:37:35
1-14143761621,2026-07-03 16:46:32,Manual,Sales Coordinator,Paid Services -PM,KALA Care Global LLP - Pune,420435,KALA Care Global LLP - Belagavi,420435_9,Paid Services -PM,A CHECK QUOTE,Sales Coordinator,Not Converted,1-6C0J2P5,Veer Petroleum,ZO_West (CS),,3R1190ENA 4G1,30,,VIDYA DHABALI,Q420435092700596,2026-07-03 16:51:02,,,
1-14144141121,2026-07-03 17:11:07,Manual,Sales Coordinator,Others/Remarks,KALA Care Global LLP - Pune,420435,KALA Care Global LLP - Belagavi,420435_9,Others/Remarks,parts required,Sales Coordinator,Converted,1-3WJHMFK,Desai Petroleum,ZO_West (CS),,HA294 G1,15,,VIDYA DHABALI,Q420435092700597,2026-07-03 17:36:10,,213658790,2026-07-03 18:00:21
1-14144373498,2026-07-03 18:15:14,eFSR,Service Engineer,BD Spares,KALA Care Global LLP - Pune,420435,KALA Care Global LLP - Ahmednagar,420435_2,BD Spares,"EGAT  assembly, nox",Service Coordinator,Does Not Qualify,1-5QY9NMG,UMAJI TAMBE,ZO_West (CS),212796618,Engines,,NavnathPatare,Rani Barate,,,,,
1-14144373896,2026-07-04 06:44:47,eFSR,Service Engineer,BD Spares,KALA Care Global LLP - Pune,420435,KALA Care Global LLP - Belagavi,420435_9,BD Spares,ECU,Service Coordinator,In Progress,1-4A2ZIO3,SRI P S WADDAR CIVIL CONTRACTOR,ZO_West (CS),213609906,4R1190,,PRAMODDHARIGOUD,,,,,,
1-14144453931,2026-07-03 17:59:07,Manual,Sales Coordinator,Oil,KALA Care Global LLP - Pune,420435,KALA Care Global LLP - Kalaburagi,420435_13,Oil,Engine Oil Service,Sales Coordinator,Converted,1-3HVU21H,ACCURATE POWERTECH INDIA PVT LTD.,ZO_West (CS),,3R1190ETA 4G1,45,,Rani Barate,Q420435132700421,2026-07-03 18:05:50,,213674474,2026-07-08 11:02:48
1-14144618475,2026-07-03 20:14:30,eFSR,Service Engineer,Service AMC/Bandhan/Anubandhan,KALA Care Global LLP - Pune,420435,KALA Care Global LLP - Hospet,420435_10,Service AMC/Bandhan/Anubandhan,Bandhan plus,Sales Coordinator,Does Not Qualify,1-43TCTFK,SHANTHI SAGAR RESTAURENT,ZO_West (CS),213656274,4R810TA G1,62.5,MOHAMMED JAFERKALUR,B Sneha Ballari,,,,,
1-14145637021,2026-07-04 10:26:55,Manual,Sales Coordinator,Others/Remarks,KALA Care Global LLP - Pune,420435,KALA Care Global LLP - Ahmednagar,420435_2,Others/Remarks,RADIATOR FAN & BELT,Sales Coordinator,Quotation Submitted,1-3QV75GE,AMAR ELECTRICALS,ZO_West (CS),,,,,Rani Barate,Q420435022700680,2026-07-04 10:31:13,,,
1-14145770471,2026-07-04 10:47:02,Manual,Sales Coordinator,Others/Remarks,KALA Care Global LLP - Pune,420435,KALA Care Global LLP - Belagavi,420435_9,Others/Remarks,all fuel pipe fuel flow sensor right side,Sales Coordinator,Quotation Submitted,1-42IIBFO,HOTEL ASHOKA GARDEN,ZO_West (CS),,HA394TCI G1,25,,VIDYA DHABALI,Q420435092700599,2026-07-04 11:10:35,,,
1-14145798741,2026-07-04 10:53:43,Manual,Sales Coordinator,Others/Remarks,KALA Care Global LLP - Pune,420435,KALA Care Global LLP - Ahmednagar,420435_2,Others/Remarks,BLOWER ASSLY,Sales Coordinator,Quotation Submitted,1-1I73SXL,Unique Engginering Works,ZO_West (CS),,,,,Rani Barate,Q420435022700681,2026-07-04 10:57:37,,,
1-14146068568,2026-07-04 12:00:49,Manual,Sales Coordinator,Others/Remarks,KALA Care Global LLP - Pune,420435,KALA Care Global LLP - Belagavi,420435_9,BD Spares,PARTS REQUIRED,Sales Coordinator,Invoiced Generated,1-5LO9544,ISHA HYDRO POWER,ZO_West (CS),,,,,VIDYA DHABALI,Q420435092700602,2026-07-04 12:03:26,,1-14146093591,2026-07-04 12:03:40
1-14146077301,2026-07-04 11:55:26,Manual,Sales Coordinator,Oil,KALA Care Global LLP - Pune,420435,KALA Care Global LLP - Kalaburagi,420435_13,Oil,Oil Service,Sales Coordinator,Converted,1-2JNWLIE,KUNDUR CONSTRUCTIONS PRIVATE LIMITED,ZO_West (CS),,4R810TA G1,62.5,,Rani Barate,Q420435132700422,2026-07-04 12:00:29,,212495139,2026-07-04 11:49:33
1-14146077723,2026-07-04 12:00:38,Manual,Sales Coordinator,Oil,KALA Care Global LLP - Pune,420435,KALA Care Global LLP - Kalaburagi,420435_13,Oil,Oil Service.,Sales Coordinator,Converted,1-4KQXHC8,M A P Construction,ZO_West (CS),,4R810,,,Rani Barate,Q420435132700423,2026-07-04 12:03:40,,213004817,2026-07-04 10:55:13
1-14146320975,2026-07-04 13:30:08,eFSR,Service Engineer,Others/Remarks,KALA Care Global LLP - Pune,420435,KALA Care Global LLP - Belagavi,420435_9,Others/Remarks,Not required,Sales Coordinator,Does Not Qualify,1-63H784S,Shashikala Sadappa Koppad,ZO_West (CS),212595535,4R810,,SUNILHUMBARWADI,VIDYA DHABALI,,,,,
1-14146823821,2026-07-04 14:15:45,Manual,Sales Coordinator,BD Spares,KALA Care Global LLP - Pune,420435,KALA Care Global LLP - Babhleshwar,420435_5,BD Spares,avr and servicing,Sales Coordinator,Qualifying,1-1GXYN3V,Patanjali Ayurved Limited,ZO_West (CS),,HA294,15,,Rani Barate,Q420435052700082,2026-07-04 14:31:24,,,
1-14146837311,2026-07-04 14:14:15,Manual,Sales Coordinator,Others/Remarks,KALA Care Global LLP - Pune,420435,KALA Care Global LLP - Ahmednagar,420435_2,Others/Remarks,WATER PUMP ASSLY,Sales Coordinator,Invoiced Generated,1-47P8JQ8,MATOSHRI TRACTORS AND SPARES,ZO_West (CS),,,,,Rani Barate,Q420435022700698,2026-07-06 12:20:18,,1-14151006821,2026-07-06 14:13:37
1-14146932291,2026-07-04 14:50:48,Manual,Sales Coordinator,Paid Services -PM,KALA Care Global LLP - Pune,420435,KALA Care Global LLP - Babhleshwar,420435_5,Paid Services -PM,PAID SERVICING,Sales Coordinator,Qualifying,1-4XIQ0P0,BM. Sweets,ZO_West (CS),,3R550NA G1,15,,Rani Barate,Q420435052700083,2026-07-04 15:04:22,,,
1-14146957096,2026-07-04 15:45:22,eFSR,Service Engineer,Others/Remarks,KALA Care Global LLP - Pune,420435,KALA Care Global LLP - Latur,420435_6,Others/Remarks,Stop solenoid,Sales Coordinator,New,1-3VWTPEC,Mahesh Urban Co-Op Bank Limited,ZO_West (CS),213483555,3R1040T G1,35,GaneshChapkanade,,,,,,
1-14147178431,2026-07-04 15:44:19,Manual,Sales Coordinator,Oil,KALA Care Global LLP - Pune,420435,KALA Care Global LLP - Kalaburagi,420435_13,Oil,Oil Service.,Sales Coordinator,Quotation Submitted,1-34DM487,"Mr. ABDUL RASHEED.,",ZO_West (CS),,,,,Rani Barate,Q420435132700424,2026-07-04 15:47:46,,,
1-14147260144,2026-07-04 17:16:30,eFSR,Service Engineer,Oil,KALA Care Global LLP - Pune,420435,KALA Care Global LLP - Belagavi,420435_9,Battery,Battery required,Sales Coordinator,Converted,1-1K4-3536,Tarun Bharat Daily Pvt. Ltd.,ZO_West (CS),213650657,DV10,500,RAJUTALWAR,VIDYA DHABALI,Q420435092700625,2026-07-11 17:45:25,,213650658,2026-07-15 16:51:03
1-14147260144,2026-07-04 17:16:30,eFSR,Service Engineer,Oil,KALA Care Global LLP - Pune,420435,KALA Care Global LLP - Belagavi,420435_9,Oil,Oil servsing due,Sales Coordinator,Converted,1-1K4-3536,Tarun Bharat Daily Pvt. Ltd.,ZO_West (CS),213650657,DV10,500,RAJUTALWAR,VIDYA DHABALI,Q420435092700625,2026-07-11 17:45:25,,213650658,2026-07-15 16:51:03
1-14147543901,2026-07-04 16:37:40,Manual,Sales Coordinator,Allied Oil,KALA Care Global LLP - Pune,420435,KALA Care Global LLP - Aurangabad,420435_1,Allied Oil,OIL,Sales Coordinator,In Progress,1-4UIILNT,Naim Khan Sherkha Pathan,ZO_West (CS),,,,,,,,,,
1-14147560131,2026-07-04 16:42:25,Manual,Sales Coordinator,Others/Remarks,KALA Care Global LLP - Pune,420435,KALA Care Global LLP - Hubli,420435_8,Others/Remarks,REQUIRED TURBO CHARGER,Sales Coordinator,Invoiced Generated,1-6HVKXYS,POWER TECHNOLOGIES,ZO_West (CS),,,,,NIKITA HIREMATH,Q420435082700369,2026-07-04 16:47:12,2026-07-04 16:49:42,1-14147627601,2026-07-04 16:51:05
1-14147862801,2026-07-04 20:22:09,eFSR,Service Engineer,Others/Remarks,KALA Care Global LLP - Pune,420435,KALA Care Global LLP - Babhleshwar,420435_5,Others/Remarks,Ok,Sales Coordinator,New,1-4A2D4JQ,St Lukes Hospital,ZO_West (CS),213661245,4K1080TA G2,125.4,RUSHIKESHKHURUD,,,,,,
1-14149751990,2026-07-06 10:15:57,eFSR,Service Engineer,Others/Remarks,KALA Care Global LLP - Pune,420435,KALA Care Global LLP - Hospet,420435_10,Others/Remarks,Need oil service and,Sales Coordinator,Does Not Qualify,1-2WNDP8X,M B INFRAPROJECTS PRIVATE LIMITED,ZO_West (CS),213663023,4K1080TA G2,125.4,MDAsifMDAsif,B Sneha Ballari,,,,,
1-14149795301,2026-07-06 10:08:18,Manual,Sales Coordinator,BD Spares,KALA Care Global LLP - Pune,420435,KALA Care Global LLP - Aurangabad,420435_1,BD Spares,BD PARTS,Sales Coordinator,Invoiced Generated,1-42T3OTW,SHREENATHJI BUILDCON,ZO_West (CS),,,,,Rani Barate,Q420435012700601,2026-08-01 13:57:20,2026-08-01 13:58:01,1-14235906391,2026-08-01 13:58:36
1-14150116621,2026-07-06 11:19:49,Manual,Sales Coordinator,Paid Services -PM,KALA Care Global LLP - Pune,420435,KALA Care Global LLP - Babhleshwar,420435_5,Paid Services -PM,PAID SERVICING,Sales Coordinator,Quotation Submitted,1-1L9PNC8,JAI SAI  CONSTRUCTION,ZO_West (CS),,Engines,,,Rani Barate,Q420435052700084,2026-07-06 11:29:50,,,
1-14150393445,2026-07-06 12:11:51,eFSR,Service Engineer,Coolant Change,KALA Care Global LLP - Pune,420435,KALA Care Global LLP - Aurangabad,420435_1,Coolant Change,Coolant,Sales Coordinator,Does Not Qualify,1-4WW2L5,Sharad Sahakari Bank Ltd,ZO_West (CS),212781290,2R1040 G1,20,AkashWagh,Rani Barate,,,,,
1-14150394091,2026-07-06 12:37:14,eFSR,Service Engineer,Others/Remarks,KALA Care Global LLP - Pune,420435,KALA Care Global LLP - Ballari,420435_11,Others/Remarks,Courtesy,Sales Coordinator,Does Not Qualify,1-5MBH0F,JGD GROUP OF COMPANY,ZO_West (CS),213663814,4R810TA G1,62.5,NOOR MOHAMMEDSK,B Sneha Ballari,,,,,
1-14150394091,2026-07-06 12:37:14,eFSR,Service Engineer,Others/Remarks,KALA Care Global LLP - Pune,420435,KALA Care Global LLP - Ballari,420435_11,Paid Services -PM,oil service,Sales Coordinator,Does Not Qualify,1-5MBH0F,JGD GROUP OF COMPANY,ZO_West (CS),213663814,4R810TA G1,62.5,NOOR MOHAMMEDSK,B Sneha Ballari,,,,,
1-14150449021,2026-07-06 12:27:50,Manual,Sales Coordinator,,KALA Care Global LLP - Pune,420435,KALA Care Global LLP - Hospet,420435_10,Oil,OIL SERVICE,Sales Coordinator,Invoiced Generated,1-64F9QC8,Farooq Sir,ZO_West (CS),,,,,B Sneha Ballari,Q420435102700623,2026-07-06 12:36:30,,1-14150539311,2026-07-06 12:38:51
1-14150472511,2026-07-06 12:27:04,Manual,Sales Coordinator,Paid Services -PM,KALA Care Global LLP - Pune,420435,KALA Care Global LLP - Ahmednagar,420435_2,Paid Services -PM,PAID SERVICING,Sales Coordinator,Qualifying,1-5NQ6DYF,Aniket Sudam Shirsath,ZO_West (CS),,HA494,,,Rani Barate,Q420435022700699,2026-07-06 12:32:27,,,
1-14150591702,2026-07-06 12:51:31,Manual,Sales Coordinator,BD Spares,KALA Care Global LLP - Pune,420435,KALA Care Global LLP - Belagavi,420435_9,BD Spares,SPARE PARTS,Sales Coordinator,Invoiced Generated,1-3N3AI1O,GURU RAGHAVENDRA TRADERS,ZO_West (CS),,,,,VIDYA DHABALI,Q420435092700612,2026-07-06 13:09:24,,1-14150725311,2026-07-06 13:10:16
1-14150654991,2026-07-06 13:06:06,Manual,Sales Coordinator,Paid Services -PM,KALA Care Global LLP - Pune,420435,KALA Care Global LLP - Hubli,420435_8,Paid Services -PM,OIL SERVICE MATERIAL,Sales Coordinator,Invoiced Generated,1-5NSHBZR,Oswal Apparels,ZO_West (CS),,4R1040TA,82.5,,NIKITA HIREMATH,Q420435082700371,2026-07-06 13:15:12,2026-07-06 18:07:42,1-14152488771,2026-07-06 18:08:14
1-14150662761,2026-07-06 13:06:27,Manual,Sales Coordinator,Oil,KALA Care Global LLP - Pune,420435,KALA Care Global LLP - Kalaburagi,420435_13,Oil,Oil Service,Sales Coordinator,Converted,1-5W451YD,BHARATIYA VIDYA KENDRA - BOARD OF TRUSTEES SIRNOOR - 585308,ZO_West (CS),,4R810ETA4G1,58.5,,Rani Barate,Q420435132700425,2026-07-06 13:09:36,,213664634,2026-07-06 12:39:54
1-14150686830,2026-07-06 13:33:33,eFSR,Service Engineer,BD Spares,KALA Care Global LLP - Pune,420435,KALA Care Global LLP - Belagavi,420435_9,BD Spares,LVM and relay card,Service Coordinator,Qualifying,1-3FRU3BW,Belgaum Hotels Private Limited,ZO_West (CS),213664210,6SL1500TA G2,200,GAJANANBHOSALE,VIDYA DHABALI,,,,,
1-14150726811,2026-07-06 13:15:34,Manual,Sales Coordinator,Paid Services -PM,KALA Care Global LLP - Pune,420435,KALA Care Global LLP - Hubli,420435_8,Paid Services -PM,OIL SERVICE PARTS,Sales Coordinator,Converted,1-4ISRKO5,District Surgeon District Hospital Dharwad,ZO_West (CS),,6K1080TA G2,160,,NIKITA HIREMATH,Q420435082700372,2026-07-06 13:46:54,2026-07-11 17:04:13,213617997,2026-07-10 10:32:41
1-14150885071,2026-07-06 13:52:12,Manual,Sales Coordinator,BD Spares,KALA Care Global LLP - Pune,420435,KALA Care Global LLP - Hospet,420435_10,BD Spares,FILTER,Sales Coordinator,Invoiced Generated,1-3CT9PQX,KAILASH TRADERS,ZO_West (CS),,,,,B Sneha Ballari,Q420435102700626,2026-07-06 13:59:26,,1-14151029361,2026-07-06 14:01:13
1-14151067581,2026-07-06 14:22:58,Manual,Sales Coordinator,Oil,KALA Care Global LLP - Pune,420435,KALA Care Global LLP - Hospet,420435_10,Oil,OIL SERVICE NEED QUOTE,Sales Coordinator,Converted,1-46OLJHW,BASAVAPRABHU HOSPITAL AND RESEARCH CENTRE,ZO_West (CS),,4K1080TA G2,125.4,,B Sneha Ballari,Q420435102700629,2026-07-06 14:32:30,,211508693,2026-06-28 11:24:47
1-14151139731,2026-07-06 14:29:41,Manual,Sales Coordinator,Paid Services -PM,KALA Care Global LLP - Pune,420435,KALA Care Global LLP - Hubli,420435_8,Paid Services -PM,OIL SERVICE PARTS,Sales Coordinator,Converted,1-4ISRKO5,District Surgeon District Hospital Dharwad,ZO_West (CS),,DV8TA G1,320,,NIKITA HIREMATH,Q420435082700374,2026-07-06 14:41:18,2026-07-10 11:17:22,213618029,2026-07-09 14:09:53
1-14151259859,2026-07-06 14:44:17,Manual,Sales Coordinator,Paid Services -PM,KALA Care Global LLP - Pune,420435,KALA Care Global LLP - Hubli,420435_8,Paid Services -PM,OIL SERVICE PARTS,Sales Coordinator,Converted,1-4ISRKO5,District Surgeon District Hospital Dharwad,ZO_West (CS),,4R810TA G1,62.5,,NIKITA HIREMATH,Q420435082700375,2026-07-06 14:57:10,2026-07-10 16:12:01,213618072,2026-07-10 15:12:25
1-14151318051,2026-07-06 14:54:16,Manual,Sales Coordinator,Diesel Exhaust Fluid,KALA Care Global LLP - Pune,420435,KALA Care Global LLP - Ahmednagar,420435_2,Diesel Exhaust Fluid,DEF BARREL REQUIRED,Sales Coordinator,Quotation Submitted,1-4LG95WJ,Samruddhi Bakery & Dairy Products,ZO_West (CS),,,,,Rani Barate,Q420435022700704,2026-07-06 15:01:54,,,
1-14151343880,2026-07-06 14:58:58,Manual,Sales Coordinator,Paid Services -PM,KALA Care Global LLP - Pune,420435,KALA Care Global LLP - Hubli,420435_8,Paid Services -PM,OIL SERVICE PARTS,Sales Coordinator,Converted,1-4ISRKO5,District Surgeon District Hospital Dharwad,ZO_West (CS),,6SL1500TA G3,250,,NIKITA HIREMATH,Q420435082700376,2026-07-06 15:15:22,2026-07-11 15:10:36,213618085,2026-07-09 18:31:18
1-14151467861,2026-07-06 15:30:56,Manual,Sales Coordinator,Others/Remarks,KALA Care Global LLP - Pune,420435,KALA Care Global LLP - Belagavi,420435_9,Others/Remarks,SPARES REQUIRED,Sales Coordinator,Invoiced Generated,1-3N3AI1O,GURU RAGHAVENDRA TRADERS,ZO_West (CS),,,,,VIDYA DHABALI,Q420435092700613,2026-07-06 15:34:26,,1-14151459211,2026-07-06 15:34:32
1-14151591301,2026-07-06 15:50:07,Manual,Sales Coordinator,BD Spares,KALA Care Global LLP - Pune,420435,KALA Care Global LLP - Belagavi,420435_9,Others/Remarks,ENGINE FILTERS REQUIRED,Sales Coordinator,Quotation Submitted,1-68801HM,Sayani Traders,ZO_West (CS),,,,,VIDYA DHABALI,Q420435092700614,2026-07-07 10:33:10,,,
1-14151591301,2026-07-06 15:50:07,Manual,Sales Coordinator,BD Spares,KALA Care Global LLP - Pune,420435,KALA Care Global LLP - Belagavi,420435_9,Others/Remarks,ENGINE FILTERS REQUIRED,Sales Coordinator,Quotation Submitted,1-68801HM,Sayani Traders,ZO_West (CS),,,,,VIDYA DHABALI,Q420435092700866,2026-08-21 16:19:16,,,
1-14151607786,2026-07-06 16:02:57,Manual,Sales Coordinator,Others/Remarks,KALA Care Global LLP - Pune,420435,KALA Care Global LLP - Belagavi,420435_9,Others/Remarks,PARTS REQUIRED,Sales Coordinator,Invoiced Generated,1-68801HM,Sayani Traders,ZO_West (CS),,,,,VIDYA DHABALI,Q420435092700615,2026-07-06 16:12:35,,1-14153669387,2026-07-07 10:39:42
1-14151635103,2026-07-06 16:39:06,eFSR,Service Engineer,BD Spares,KALA Care Global LLP - Pune,420435,KALA Care Global LLP - Belagavi,420435_9,BD Spares,RRA and Avr require,Service Coordinator,New,1-R1OB2F,Homeocare International Pvt Ltd,ZO_West (CS),213665604,HA294 G1,15,GAJANANBHOSALE,,,,,,
1-14151635103,2026-07-06 16:39:06,eFSR,Service Engineer,BD Spares,KALA Care Global LLP - Pune,420435,KALA Care Global LLP - Belagavi,420435_9,BD Spares,RRA unit and AVR req,Service Coordinator,New,1-R1OB2F,Homeocare International Pvt Ltd,ZO_West (CS),213665604,HA294 G1,15,GAJANANBHOSALE,,,,,,
1-14151773831,2026-07-06 16:24:36,Manual,Sales Coordinator,Others/Remarks,KALA Care Global LLP - Pune,420435,KALA Care Global LLP - Belagavi,420435_9,Others/Remarks,SPARES REQUIRED,Sales Coordinator,Invoiced Generated,1-3RYVQTT,KENKRE GENERATORS SALES & SERVICE,ZO_West (CS),,,,,VIDYA DHABALI,Q420435092700616,2026-07-06 16:33:09,,1-14153603519,2026-07-07 10:38:17
1-14151996088,2026-07-06 17:36:42,eFSR,Service Engineer,Oil,KALA Care Global LLP - Pune,420435,KALA Care Global LLP - Kalaburagi,420435_13,Battery,Ok,Sales Coordinator,Does Not Qualify,1-2L2XOA9,BHARAT PETROLEUM CORPORATION LTD,ZO_West (CS),213594693,DV8TA G2,380,Haneef KhanKHAN,Rani Barate,,,,,
1-14151996088,2026-07-06 17:36:42,eFSR,Service Engineer,Oil,KALA Care Global LLP - Pune,420435,KALA Care Global LLP - Kalaburagi,420435_13,Coolant Change,Ok,Sales Coordinator,Does Not Qualify,1-2L2XOA9,BHARAT PETROLEUM CORPORATION LTD,ZO_West (CS),213594693,DV8TA G2,380,Haneef KhanKHAN,Rani Barate,,,,,
1-14151996088,2026-07-06 17:36:42,eFSR,Service Engineer,Oil,KALA Care Global LLP - Pune,420435,KALA Care Global LLP - Kalaburagi,420435_13,Oil,Yes,Sales Coordinator,Does Not Qualify,1-2L2XOA9,BHARAT PETROLEUM CORPORATION LTD,ZO_West (CS),213594693,DV8TA G2,380,Haneef KhanKHAN,Rani Barate,,,,,
1-14152340471,2026-07-06 17:39:59,Manual,Sales Coordinator,BD Spares,KALA Care Global LLP - Pune,420435,KALA Care Global LLP - Hospet,420435_10,BD Spares,UREA QUATION,Sales Coordinator,Converted,1-5HZ2B4E,NAGARAJU CONTRACTOR,ZO_West (CS),,Engines,,,B Sneha Ballari,Q420435102700634,2026-07-06 17:45:21,,213618647,2026-06-29 10:56:04
1-14152445761,2026-07-06 18:57:57,eFSR,Service Engineer,Service AMC/Bandhan/Anubandhan,KALA Care Global LLP - Pune,420435,KALA Care Global LLP - Hospet,420435_10,Service AMC/Bandhan/Anubandhan,Advise the coustomer,Sales Coordinator,Does Not Qualify,1-33FLVCM,Valmiki Kalyana MAntapa,ZO_West (CS),213665222,4R810TA G1,62.5,Krishna kumarG,B Sneha Ballari,,,,,
1-14152555794,2026-07-06 20:42:24,eFSR,Service Engineer,Others/Remarks,KALA Care Global LLP - Pune,420435,KALA Care Global LLP - Hospet,420435_10,Others/Remarks,Air filter assembly,Sales Coordinator,Does Not Qualify,1-691ALSB,VENKATESH.,ZO_West (CS),213663576,4R1190,,MOHAMMED JAFERKALUR,B Sneha Ballari,,,,,
1-14152555806,2026-07-06 20:18:29,eFSR,Service Engineer,Oil,KALA Care Global LLP - Pune,420435,KALA Care Global LLP - Hospet,420435_10,Oil,Oil service matrel,Sales Coordinator,Converted,1-360XUBE,Mr. G UMAMAHESWARA GOWD,ZO_West (CS),213665680,4R810T,,MOHAMMED JAFERKALUR,B Sneha Ballari,Q420435102700670,2026-07-10 16:58:12,,213674240,2026-07-08 10:16:24
1-14152555806,2026-07-06 20:18:29,eFSR,Service Engineer,Oil,KALA Care Global LLP - Pune,420435,KALA Care Global LLP - Hospet,420435_10,Paid Services -PM,Oil service,Sales Coordinator,Converted,1-360XUBE,Mr. G UMAMAHESWARA GOWD,ZO_West (CS),213665680,4R810T,,MOHAMMED JAFERKALUR,B Sneha Ballari,Q420435102700670,2026-07-10 16:58:12,,213674240,2026-07-08 10:16:24
1-14153559543,2026-07-07 10:57:35,eFSR,Service Engineer,Others/Remarks,KALA Care Global LLP - Pune,420435,KALA Care Global LLP - Ballari,420435_11,Others/Remarks,Machine,Sales Coordinator,Does Not Qualify,1-60QV2VB,M/s. Tiger Infraworks LLP,ZO_West (CS),213099039,4R810,,NAGARAJ PPATEGOWDAR,B Sneha Ballari,,,,,
1-14154199575,2026-07-07 12:41:23,eFSR,Service Engineer,Overhauling,KALA Care Global LLP - Pune,420435,KALA Care Global LLP - Belagavi,420435_9,Overhauling,4R,Service Coordinator,Does Not Qualify,1-45W8MLS,SESHA SAI MINING COMPANY MUDDAPUR,ZO_West (CS),213666527,4R 1040 (LTK no. X861002330),,RAJUMAGUND,VIDYA DHABALI,,,,,
1-14154485294,2026-07-07 13:08:39,eFSR,Service Engineer,Overhauling,KALA Care Global LLP - Pune,420435,KALA Care Global LLP - Belagavi,420435_9,Overhauling,Overhauling,Service Coordinator,Does Not Qualify,1-45W8MLS,SESHA SAI MINING COMPANY MUDDAPUR,ZO_West (CS),213666558,4R 1040 (LTK no. X861002330),,PRAMODDHARIGOUD,VIDYA DHABALI,,,,,
1-14154485422,2026-07-07 13:16:17,eFSR,Service Engineer,Paid Services -PM,KALA Care Global LLP - Pune,420435,KALA Care Global LLP - Hubli,420435_8,Paid Services -PM,Dg,Service Coordinator,Does Not Qualify,1-5UM7UU5,ROTO POWER ENGINEERS PVT LTD,ZO_West (CS),213663999,3R1190ETA 4G1,40,HUCHCHAPPAGADAGI,NIKITA HIREMATH,,,,,
1-14154760471,2026-07-07 13:42:57,Manual,Sales Coordinator,Others/Remarks,KALA Care Global LLP - Pune,420435,KALA Care Global LLP - Hubli,420435_8,Others/Remarks,ADDBLUE,Sales Coordinator,Not Converted,1-5Z0Z2HU,ZEPTO PRIVATE LIMITED,ZO_West (CS),,,,,NIKITA HIREMATH,Q420435082700380,2026-07-07 13:49:30,,,
1-14154982868,2026-07-07 14:29:42,eFSR,Service Engineer,Others/Remarks,KALA Care Global LLP - Pune,420435,KALA Care Global LLP - Aurangabad,420435_1,Oil,K oil primium,Sales Coordinator,Nurturing,1-5Z0Z2NC,NISHNAT SOLUTIONS (INDIA) PRIVATE LIMITED,ZO_West (CS),212252457,4K1080TA G2,125.4,DATTAKAMBLE,Rani Barate,,,,,
1-14154982868,2026-07-07 14:29:42,eFSR,Service Engineer,Others/Remarks,KALA Care Global LLP - Pune,420435,KALA Care Global LLP - Aurangabad,420435_1,Others/Remarks,Service,Sales Coordinator,Nurturing,1-5Z0Z2NC,NISHNAT SOLUTIONS (INDIA) PRIVATE LIMITED,ZO_West (CS),212252457,4K1080TA G2,125.4,DATTAKAMBLE,Rani Barate,,,,,
1-14155419641,2026-07-07 14:51:23,Manual,Sales Coordinator,Oil,KALA Care Global LLP - Pune,420435,KALA Care Global LLP - Kalaburagi,420435_13,Oil,Engine oil service.,Sales Coordinator,Converted,1-4IBRV92,HANUMANTHA CONTRACTOR,ZO_West (CS),,4R810,,,Rani Barate,Q420435132700428,2026-07-07 14:55:03,,212715676,2026-07-09 11:53:00
1-14155450601,2026-07-07 14:55:36,Manual,Sales Coordinator,Oil,KALA Care Global LLP - Pune,420435,KALA Care Global LLP - Latur,420435_6,Oil,oil,Sales Coordinator,Quotation Submitted,1-6BV-4499,Jagruti Sugar & Allied Industries Limited,ZO_West (CS),,DV12SR1,625,,Rani Barate,Q420435062700182,2026-07-07 17:07:07,,,
1-14155571241,2026-07-07 15:26:30,Manual,Sales Coordinator,Paid Services -PM,KALA Care Global LLP - Pune,420435,KALA Care Global LLP - Hubli,420435_8,Paid Services -PM,REQUIRED OIL SERVICE PARTS,Sales Coordinator,Invoiced Generated,1-4JRXLA5,Keshav Desai & Co,ZO_West (CS),,,,,NIKITA HIREMATH,Q420435082700385,2026-07-07 15:31:50,2026-07-09 11:40:53,1-14161917431,2026-07-09 11:41:43
1-14155581601,2026-07-07 15:21:24,Manual,Sales Coordinator,Paid Services -PM,KALA Care Global LLP - Pune,420435,KALA Care Global LLP - Ahmednagar,420435_2,Paid Services -PM,PAID SERVICING,Sales Coordinator,Quotation Submitted,1-3YMZGNE,ARDE ELECTRICALS,ZO_West (CS),,4R1040,,,Rani Barate,Q420435022700705,2026-07-07 18:06:55,,,
1-14155711601,2026-07-07 15:33:57,Manual,Sales Coordinator,Battery,KALA Care Global LLP - Pune,420435,KALA Care Global LLP - Babhleshwar,420435_5,Battery,75 AMP BATTERY REQUIRED,Sales Coordinator,Qualifying,1-4SWOOBO,Roshni Buildcon,ZO_West (CS),,3R1040T G1,35,,Rani Barate,Q420435052700102,2026-07-07 15:46:21,,,
1-14155858881,2026-07-07 16:04:26,Manual,Sales Coordinator,Others/Remarks,KALA Care Global LLP - Pune,420435,KALA Care Global LLP - Belagavi,420435_9,Diesel Exhaust Fluid,DEF,Sales Coordinator,Invoiced Generated,1-5R70LNH,MKC INFRASTRUCTURE LIMITED,ZO_West (CS),,,,,VIDYA DHABALI,Q420435092700619,2026-07-07 16:08:15,,1-14155913621,2026-07-07 16:08:51
1-14155869441,2026-07-07 16:06:45,Manual,Sales Coordinator,Others/Remarks,KALA Care Global LLP - Pune,420435,KALA Care Global LLP - Ahmednagar,420435_2,Others/Remarks,ENGINE SPARES,Sales Coordinator,Quotation Submitted,1-3GR8RPG,SAI SHANTI HYDRAULICS SPARES & SERVICES,ZO_West (CS),,,,,Rani Barate,Q420435022700706,2026-07-07 16:31:46,,,
1-14155912888,2026-07-07 16:24:40,eFSR,Service Engineer,Battery,KALA Care Global LLP - Pune,420435,KALA Care Global LLP - Hospet,420435_10,Battery,Advise the coustomer,Sales Coordinator,Invoiced Generated,1-47L9UUO,The Range Forest Office,ZO_West (CS),213667488,EA16 G1,10,Krishna kumarG,B Sneha Ballari,,,,1-14165182951,2026-07-10 09:57:22
1-14155912888,2026-07-07 16:24:40,eFSR,Service Engineer,Battery,KALA Care Global LLP - Pune,420435,KALA Care Global LLP - Hospet,420435_10,Service AMC/Bandhan/Anubandhan,Advise the coustomer,Sales Coordinator,Invoiced Generated,1-47L9UUO,The Range Forest Office,ZO_West (CS),213667488,EA16 G1,10,Krishna kumarG,B Sneha Ballari,Q420435102700661,2026-07-10 09:56:06,,1-14165182951,2026-07-10 09:57:22
1-14155940380,2026-07-07 17:27:07,eFSR,Service Engineer,Others/Remarks,KALA Care Global LLP - Pune,420435,KALA Care Global LLP - Hubli,420435_8,Others/Remarks,Nil,Sales Coordinator,Does Not Qualify,1-566ZH2Z,Shiyalaxmi Business Centre,ZO_West (CS),213668980,3R1040TA G1,40,YALLAPAARER,NIKITA HIREMATH,,,,,
1-14155940547,2026-07-07 17:44:23,eFSR,Service Engineer,New DG,KALA Care Global LLP - Pune,420435,KALA Care Global LLP - Aurangabad,420435_1,New DG,125 kva,Sales Coordinator,Does Not Qualify,1-613YLC5,S R Construction,ZO_West (CS),213668936,3R550TA 4G1,20,GANESHPATTHE,Rani Barate,,,,,
1-14156257436,2026-07-07 18:34:15,eFSR,Service Engineer,Oil,KALA Care Global LLP - Pune,420435,KALA Care Global LLP - Aurangabad,420435_1,Oil,Oil,Sales Coordinator,Invoiced Generated,1-3UFO89L,Sharayu Autolinks Private Limited,ZO_West (CS),212972220,6SL8800TA,250,PARVEZSAYED,Rani Barate,Q420435012700607,2026-07-09 11:19:55,2026-07-11 16:28:24,1-14170766486,2026-07-11 16:33:07
1-14156257567,2026-07-07 19:18:29,eFSR,Service Engineer,Others/Remarks,KALA Care Global LLP - Pune,420435,KALA Care Global LLP - Bagalkote,420435_12,Others/Remarks,No,Sales Coordinator,New,1-4T5A600,JANARDHAN REDDY N,ZO_West (CS),212210866,Engines,,PundaleekaBannidinni,,,,,,
1-14156408881,2026-07-07 17:50:55,eFSR,Service Engineer,Others/Remarks,KALA Care Global LLP - Pune,420435,KALA Care Global LLP - Hospet,420435_10,Others/Remarks,Customer need lube o,Sales Coordinator,Invoiced Generated,1-1KS-2442,CI Ready Mix,ZO_West (CS),213667824,6R1080TA3 BSIII,,JilanShekshavali,B Sneha Ballari,Q420435102700803,2026-07-18 14:59:14,,1-14193606841,2026-07-18 14:59:49
1-14156523092,2026-07-07 22:08:25,eFSR,Service Engineer,Others/Remarks,KALA Care Global LLP - Pune,420435,KALA Care Global LLP - Hospet,420435_10,Others/Remarks,Need to Oil filter a,Sales Coordinator,Does Not Qualify,1-38FHYYW,DAVALASAB,ZO_West (CS),213672826,4R1190,,MDAsifMDAsif,B Sneha Ballari,,,,,
1-14156523290,2026-07-08 08:37:03,eFSR,Service Engineer,Others/Remarks,KALA Care Global LLP - Pune,420435,KALA Care Global LLP - Ballari,420435_11,Others/Remarks,DG,Sales Coordinator,Does Not Qualify,1-6I0W8BR,Ballari Institue of Nursing,ZO_West (CS),213668169,HA294NA 4G1,15,NAGARAJ PPATEGOWDAR,B Sneha Ballari,,,,,
1-14156671969,2026-07-07 20:10:19,eFSR,Service Engineer,Paid Services -PM,KALA Care Global LLP - Pune,420435,KALA Care Global LLP - Hospet,420435_10,Paid Services -PM,Oil service parts,Service Coordinator,Converted,1-1U0ZHOV,Akshay,ZO_West (CS),213667661,CC418 G1,5,MOHAMMED JAFERKALUR,B Sneha Ballari,Q420435102700677,2026-07-11 13:48:21,,212970692,2026-07-07 13:26:25
1-14156672047,2026-07-07 21:01:43,eFSR,Service Engineer,Battery,KALA Care Global LLP - Pune,420435,KALA Care Global LLP - Babhleshwar,420435_5,Battery,New battery,Sales Coordinator,New,1-4SWOOBO,Roshni Buildcon,ZO_West (CS),213668413,3R1040T G1,35,SACHINPATHARE,,,,,,
1-14156672254,2026-07-08 06:32:03,eFSR,Service Engineer,Others/Remarks,KALA Care Global LLP - Pune,420435,KALA Care Global LLP - Nanded,420435_4,Others/Remarks,convergen kit,Sales Coordinator,Awaiting Approval,1-23R6KFA,MEGHA   ENGINEERING & INFRASTRUCTURES LIMITED,ZO_West (CS),213667743,4R1040TA G1,82.5,SAGARPARDESHI,Jyoti Mangesh,Q420435042700418,2026-07-20 10:22:22,,,
1-14157795601,2026-07-08 10:15:14,Manual,Sales Coordinator,Others/Remarks,KALA Care Global LLP - Pune,420435,KALA Care Global LLP - Belagavi,420435_9,Paid Services -PM,OIL SERVICE SPARES REQUIRED,Sales Coordinator,Invoiced Generated,1-5NDFC4T,PRANAYTEJA ENGINEERS PRIVATE LIMITED,ZO_West (CS),,,,,VIDYA DHABALI,Q420435092700622,2026-07-08 10:25:16,,1-14157974141,2026-07-08 11:06:17
1-14158011713,2026-07-08 11:09:56,Manual,Sales Coordinator,Oil,KALA Care Global LLP - Pune,420435,KALA Care Global LLP - Kalaburagi,420435_13,Oil,Oil Service,Sales Coordinator,Converted,1-3HVU21H,ACCURATE POWERTECH INDIA PVT LTD.,ZO_West (CS),,6SL8800TA,250,,Rani Barate,Q420435132700429,2026-07-08 11:15:40,,213674486,2026-07-08 11:05:27
1-14158174812,2026-07-08 11:48:15,eFSR,Service Engineer,BD Spares,KALA Care Global LLP - Pune,420435,KALA Care Global LLP - Belagavi,420435_9,BD Spares,All fuel pipe,Service Coordinator,Quotation Submitted,1-PFDVQV,State Bank of India,ZO_West (CS),213674389,3R1040T G1,25,AMITMEKKALIKE,VIDYA DHABALI,Q420435092700651,2026-07-13 10:43:39,,,
1-14158318672,2026-07-08 12:04:10,eFSR,Service Engineer,Others/Remarks,KALA Care Global LLP - Pune,420435,KALA Care Global LLP - Aurangabad,420435_1,Others/Remarks,Ok,Sales Coordinator,Does Not Qualify,1-6B5SFQD,Zepto Limited,ZO_West (CS),213324911,4R810ETA 4G1,58.5,HarshalIngle,Rani Barate,,,,,
1-14159071938,2026-07-08 14:50:58,eFSR,Service Engineer,Others/Remarks,KALA Care Global LLP - Pune,420435,KALA Care Global LLP - Parbhani,420435_7,Others/Remarks,Ok,Sales Coordinator,New,1-5UI4KBX,Principal Shri Shivaji College Parbhani,ZO_West (CS),213506876,RB33,30,MaheshHolge,,,,,,
1-14159229601,2026-07-08 15:01:01,Manual,Sales Coordinator,Others/Remarks,KALA Care Global LLP - Pune,420435,KALA Care Global LLP - Ahmednagar,420435_2,Others/Remarks,EXPANSION BELLOW,Sales Coordinator,Quotation Submitted,1-5AAIP03,SHRI SWAMI SAMARTH ENGINEERS LIMITED,ZO_West (CS),,,,,Rani Barate,Q420435022700710,2026-07-08 15:15:14,,,
1-14159302664,2026-07-08 15:19:02,eFSR,Service Engineer,Overhauling,KALA Care Global LLP - Pune,420435,KALA Care Global LLP - Aurangabad,420435_1,Overhauling,Ingen kam harave lag,Service Coordinator,Nurturing,1-6BV-1951,HARBHAGWAN HARBHAJANLAL,ZO_West (CS),213662442,HA294,15,GANESHPATTHE,Rani Barate,,,,,
1-14159303359,2026-07-08 16:00:24,eFSR,Service Engineer,Oil,KALA Care Global LLP - Pune,420435,KALA Care Global LLP - Vijayapura,420435_14,Oil,Engine oil,Sales Coordinator,New,1-30UF4K9,BHARATH SOUNDS SERVICES,ZO_West (CS),213676550,6R1080TA G1,125,SANGAPPA BANNATTIBANNATTI,,,,,,
1-14159303359,2026-07-08 16:00:24,eFSR,Service Engineer,Oil,KALA Care Global LLP - Pune,420435,KALA Care Global LLP - Vijayapura,420435_14,Service AMC/Bandhan/Anubandhan,KOEL Bhandan plus,Sales Coordinator,New,1-30UF4K9,BHARATH SOUNDS SERVICES,ZO_West (CS),213676550,6R1080TA G1,125,SANGAPPA BANNATTIBANNATTI,,,,,,
1-14159303593,2026-07-08 16:17:13,eFSR,Service Engineer,Oil,KALA Care Global LLP - Pune,420435,KALA Care Global LLP - Vijayapura,420435_14,Oil,Engine oil services,Sales Coordinator,New,1-30UF4K9,BHARATH SOUNDS SERVICES,ZO_West (CS),213676558,3R1040T G1,30,MUTHURAJ MADIVALAPPANATIKAR,,,,,,
1-14159303593,2026-07-08 16:17:13,eFSR,Service Engineer,Oil,KALA Care Global LLP - Pune,420435,KALA Care Global LLP - Vijayapura,420435_14,Paid Services -PM,Oil services,Sales Coordinator,New,1-30UF4K9,BHARATH SOUNDS SERVICES,ZO_West (CS),213676558,3R1040T G1,30,MUTHURAJ MADIVALAPPANATIKAR,,,,,,
1-14159303593,2026-07-08 16:17:13,eFSR,Service Engineer,Oil,KALA Care Global LLP - Pune,420435,KALA Care Global LLP - Vijayapura,420435_14,Service AMC/Bandhan/Anubandhan,Koel bandhan plus,Sales Coordinator,New,1-30UF4K9,BHARATH SOUNDS SERVICES,ZO_West (CS),213676558,3R1040T G1,30,MUTHURAJ MADIVALAPPANATIKAR,,,,,,
1-14159338631,2026-07-08 15:22:35,Manual,Sales Coordinator,Others/Remarks,KALA Care Global LLP - Pune,420435,KALA Care Global LLP - Ahmednagar,420435_2,Others/Remarks,CONTROLLER REQUIRED,Sales Coordinator,Quotation Submitted,1-4TNL44H,RRSM INFRA PRIVATE LIMITED,ZO_West (CS),,3R550NA G1,15,,Rani Barate,Q420435022700711,2026-07-08 15:49:12,,,
1-14159686621,2026-07-08 16:18:46,Manual,Sales Coordinator,Others/Remarks,KALA Care Global LLP - Pune,420435,KALA Care Global LLP - Ahmednagar,420435_2,Others/Remarks,HP PIPE ASSLY,Sales Coordinator,Invoiced Generated,1-6I66XBO,ANANTA BEDRE,ZO_West (CS),,,,,Rani Barate,Q420435022700712,2026-07-08 16:22:29,,1-14159723601,2026-07-08 16:24:13
1-14159693040,2026-07-08 16:46:26,eFSR,Service Engineer,Others/Remarks,KALA Care Global LLP - Pune,420435,KALA Care Global LLP - Belagavi,420435_9,Others/Remarks,Oil service due and,Sales Coordinator,Converted,1-4TXT47E,Malaprabha Fertilizers Private Limited,ZO_West (CS),213674508,3R1040TA G1,45,PRASHANTPATIL,VIDYA DHABALI,Q420435092700657,2026-07-14 11:41:34,,213124317,2026-07-14 11:58:42
1-14159717731,2026-07-08 16:28:04,Manual,Sales Coordinator,BD Spares,KALA Care Global LLP - Pune,420435,KALA Care Global LLP - Hospet,420435_10,BD Spares,Oil Filter,Sales Coordinator,Invoiced Generated,1-5S7VVZ3,DHRUVA EDUCATION TRUST,ZO_West (CS),,,,,B Sneha Ballari,Q420435102700653,2026-07-08 16:52:37,,1-14159823323,2026-07-08 16:52:44
1-14159752621,2026-07-08 16:30:33,Manual,Sales Coordinator,,KALA Care Global LLP - Pune,420435,KALA Care Global LLP - Hospet,420435_10,BD Spares,filter quote,Sales Coordinator,Invoiced Generated,1-4GUM6HS,M/S UDAY SHANKAR KURI,ZO_West (CS),,4R810,,,B Sneha Ballari,Q420435102700652,2026-07-08 16:38:32,,1-14159782701,2026-07-08 16:39:10
1-14160364601,2026-07-08 18:08:57,Manual,Sales Coordinator,Others/Remarks,KALA Care Global LLP - Pune,420435,KALA Care Global LLP - Ahmednagar,420435_2,Others/Remarks,FILTERS REQUIRED,Sales Coordinator,Invoiced Generated,1-4TNL44H,RRSM INFRA PRIVATE LIMITED,ZO_West (CS),,,,,Rani Barate,Q420435022700715,2026-07-08 18:16:24,,1-14193374511,2026-07-18 14:06:21
1-14160645745,2026-07-08 19:59:17,eFSR,Service Engineer,Others/Remarks,KALA Care Global LLP - Pune,420435,KALA Care Global LLP - Hospet,420435_10,Others/Remarks,Customer need lube o,Sales Coordinator,Does Not Qualify,1-4GUM6HS,M/S UDAY SHANKAR KURI,ZO_West (CS),213677350,4R810,,JilanShekshavali,B Sneha Ballari,,,,,
1-14161349276,2026-07-09 09:50:22,eFSR,Service Engineer,Diesel Exhaust Fluid,KALA Care Global LLP - Pune,420435,KALA Care Global LLP - Aurangabad,420435_1,DF Kit,Next time sarvis,Sales Coordinator,Nurturing,1-5QFMV1E,Aerwainfrastructure and Solutions PvtLtd.,ZO_West (CS),213554405,Engines,,GANESHPATTHE,Rani Barate,,,,,
1-14161349276,2026-07-09 09:50:22,eFSR,Service Engineer,Diesel Exhaust Fluid,KALA Care Global LLP - Pune,420435,KALA Care Global LLP - Aurangabad,420435_1,Diesel Exhaust Fluid,4 baket 20 li,Sales Coordinator,Nurturing,1-5QFMV1E,Aerwainfrastructure and Solutions PvtLtd.,ZO_West (CS),213554405,Engines,,GANESHPATTHE,Rani Barate,,,,,
1-14161724672,2026-07-09 10:58:38,Manual,Sales Coordinator,Others/Remarks,KALA Care Global LLP - Pune,420435,KALA Care Global LLP - Belagavi,420435_9,Others/Remarks,spare required,Sales Coordinator,Invoiced Generated,1-3N3AI1O,GURU RAGHAVENDRA TRADERS,ZO_West (CS),,,,,VIDYA DHABALI,Q420435092700636,2026-07-09 14:42:34,,1-14162906781,2026-07-09 14:43:24
1-14162001508,2026-07-09 12:39:24,eFSR,Service Engineer,Battery,KALA Care Global LLP - Pune,420435,KALA Care Global LLP - Hospet,420435_10,Battery,Need's to be replace,Sales Coordinator,New,1-6BJH8C3,Senior Geologist Department Of Mines & Geology,ZO_West (CS),213679064,4R810TA G1,62.5,Krishna kumarG,,,,,,
1-14162120961,2026-07-09 12:10:01,Manual,Sales Coordinator,Oil,KALA Care Global LLP - Pune,420435,KALA Care Global LLP - Kalaburagi,420435_13,Oil,Oil Service,Sales Coordinator,Converted,1-6FR7FFS,GOEL CONSTRUCTION COMPANY LIMITED.,ZO_West (CS),,HA494,,,Rani Barate,Q420435132700432,2026-07-09 12:13:41,,213507057,2026-07-09 11:27:56
1-14162242481,2026-07-09 12:41:52,Manual,Sales Coordinator,BD Spares,KALA Care Global LLP - Pune,420435,KALA Care Global LLP - Hospet,420435_10,BD Spares,Need oil filter,Sales Coordinator,Invoiced Generated,1-5OI6V94,SRI KUMARASWAMI SERVICES,ZO_West (CS),,,,,B Sneha Ballari,Q420435102700657,2026-07-09 12:48:25,,1-14162327701,2026-07-09 12:49:15
1-14162247941,2026-07-09 12:33:27,Manual,Sales Coordinator,Others/Remarks,KALA Care Global LLP - Pune,420435,KALA Care Global LLP - Beed,420435_3,,,Sales Coordinator,In Progress,,,ZO_West (CS),,,,,,,,,,
1-14162376479,2026-07-09 13:56:39,eFSR,Service Engineer,Others/Remarks,KALA Care Global LLP - Pune,420435,KALA Care Global LLP - Hospet,420435_10,Others/Remarks,Customer need Govern,Sales Coordinator,New,1-39D8TLW,Standard Infratech India Pvt Ltd,ZO_West (CS),213679170,4K1080TA G2,125.4,JilanShekshavali,,,,,,
1-14162487077,2026-07-09 13:51:35,eFSR,Service Engineer,Battery,KALA Care Global LLP - Pune,420435,KALA Care Global LLP - Parbhani,420435_7,Battery,Battery Charger,Sales Coordinator,New,1-6HN3S7D,CHAITANYA HOSPITAL,ZO_West (CS),213636551,4R810ETA4G1,58.5,PRABHAKARUPHADE,,,,,,
1-14162584341,2026-07-09 14:03:11,Manual,Sales Coordinator,Others/Remarks,KALA Care Global LLP - Pune,420435,KALA Care Global LLP - Beed,420435_3,Others/Remarks,main brg required,Sales Coordinator,Qualifying,1-61LYXM1,BALASON INFRASTRUCTURE SOLUTIONS PRIVATE LIMITED,ZO_West (CS),,,,,Rani Barate,Q420435032700241,,,,
1-14162708761,2026-07-09 14:03:20,Manual,Sales Coordinator,Allied Oil,KALA Care Global LLP - Pune,420435,KALA Care Global LLP - Kalaburagi,420435_13,Allied Oil,ALLIED OIL,Sales Coordinator,Converted,1-5XK0VG4,RAJARAJESHWARI FOOD SUPPLIERS,ZO_West (CS),,,,,Rani Barate,Q420435132700433,2026-07-09 14:08:56,,1-14164033201,2026-07-09 18:03:23
1-14162743731,2026-07-09 14:09:30,Manual,Sales Coordinator,Others/Remarks,KALA Care Global LLP - Pune,420435,KALA Care Global LLP - Ahmednagar,420435_2,Others/Remarks,main brg required,Sales Coordinator,Invoiced Generated,1-61LYXM1,BALASON INFRASTRUCTURE SOLUTIONS PRIVATE LIMITED,ZO_West (CS),,,,,Rani Barate,Q420435022700716,2026-07-09 14:13:04,,1-14186647681,2026-07-16 15:16:56
1-14162765041,2026-07-09 14:20:40,Manual,Sales Coordinator,BD Spares,KALA Care Global LLP - Pune,420435,KALA Care Global LLP - Kalaburagi,420435_13,BD Spares,BD SPARES,Sales Coordinator,Quotation Submitted,1-34NNCTW,B.G SHIRKE CONSTRUCTION TECHNOLOGY PVT LTD,ZO_West (CS),,,,,Rani Barate,Q420435132700434,2026-07-09 14:27:43,,,
1-14162834161,2026-07-09 14:36:35,Manual,Sales Coordinator,BD Spares,KALA Care Global LLP - Pune,420435,KALA Care Global LLP - Kalaburagi,420435_13,BD Spares,Fuel Pipe,Sales Coordinator,Converted,1-3RPI249,SK ENGINEERS,ZO_West (CS),,,,,Rani Barate,Q420435132700435,2026-07-09 14:56:36,,1-14163024601,2026-07-09 14:58:44
1-14162934461,2026-07-09 14:58:21,Manual,Sales Coordinator,,KALA Care Global LLP - Pune,420435,KALA Care Global LLP - Vijayapura,420435_14,Oil,oil service,Sales Coordinator,Qualifying,1-4M8C3QM,A.S.TEGGINAMANI. CIVIL CONTRACTOR KADAKOL.,ZO_West (CS),,4R1190,,,Rani Barate,,,,,
1-14163124866,2026-07-09 15:34:55,eFSR,Service Engineer,Oil,KALA Care Global LLP - Pune,420435,KALA Care Global LLP - Belagavi,420435_9,Coolant Change,Coolant required,Sales Coordinator,Quotation Submitted,1-3N8VWTF,Hotel Keerthi,ZO_West (CS),213679880,4R1040TA,82.5,GAJANANBHOSALE,VIDYA DHABALI,Q420435092700644,2026-07-14 11:24:54,,,
1-14163124866,2026-07-09 15:34:55,eFSR,Service Engineer,Oil,KALA Care Global LLP - Pune,420435,KALA Care Global LLP - Belagavi,420435_9,Oil,Oil servicing due,Sales Coordinator,Quotation Submitted,1-3N8VWTF,Hotel Keerthi,ZO_West (CS),213679880,4R1040TA,82.5,GAJANANBHOSALE,VIDYA DHABALI,Q420435092700644,2026-07-14 11:24:54,,,
1-14163125491,2026-07-09 16:18:55,eFSR,Service Engineer,Coolant Change,KALA Care Global LLP - Pune,420435,KALA Care Global LLP - Vijayapura,420435_14,Coolant Change,Coolant,Sales Coordinator,Does Not Qualify,1-69BJZMA,MRS WAHEEDA RISALDAR.,ZO_West (CS),213680205,3R1190ENA 4G1,35,SANGAPPA BANNATTIBANNATTI,Rani Barate,,,,,
1-14163126183,2026-07-09 16:05:32,eFSR,Service Engineer,Others/Remarks,KALA Care Global LLP - Pune,420435,KALA Care Global LLP - Latur,420435_6,Others/Remarks,Avr,Sales Coordinator,New,1-JQA3BU,Narayana Agro Oils Private Limited,ZO_West (CS),208516260,4R1040T,62.5,GaneshChapkanade,,,,,,
1-14163225811,2026-07-09 15:48:57,Manual,Sales Coordinator,Others/Remarks,KALA Care Global LLP - Pune,420435,KALA Care Global LLP - Belagavi,420435_9,Paid Services -PM,service parts required,Sales Coordinator,Quotation Submitted,1-5R70LNH,MKC INFRASTRUCTURE LIMITED,ZO_West (CS),,,,,VIDYA DHABALI,Q420435092700637,2026-07-30 15:20:43,,1-14229243681,2026-07-30 15:18:29
1-14163225811,2026-07-09 15:48:57,Manual,Sales Coordinator,Others/Remarks,KALA Care Global LLP - Pune,420435,KALA Care Global LLP - Belagavi,420435_9,Paid Services -PM,service parts required,Sales Coordinator,Quotation Submitted,1-5R70LNH,MKC INFRASTRUCTURE LIMITED,ZO_West (CS),,,,,VIDYA DHABALI,Q420435092700637,2026-07-30 15:20:43,,1-14229243706,2026-07-30 15:18:47
1-14163225811,2026-07-09 15:48:57,Manual,Sales Coordinator,Others/Remarks,KALA Care Global LLP - Pune,420435,KALA Care Global LLP - Belagavi,420435_9,Paid Services -PM,service parts required,Sales Coordinator,Quotation Submitted,1-5R70LNH,MKC INFRASTRUCTURE LIMITED,ZO_West (CS),,,,,VIDYA DHABALI,Q420435092700637,2026-07-30 15:20:43,,1-14229243811,2026-07-30 15:19:03
1-14163261776,2026-07-09 16:00:33,eFSR,Service Engineer,New DG,KALA Care Global LLP - Pune,420435,KALA Care Global LLP - Belagavi,420435_9,New DG,Canopy required,Sales Coordinator,New,1-5XKRW09,Rajshekhar Hanamant Kalal,ZO_West (CS),213680588,4R1040TA,82.5,RAJUTALWAR,,,,,,
1-14163261776,2026-07-09 16:00:33,eFSR,Service Engineer,New DG,KALA Care Global LLP - Pune,420435,KALA Care Global LLP - Belagavi,420435_9,Oil,Oil servsing due,Sales Coordinator,New,1-5XKRW09,Rajshekhar Hanamant Kalal,ZO_West (CS),213680588,4R1040TA,82.5,RAJUTALWAR,,,,,,
1-14163470224,2026-07-09 16:57:22,eFSR,Service Engineer,Coolant Change,KALA Care Global LLP - Pune,420435,KALA Care Global LLP - Ahmednagar,420435_2,Coolant Change,K cool,Sales Coordinator,Quotation Submitted,1-6B14SL7,Mr Yogesh Baban Shedke,ZO_West (CS),213562392,3R1190ENA 4G1,30,ALSIFSHAIKH,Rani Barate,Q420435022700800,2026-07-28 15:55:41,,,
1-14163557801,2026-07-09 16:45:41,Manual,Sales Coordinator,Oil,KALA Care Global LLP - Pune,420435,KALA Care Global LLP - Kalaburagi,420435_13,Oil,Oil Service.,Sales Coordinator,Quotation Submitted,1-5HYEKFV,M A  BIRADAR FUNCTION HALL,ZO_West (CS),,3R1190ENA 4G1,30,,Rani Barate,Q420435132700436,2026-07-09 16:50:34,,,
1-14163649249,2026-07-09 17:30:11,eFSR,Service Engineer,Overhauling,KALA Care Global LLP - Pune,420435,KALA Care Global LLP - Kalaburagi,420435_13,Overhauling,No,Service Coordinator,Does Not Qualify,1-39S0CQB,NICHINO INDIA PRIVATE LIMITED,ZO_West (CS),213610656,DV12 SR1,625,Shakeel AshrafChowdhari,Rani Barate,,,,,
1-14163782601,2026-07-09 17:14:16,Manual,Sales Coordinator,,KALA Care Global LLP - Pune,420435,KALA Care Global LLP - Hospet,420435_10,BD Spares,OIL FILTER,Sales Coordinator,Invoiced Generated,1-69P5WT6,VIGNESH INFRA PROJECTS,ZO_West (CS),,,,,B Sneha Ballari,Q420435102700660,2026-07-09 17:19:06,,1-14163799791,2026-07-09 17:19:41
1-14164079950,2026-07-09 18:25:05,eFSR,Service Engineer,Battery,KALA Care Global LLP - Pune,420435,KALA Care Global LLP - Hospet,420435_10,Battery,Need's to be replace,Sales Coordinator,New,1-47L9UUO,The Range Forest Office,ZO_West (CS),213664954,EA16 G1,10,Krishna kumarG,,,,,,
1-14164085891,2026-07-09 18:20:46,eFSR,Service Engineer,Others/Remarks,KALA Care Global LLP - Pune,420435,KALA Care Global LLP - Hubli,420435_8,Others/Remarks,Ok,Sales Coordinator,In Progress,1-4ISRKO5,District Surgeon District Hospital Dharwad,ZO_West (CS),213618029,DV8TA G1,320,KHURSHIDHAVARAGI,,,,,,
1-14164086411,2026-07-09 20:46:23,eFSR,Service Engineer,Others/Remarks,KALA Care Global LLP - Pune,420435,KALA Care Global LLP - Ballari,420435_11,Others/Remarks,DG,Sales Coordinator,Does Not Qualify,1-40XPOGK,Sudhir Enterprises,ZO_West (CS),213674558,4R1040TA G1,82.5,NAGARAJ PPATEGOWDAR,B Sneha Ballari,,,,,
1-14164086411,2026-07-09 20:46:23,eFSR,Service Engineer,Others/Remarks,KALA Care Global LLP - Pune,420435,KALA Care Global LLP - Ballari,420435_11,Paid Services -PM,DG,Sales Coordinator,Does Not Qualify,1-40XPOGK,Sudhir Enterprises,ZO_West (CS),213674558,4R1040TA G1,82.5,NAGARAJ PPATEGOWDAR,B Sneha Ballari,,,,,
1-14164086505,2026-07-09 21:34:18,eFSR,Service Engineer,Others/Remarks,KALA Care Global LLP - Pune,420435,KALA Care Global LLP - Hubli,420435_8,Others/Remarks,Nil,Sales Coordinator,Does Not Qualify,1-3FMBLYL,South Western Railway Mysore,ZO_West (CS),213682229,DV8,500,YALLAPAARER,NIKITA HIREMATH,,,,,
1-14164171275,2026-07-09 21:07:27,eFSR,Service Engineer,Others/Remarks,KALA Care Global LLP - Pune,420435,KALA Care Global LLP - Nanded,420435_4,Others/Remarks,AMC renewal quotatio,Sales Coordinator,Does Not Qualify,1-3JXGUZF,MRF Limited,ZO_West (CS),212442744,3R1040T G1,25,SAGARPARDESHI,Sareen Shaikh,,,,,
1-14164171275,2026-07-09 21:07:27,eFSR,Service Engineer,Others/Remarks,KALA Care Global LLP - Pune,420435,KALA Care Global LLP - Nanded,420435_4,Service AMC/Bandhan/Anubandhan,Renewal quotation,Sales Coordinator,Does Not Qualify,1-3JXGUZF,MRF Limited,ZO_West (CS),212442744,3R1040T G1,25,SAGARPARDESHI,Sareen Shaikh,,,,,
1-14165737061,2026-07-10 11:54:45,Manual,Sales Coordinator,BD Spares,KALA Care Global LLP - Pune,420435,KALA Care Global LLP - Kalaburagi,420435_13,BD Spares,out put voltages,Sales Coordinator,Converted,1-3KRCE7X,Ambizione Infrastructure Private Limited,ZO_West (CS),,6SL1500TA G3,250,,Rani Barate,Q420435132700437,2026-07-10 12:01:28,,213670226,2026-07-07 13:42:58
1-14165819989,2026-07-10 12:19:30,eFSR,Service Engineer,Others/Remarks,KALA Care Global LLP - Pune,420435,KALA Care Global LLP - Kalaburagi,420435_13,Others/Remarks,Oil service,Sales Coordinator,Quotation Submitted,1-4KEVP6L,Employees Provident Fund Organisation Regional Office Gulbarga,ZO_West (CS),209493172,4R1190,50,Haneef KhanKHAN,Rani Barate,Q420435132700496,2026-08-08 18:12:38,,,
1-14165869501,2026-07-10 12:28:44,Manual,Sales Coordinator,BD Spares,KALA Care Global LLP - Pune,420435,KALA Care Global LLP - Kalaburagi,420435_13,BD Spares,Eye Bolt,Sales Coordinator,Converted,1-4RFI6KL,Rohit Restaurant,ZO_West (CS),,HA294,15,,Rani Barate,Q420435132700438,2026-07-10 12:31:40,,213675446,2026-07-08 12:15:14
1-14165878601,2026-07-10 12:15:50,Manual,Sales Coordinator,Paid Services -PM,KALA Care Global LLP - Pune,420435,KALA Care Global LLP - Babhleshwar,420435_5,Paid Services -PM,paid servicing,Sales Coordinator,Quotation Submitted,1-46PXXFZ,The Laxmi Chemicals,ZO_West (CS),,3R1040T G1,25,,Rani Barate,Q420435052700141,2026-07-15 18:07:04,,,
1-14165897843,2026-07-10 12:30:25,eFSR,Service Engineer,Others/Remarks,KALA Care Global LLP - Pune,420435,KALA Care Global LLP - Hospet,420435_10,BD Spares,Radiator hose pipe,Sales Coordinator,Converted,1-DWE-115,A ONE STEELS INDIA  PVT LTD,ZO_West (CS),213681735,6SL8800TA,250,Parashuram GGouripurada,B Sneha Ballari,,,,213715959,2026-07-17 12:38:18
1-14165897843,2026-07-10 12:30:25,eFSR,Service Engineer,Others/Remarks,KALA Care Global LLP - Pune,420435,KALA Care Global LLP - Hospet,420435_10,Coolant Change,Coolant,Sales Coordinator,Converted,1-DWE-115,A ONE STEELS INDIA  PVT LTD,ZO_West (CS),213681735,6SL8800TA,250,Parashuram GGouripurada,B Sneha Ballari,,,,213715959,2026-07-17 12:38:18
1-14165897843,2026-07-10 12:30:25,eFSR,Service Engineer,Others/Remarks,KALA Care Global LLP - Pune,420435,KALA Care Global LLP - Hospet,420435_10,Others/Remarks,Radiator hose pipe a,Sales Coordinator,Converted,1-DWE-115,A ONE STEELS INDIA  PVT LTD,ZO_West (CS),213681735,6SL8800TA,250,Parashuram GGouripurada,B Sneha Ballari,,,,213715959,2026-07-17 12:38:18
1-14165897843,2026-07-10 12:30:25,eFSR,Service Engineer,Others/Remarks,KALA Care Global LLP - Pune,420435,KALA Care Global LLP - Hospet,420435_10,Paid Services -PM,Hose pipe,Sales Coordinator,Converted,1-DWE-115,A ONE STEELS INDIA  PVT LTD,ZO_West (CS),213681735,6SL8800TA,250,Parashuram GGouripurada,B Sneha Ballari,Q420435102700778,2026-07-17 12:37:15,,213715959,2026-07-17 12:38:18
1-14166076601,2026-07-10 12:45:07,Manual,Sales Coordinator,BD Spares,KALA Care Global LLP - Pune,420435,KALA Care Global LLP - Kalaburagi,420435_13,BD Spares,Starter Ring,Sales Coordinator,Converted,1-3VIEFFN,M/s A Siddeshwar Petroleum,ZO_West (CS),,HA294 G1,15,,Rani Barate,Q420435132700439,2026-07-10 12:48:13,,213679137,2026-07-09 10:11:12
1-14166209861,2026-07-10 13:17:37,Manual,Sales Coordinator,Others/Remarks,KALA Care Global LLP - Pune,420435,KALA Care Global LLP - Ahmednagar,420435_2,Others/Remarks,ENGINE OVERHAULL SPARES,Sales Coordinator,Invoiced Generated,1-4PD6W1B,PANDURANG NARAYAN KUMBHAR,ZO_West (CS),,,,,Rani Barate,Q420435022700720,2026-07-10 13:22:51,,1-14166261601,2026-07-10 13:24:10
1-14166233249,2026-07-10 13:56:40,eFSR,Service Engineer,Others/Remarks,KALA Care Global LLP - Pune,420435,KALA Care Global LLP - Nanded,420435_4,Others/Remarks,not required,Sales Coordinator,Does Not Qualify,1-42XQ81G,Sharda Construction And Pvt,ZO_West (CS),213351396,6SL90ETA 4G2,250,SAGARPARDESHI,Sareen Shaikh,,,,,
1-14166597506,2026-07-10 15:09:57,eFSR,Service Engineer,Others/Remarks,KALA Care Global LLP - Pune,420435,KALA Care Global LLP - Hubli,420435_8,Oil,Ok,Sales Coordinator,Nurturing,1-41X8Q6X,KLE Society,ZO_West (CS),211225751,4K1080TA,100,KRISHNADASABAL,NIKITA HIREMATH,,,,,
1-14166597506,2026-07-10 15:09:57,eFSR,Service Engineer,Others/Remarks,KALA Care Global LLP - Pune,420435,KALA Care Global LLP - Hubli,420435_8,Others/Remarks,Ok,Sales Coordinator,Nurturing,1-41X8Q6X,KLE Society,ZO_West (CS),211225751,4K1080TA,100,KRISHNADASABAL,NIKITA HIREMATH,,,,,
1-14166640791,2026-07-10 14:31:50,Manual,Sales Coordinator,Oil,KALA Care Global LLP - Pune,420435,KALA Care Global LLP - Kalaburagi,420435_13,Oil,Oil and filter req,Sales Coordinator,Converted,1-2GAM2E5,SANGEETA AUTOMOBILES,ZO_West (CS),,,,,Rani Barate,Q420435132700440,2026-07-10 14:35:25,,1-14166662611,2026-07-10 14:36:38
1-14166838328,2026-07-10 15:49:25,eFSR,Service Engineer,Oil,KALA Care Global LLP - Pune,420435,KALA Care Global LLP - Hubli,420435_8,Oil,Customer to suggest,Sales Coordinator,Quotation Submitted,1-5VX-2094,Hubli Shamiyana Suppliers,ZO_West (CS),211532753,6R1080TA G1,125.6,IRFNMULLA,NIKITA HIREMATH,Q420435082700416,2026-08-22 13:53:32,,,
1-14167164731,2026-07-10 15:55:56,Manual,Sales Coordinator,BD Spares,KALA Care Global LLP - Pune,420435,KALA Care Global LLP - Hospet,420435_10,BD Spares,Oil filter,Sales Coordinator,Invoiced Generated,1-33Z2H4I,Sandur Hatcheries Pvt Ltd,ZO_West (CS),,,,,B Sneha Ballari,Q420435102700668,2026-07-10 16:03:14,,1-14167217721,2026-07-10 16:04:05
1-14167184641,2026-07-10 15:55:51,Manual,Sales Coordinator,Oil,KALA Care Global LLP - Pune,420435,KALA Care Global LLP - Kalaburagi,420435_13,Oil,Oil Service.,Sales Coordinator,Quotation Submitted,1-66SCY2X,S K SOLUTIONS,ZO_West (CS),,4R810,,,Rani Barate,Q420435132700441,2026-07-10 15:59:07,,212872894,2026-07-10 11:32:35
1-14167255178,2026-07-10 17:13:16,eFSR,Service Engineer,Others/Remarks,KALA Care Global LLP - Pune,420435,KALA Care Global LLP - Babhleshwar,420435_5,Others/Remarks,Ok,Sales Coordinator,New,1-3HJNDMT,Chandukaka Saraf and Sons Private Limited,ZO_West (CS),213683616,4R810TA G1,62.5,SANDIPGAGARE,,,,,,
1-14167279781,2026-07-10 16:15:46,Manual,Sales Coordinator,BD Spares,KALA Care Global LLP - Pune,420435,KALA Care Global LLP - Hospet,420435_10,BD Spares,oil filter,Sales Coordinator,Invoiced Generated,1-36PJSKI,K B Satish Lokappanaval,ZO_West (CS),,,,,B Sneha Ballari,Q420435102700669,2026-07-10 16:19:34,,1-14167296101,2026-07-10 16:20:09
1-14167288601,2026-07-10 16:15:51,Manual,Sales Coordinator,BD Spares,KALA Care Global LLP - Pune,420435,KALA Care Global LLP - Belagavi,420435_9,Others/Remarks,ECU REQUIRED,Sales Coordinator,Converted,1-4ODPRZI,SHRI BASAV GOPAL PEVARS,ZO_West (CS),,4R1190,,,VIDYA DHABALI,Q420435092700639,2026-07-10 16:19:34,,213683602,2026-07-10 10:45:46
1-14167301862,2026-07-10 16:34:32,eFSR,Service Engineer,Others/Remarks,KALA Care Global LLP - Pune,420435,KALA Care Global LLP - Hubli,420435_8,Others/Remarks,Nil,Sales Coordinator,Does Not Qualify,1-4NFTOL4,L J Iyengar Bakery,ZO_West (CS),213681475,3R550NA G1,15,YALLAPAARER,NIKITA HIREMATH,,,,,
1-14167703222,2026-07-10 18:11:36,eFSR,Service Engineer,BD Spares,KALA Care Global LLP - Pune,420435,KALA Care Global LLP - Aurangabad,420435_1,BD Spares,Hand priming assembl,Service Coordinator,Does Not Qualify,1-54ZDLVR,AMOL DILIP ADHAV.,ZO_West (CS),213680161,Engines,,KAMLAKARMORE,Rani Barate,,,,,
1-14167862601,2026-07-10 17:44:56,Manual,Sales Coordinator,Paid Services -PM,KALA Care Global LLP - Pune,420435,KALA Care Global LLP - Ahmednagar,420435_2,Paid Services -PM,PAID SERVICING,Sales Coordinator,Quotation Submitted,1-4A8ERJW,Mehetre Generators,ZO_West (CS),,3R1040T G1,35,,Rani Barate,Q420435022700722,2026-08-04 14:36:16,,,
1-14168050881,2026-07-10 18:46:47,Manual,Sales Coordinator,BD Spares,KALA Care Global LLP - Pune,420435,KALA Care Global LLP - Kalaburagi,420435_13,BD Spares,BD SPARES,Sales Coordinator,Converted,1-3WXUFXN,B V R CONSTRUCTION SERVICES,ZO_West (CS),,,,,Rani Barate,Q420435132700442,2026-07-11 10:27:29,,1-14169003681,2026-07-11 10:28:15
1-14168818851,2026-07-11 09:38:03,Manual,Sales Coordinator,BD Spares,KALA Care Global LLP - Pune,420435,KALA Care Global LLP - Hospet,420435_10,BD Spares,Oil filter,Sales Coordinator,Invoiced Generated,1-5W0-2379,Sandur Hatcheries Pvt Ltd,ZO_West (CS),,,,,B Sneha Ballari,Q420435102700671,2026-07-11 09:43:25,,1-14168831841,2026-07-11 09:44:03
1-14168956791,2026-07-11 10:23:36,Manual,Sales Coordinator,Allied Oil,KALA Care Global LLP - Pune,420435,KALA Care Global LLP - Kalaburagi,420435_13,Allied Oil,ALLIED OIL,Sales Coordinator,Converted,1-6D9ZD7E,MIRAJ ENTERTAINMENT LTD,ZO_West (CS),,,,,Rani Barate,Q420435132700443,2026-07-11 10:48:35,,1-14169119908,2026-07-11 10:56:46
1-14168973971,2026-07-11 10:32:41,Manual,Sales Coordinator,Allied Oil,KALA Care Global LLP - Pune,420435,KALA Care Global LLP - Ahmednagar,420435_2,Allied Oil,hydrolick oil 68 no,Sales Coordinator,Invoiced Generated,1-6IBVBT9,BARATILAL NISHAD,ZO_West (CS),,,,,Rani Barate,Q420435022700723,2026-07-11 10:39:23,,1-14169105621,2026-07-11 10:48:22
1-14169027681,2026-07-11 10:32:05,Manual,Sales Coordinator,BD Spares,KALA Care Global LLP - Pune,420435,KALA Care Global LLP - Hospet,420435_10,Oil,oil filter,Sales Coordinator,Invoiced Generated,1-5XI2NWO,RANJITH ROADLINES,ZO_West (CS),,,,,B Sneha Ballari,Q420435102700673,2026-07-11 10:38:49,,1-14169031231,2026-07-11 10:40:11
1-14169322031,2026-07-11 11:46:59,Manual,Sales Coordinator,Others/Remarks,KALA Care Global LLP - Pune,420435,KALA Care Global LLP - Belagavi,420435_9,Others/Remarks,PARTS REQUIRED,Sales Coordinator,Invoiced Generated,1-3N3AI1O,GURU RAGHAVENDRA TRADERS,ZO_West (CS),,,,,VIDYA DHABALI,Q420435092700646,2026-07-11 11:51:35,,1-14169341201,2026-07-11 11:52:33
1-14169596681,2026-07-11 12:25:51,Manual,Sales Coordinator,BD Spares,KALA Care Global LLP - Pune,420435,KALA Care Global LLP - Kalaburagi,420435_13,BD Spares,Engine not starting,Sales Coordinator,Converted,1-1JV-3566,Assistant Commissioner and Administrative Officer  Shree Revansiddeshwar Temple Revgi,ZO_West (CS),,3R1040,30,,Rani Barate,Q420435132700444,2026-07-11 12:30:48,,213689386,2026-07-11 11:50:03
1-14169668881,2026-07-11 12:44:12,Manual,Sales Coordinator,Paid Services -PM,KALA Care Global LLP - Pune,420435,KALA Care Global LLP - Hubli,420435_8,Paid Services -PM,REQUIRED OIL SERVICE,Sales Coordinator,Converted,1-5YB21AE,A V N SAIGAL PLASTIC INDUSTRIES,ZO_West (CS),,4R1040TA G1,82.5,,NIKITA HIREMATH,Q420435082700397,2026-07-11 13:05:45,2026-07-13 11:51:37,212394658,2026-07-11 13:24:05
1-14169780188,2026-07-11 13:23:48,eFSR,Service Engineer,Oil,KALA Care Global LLP - Pune,420435,KALA Care Global LLP - Kalaburagi,420435_13,Battery,Yes,Sales Coordinator,Does Not Qualify,1-3MZIR0T,Bajaj Earths Private Limited,ZO_West (CS),213689395,DV10TAG1,500,Shakeel AshrafChowdhari,Rani Barate,,,,,
1-14169780188,2026-07-11 13:23:48,eFSR,Service Engineer,Oil,KALA Care Global LLP - Pune,420435,KALA Care Global LLP - Kalaburagi,420435_13,Coolant Change,Ok,Sales Coordinator,Does Not Qualify,1-3MZIR0T,Bajaj Earths Private Limited,ZO_West (CS),213689395,DV10TAG1,500,Shakeel AshrafChowdhari,Rani Barate,,,,,
1-14169780188,2026-07-11 13:23:48,eFSR,Service Engineer,Oil,KALA Care Global LLP - Pune,420435,KALA Care Global LLP - Kalaburagi,420435_13,Oil,Ok,Sales Coordinator,Does Not Qualify,1-3MZIR0T,Bajaj Earths Private Limited,ZO_West (CS),213689395,DV10TAG1,500,Shakeel AshrafChowdhari,Rani Barate,,,,,
1-14169834441,2026-07-11 13:11:36,Manual,Sales Coordinator,Paid Services -PM,KALA Care Global LLP - Pune,420435,KALA Care Global LLP - Hospet,420435_10,Paid Services -PM,Oil service quot,Sales Coordinator,Converted,1-4V3D2ID,GHANAVI ENTERPRISES,ZO_West (CS),,Engines,,,B Sneha Ballari,Q420435102700676,2026-07-11 13:19:10,,213114873,2026-07-07 13:30:53
1-14170266042,2026-07-11 14:51:42,eFSR,Service Engineer,Paid Services -PM,KALA Care Global LLP - Pune,420435,KALA Care Global LLP - Beed,420435_3,Paid Services -PM,Required,Service Coordinator,New,1-498GEXN,VINAYAK CONSTRUCTION CO,ZO_West (CS),213689747,6R1080TA G1,125.6,UMESHKALE,,,,,,
1-14170443263,2026-07-11 15:39:36,eFSR,Service Engineer,Paid Services -PM,KALA Care Global LLP - Pune,420435,KALA Care Global LLP - Ahmednagar,420435_2,Paid Services -PM,Servicing,Service Coordinator,Quotation Submitted,1-3G1F65L,Malganga Milk And Agro Products Private Limited,ZO_West (CS),213688956,10K18TA,500,NavnathPatare,Rani Barate,Q420435022700771,2026-07-23 10:41:08,,,
1-14170443512,2026-07-11 15:52:48,eFSR,Service Engineer,BD Spares,KALA Care Global LLP - Pune,420435,KALA Care Global LLP - Ahmednagar,420435_2,BD Spares,Fuel pipe,Service Coordinator,Quotation Submitted,1-3G1F65L,Malganga Milk And Agro Products Private Limited,ZO_West (CS),213689015,DV10,500,NavnathPatare,Rani Barate,Q420435022700773,2026-07-24 13:27:42,,,
1-14170443512,2026-07-11 15:52:48,eFSR,Service Engineer,BD Spares,KALA Care Global LLP - Pune,420435,KALA Care Global LLP - Ahmednagar,420435_2,Paid Services -PM,Servicing,Service Coordinator,Quotation Submitted,1-3G1F65L,Malganga Milk And Agro Products Private Limited,ZO_West (CS),213689015,DV10,500,NavnathPatare,Rani Barate,Q420435022700773,2026-07-24 13:27:42,,,
1-14170454416,2026-07-11 15:54:51,eFSR,Service Engineer,BD Spares,KALA Care Global LLP - Pune,420435,KALA Care Global LLP - Ahmednagar,420435_2,BD Spares,"Engine oil ,fuel fil",Service Coordinator,Quotation Submitted,1-3G1F65L,Malganga Milk And Agro Products Private Limited,ZO_West (CS),213688948,DV10TA G1,500,NavnathPatare,Rani Barate,Q420435022700755,2026-07-21 15:00:22,,,
1-14170454416,2026-07-11 15:54:51,eFSR,Service Engineer,BD Spares,KALA Care Global LLP - Pune,420435,KALA Care Global LLP - Ahmednagar,420435_2,Paid Services -PM,Servicing,Service Coordinator,Quotation Submitted,1-3G1F65L,Malganga Milk And Agro Products Private Limited,ZO_West (CS),213688948,DV10TA G1,500,NavnathPatare,Rani Barate,Q420435022700755,2026-07-21 15:00:22,,,
1-14170454443,2026-07-11 15:50:56,eFSR,Service Engineer,Paid Services -PM,KALA Care Global LLP - Pune,420435,KALA Care Global LLP - Ahmednagar,420435_2,Paid Services -PM,Servicing,Service Coordinator,Quotation Submitted,1-3G1F65L,Malganga Milk And Agro Products Private Limited,ZO_West (CS),213688939,DV10TAG1,500,NavnathPatare,Rani Barate,Q420435022700757,2026-07-24 12:38:46,,,
1-14170669631,2026-07-11 15:59:00,Manual,Sales Coordinator,BD Spares,KALA Care Global LLP - Pune,420435,KALA Care Global LLP - Hospet,420435_10,BD Spares,OIL FILTER,Sales Coordinator,Invoiced Generated,1-6ICKUTM,H V AUTOMOTIVES,ZO_West (CS),,,,,B Sneha Ballari,Q420435102700678,2026-07-11 16:02:05,,1-14170667621,2026-07-11 16:02:26
1-14170852501,2026-07-11 16:54:40,Manual,Sales Coordinator,Oil,KALA Care Global LLP - Pune,420435,KALA Care Global LLP - Hospet,420435_10,Oil,OIL,Sales Coordinator,Invoiced Generated,1-4UYEV6K,MECO CONSTRUCTION & INFRATECH PRIVATE LIMITED.,ZO_West (CS),,,,,B Sneha Ballari,Q420435102700680,2026-07-11 16:59:45,,1-14170996611,2026-07-11 17:01:48
1-14170896763,2026-07-11 17:00:17,eFSR,Service Engineer,Others/Remarks,KALA Care Global LLP - Pune,420435,KALA Care Global LLP - Aurangabad,420435_1,BD Spares,Convetion cit,Sales Coordinator,Does Not Qualify,1-3D9KOPH,Jalna Vaidaykiya Seva Prathishatan Jankalyan Blood Bank Jalna,ZO_West (CS),213531941,4R1040,40,KANHAIYADUBE,Rani Barate,,,,,
1-14170896763,2026-07-11 17:00:17,eFSR,Service Engineer,Others/Remarks,KALA Care Global LLP - Pune,420435,KALA Care Global LLP - Aurangabad,420435_1,Others/Remarks,DG contrllar,Sales Coordinator,Does Not Qualify,1-3D9KOPH,Jalna Vaidaykiya Seva Prathishatan Jankalyan Blood Bank Jalna,ZO_West (CS),213531941,4R1040,40,KANHAIYADUBE,Rani Barate,,,,,
1-14170896923,2026-07-11 17:05:01,eFSR,Service Engineer,Oil,KALA Care Global LLP - Pune,420435,KALA Care Global LLP - Hospet,420435_10,Oil,Oil service parts,Sales Coordinator,Converted,1-24SCNRO,Kammavari Shikshana Samsthe,ZO_West (CS),213689305,3R1040T G1,25,MOHAMMED JAFERKALUR,B Sneha Ballari,Q420435102700744,2026-07-16 14:31:57,,212444394,2026-07-11 14:29:34
1-14171396139,2026-07-11 19:05:49,eFSR,Service Engineer,Oil,KALA Care Global LLP - Pune,420435,KALA Care Global LLP - Ballari,420435_11,Oil,Oil,Sales Coordinator,Does Not Qualify,1-601YX92,Sri Ragavendra Nilaya,ZO_West (CS),213623544,3R550TC 4G1 CPCB4+,15,NAGARAJ PPATEGOWDAR,B Sneha Ballari,,,,,
1-14172316571,2026-07-12 19:31:22,eFSR,Service Engineer,Others/Remarks,KALA Care Global LLP - Pune,420435,KALA Care Global LLP - Aurangabad,420435_1,BD Spares,Air filter,Sales Coordinator,Does Not Qualify,1-3N2OJV8,SANJEEV AUTO  PARTS MANUFACTURERS PRIVATE LIMITED,ZO_West (CS),209161637,DV12ETA G11,750,DATTAKAMBLE,Rani Barate,,,,,
1-14172316571,2026-07-12 19:31:22,eFSR,Service Engineer,Others/Remarks,KALA Care Global LLP - Pune,420435,KALA Care Global LLP - Aurangabad,420435_1,Others/Remarks,Air filter,Sales Coordinator,Does Not Qualify,1-3N2OJV8,SANJEEV AUTO  PARTS MANUFACTURERS PRIVATE LIMITED,ZO_West (CS),209161637,DV12ETA G11,750,DATTAKAMBLE,Rani Barate,,,,,
1-14172341390,2026-07-12 16:47:38,eFSR,Service Engineer,BD Spares,KALA Care Global LLP - Pune,420435,KALA Care Global LLP - Aurangabad,420435_1,BD Spares,Centrifugal assembly,Service Coordinator,Does Not Qualify,1-3N2OJV8,SANJEEV AUTO  PARTS MANUFACTURERS PRIVATE LIMITED,ZO_West (CS),208442511,DV12ETA G11,750,KAMLAKARMORE,Rani Barate,,,,,
1-14172469958,2026-07-13 07:58:39,eFSR,Service Engineer,BD Spares,KALA Care Global LLP - Pune,420435,KALA Care Global LLP - Hospet,420435_10,BD Spares,Required,Service Coordinator,Invoiced Generated,1-2TJMKL2,P.Jayaramappa,ZO_West (CS),213691253,4R810T,,Parashuram GGouripurada,B Sneha Ballari,Q420435102700702,2026-07-15 16:42:05,,1-14183367836,2026-07-15 16:45:55
1-14173468841,2026-07-13 11:17:40,Manual,Sales Coordinator,Others/Remarks,KALA Care Global LLP - Pune,420435,KALA Care Global LLP - Belagavi,420435_9,Others/Remarks,PARTS REQUIRED,Sales Coordinator,Invoiced Generated,1-3N3AI1O,GURU RAGHAVENDRA TRADERS,ZO_West (CS),,,,,VIDYA DHABALI,Q420435092700652,2026-07-13 11:37:56,,1-14173497318,2026-07-13 11:38:04
1-14173475321,2026-07-13 11:24:58,Manual,Sales Coordinator,Paid Services -PM,KALA Care Global LLP - Pune,420435,KALA Care Global LLP - Aurangabad,420435_1,Paid Services -PM,PM REQUIRED,Sales Coordinator,Converted,1-3HVU21H,ACCURATE POWERTECH INDIA PVT LTD.,ZO_West (CS),,3R1190ENA 4G1,30,,Rani Barate,Q420435012700625,2026-07-13 11:43:19,,213439009,2026-07-14 11:18:39
1-14173646601,2026-07-13 11:46:01,Manual,Sales Coordinator,Allied Oil,KALA Care Global LLP - Pune,420435,KALA Care Global LLP - Kalaburagi,420435_13,Allied Oil,allied oil,Sales Coordinator,Converted,1-48GH5JC,VITHAL YADAV,ZO_West (CS),,Engines,,,Rani Barate,Q420435132700445,2026-07-13 11:53:22,,1-14177958623,2026-07-14 12:48:51
1-14173945661,2026-07-13 12:10:16,Manual,Sales Coordinator,Oil,KALA Care Global LLP - Pune,420435,KALA Care Global LLP - Kalaburagi,420435_13,Oil,oil,Sales Coordinator,Quotation Submitted,1-4UREFOW,BHEEMARAYA TRADERS,ZO_West (CS),,HA694,,,Rani Barate,Q420435132700446,2026-07-13 12:55:01,,,
1-14174098149,2026-07-13 12:47:19,eFSR,Service Engineer,Others/Remarks,KALA Care Global LLP - Pune,420435,KALA Care Global LLP - Aurangabad,420435_1,Others/Remarks,Ok,Sales Coordinator,Does Not Qualify,1-65CNS7H,Bioaltus laboratories private ltd.,ZO_West (CS),212801942,3R1040,,AyanShaikh,Rani Barate,,,,,
1-14174169601,2026-07-13 12:47:25,Manual,Sales Coordinator,Oil,KALA Care Global LLP - Pune,420435,KALA Care Global LLP - Belagavi,420435_9,Oil,OIL REQUIRED,Sales Coordinator,Invoiced Generated,1-2XA0XP0,Imran Arab,ZO_West (CS),,,,,VIDYA DHABALI,Q420435092700653,2026-07-13 12:53:10,,1-14175264641,2026-07-13 16:08:12
1-14174170594,2026-07-13 13:03:12,Manual,Sales Coordinator,Oil,KALA Care Global LLP - Pune,420435,KALA Care Global LLP - Belagavi,420435_9,Oil,OIL REQUIRED,Sales Coordinator,Invoiced Generated,1-5A9HGQ4,PHOENIX FIRE SYSTEMS,ZO_West (CS),,,,,VIDYA DHABALI,Q420435092700654,2026-07-13 13:06:36,,1-14174249931,2026-07-13 13:08:41
1-14174211231,2026-07-13 13:07:40,Manual,Sales Coordinator,Oil,KALA Care Global LLP - Pune,420435,KALA Care Global LLP - Kalaburagi,420435_13,Oil,OIL SERVICE,Sales Coordinator,Converted,1-6IDYRHS,BASAVARAJ V SAJJANSHETTY&CO,ZO_West (CS),,,,,Rani Barate,Q420435132700447,2026-07-13 13:14:51,,1-14174213411,2026-07-13 13:17:09
1-14174431621,2026-07-13 13:58:00,Manual,Sales Coordinator,Battery,KALA Care Global LLP - Pune,420435,KALA Care Global LLP - Nanded,420435_4,Battery,battery,Sales Coordinator,Order/SR Generated,1-3YL9BMY,District Hospital Hingoli,ZO_West (CS),,4K1080TA G2,125.4,,Jyoti Mangesh,Q420435042700416,2026-07-13 14:31:40,,1-14174552891,2026-07-13 14:32:07
1-14174869321,2026-07-13 15:36:35,Manual,Sales Coordinator,,KALA Care Global LLP - Pune,420435,KALA Care Global LLP - Kalaburagi,420435_13,Battery,BATTERY,Sales Coordinator,Converted,1-3SVSPN1,DHO Yadgir,ZO_West (CS),,4R810TA G1,62.5,,Rani Barate,Q420435132700451,2026-07-14 14:34:27,,213506538,2026-07-27 11:22:27
1-14174973794,2026-07-13 15:27:50,eFSR,Service Engineer,Battery,KALA Care Global LLP - Pune,420435,KALA Care Global LLP - Ahmednagar,420435_2,Battery,Kirloskar 88ah,Sales Coordinator,Does Not Qualify,1-3MREC3,HDFC Bank Limited,ZO_West (CS),213689210,4R810TA G1,62.5,ALSIFSHAIKH,Rani Barate,,,,,
1-14175237361,2026-07-13 16:56:00,eFSR,Service Engineer,Battery,KALA Care Global LLP - Pune,420435,KALA Care Global LLP - Belagavi,420435_9,Battery,65 ah,Sales Coordinator,Quotation Submitted,1-14FLB6L,M/S DAMODAR PETROLEUMS,ZO_West (CS),213695218,HA294 G1,15,GAJANANBHOSALE,VIDYA DHABALI,Q420435092700724,2026-07-25 12:05:05,,,
1-14175626641,2026-07-13 17:48:19,Manual,Sales Coordinator,Oil,KALA Care Global LLP - Pune,420435,KALA Care Global LLP - Belagavi,420435_9,Oil,PART REQUIRED,Sales Coordinator,Invoiced Generated,1-3N3AI1O,GURU RAGHAVENDRA TRADERS,ZO_West (CS),,,,,VIDYA DHABALI,Q420435092700656,2026-07-13 17:51:23,,1-14175632661,2026-07-13 17:53:58
1-14176434642,2026-07-13 20:53:39,eFSR,Service Engineer,Others/Remarks,KALA Care Global LLP - Pune,420435,KALA Care Global LLP - Ahmednagar,420435_2,Battery,Kirloskar 88Ah batte,Sales Coordinator,Does Not Qualify,1-3MREC3,HDFC Bank Limited,ZO_West (CS),213683347,4R810TA G1,62.5,ALSIFSHAIKH,Rani Barate,,,,,
1-14176434642,2026-07-13 20:53:39,eFSR,Service Engineer,Others/Remarks,KALA Care Global LLP - Pune,420435,KALA Care Global LLP - Ahmednagar,420435_2,Others/Remarks,Batery and service,Sales Coordinator,Does Not Qualify,1-3MREC3,HDFC Bank Limited,ZO_West (CS),213683347,4R810TA G1,62.5,ALSIFSHAIKH,Rani Barate,,,,,
1-14176456679,2026-07-13 23:13:42,eFSR,Service Engineer,BD Spares,KALA Care Global LLP - Pune,420435,KALA Care Global LLP - Hospet,420435_10,BD Spares,Fuel pipes and Stop,Service Coordinator,New,1-4MW46B,IDBI BANK LTD.,ZO_West (CS),213685300,3R1040,30,MOHAMMED JAFERKALUR,,,,,,
1-14177082751,2026-07-14 10:14:16,eFSR,Service Engineer,Others/Remarks,KALA Care Global LLP - Pune,420435,KALA Care Global LLP - Ballari,420435_11,Others/Remarks,Dg,Sales Coordinator,Does Not Qualify,1-5OP5WMU,Prabhavati Desai,ZO_West (CS),211380903,3R550NA 4G1,10,NAGARAJ PPATEGOWDAR,B Sneha Ballari,,,,,
1-14177466731,2026-07-14 11:05:25,Manual,Sales Coordinator,Oil,KALA Care Global LLP - Pune,420435,KALA Care Global LLP - Kalaburagi,420435_13,Oil,OIL SERVICING,Sales Coordinator,Converted,1-2E6A0C7,"A.K. ENGINEERS, GULBARGA",ZO_West (CS),,,,,Rani Barate,Q420435132700449,2026-07-14 11:09:23,,1-14177510621,2026-07-14 11:10:27
1-14178152321,2026-07-14 13:57:21,Manual,Sales Coordinator,Paid Services -PM,KALA Care Global LLP - Pune,420435,KALA Care Global LLP - Aurangabad,420435_1,Paid Services -PM,BARREL REQUIRED,Sales Coordinator,Converted,1-2SGW19N,ROHAN BUILDERS INDIA PVT LTD,ZO_West (CS),,HA694,,,Rani Barate,Q420435012700631,2026-07-14 14:03:13,2026-07-14 14:03:56,213418716,2026-07-14 14:05:37
1-14178377294,2026-07-14 14:58:45,eFSR,Service Engineer,Oil,KALA Care Global LLP - Pune,420435,KALA Care Global LLP - Kalaburagi,420435_13,Battery,Yes,Sales Coordinator,Does Not Qualify,1-3UDG836,VI-TECH TRADERS,ZO_West (CS),213700417,3R1040,,Shakeel AshrafChowdhari,Rani Barate,,,,,
1-14178377294,2026-07-14 14:58:45,eFSR,Service Engineer,Oil,KALA Care Global LLP - Pune,420435,KALA Care Global LLP - Kalaburagi,420435_13,Coolant Change,Yes,Sales Coordinator,Does Not Qualify,1-3UDG836,VI-TECH TRADERS,ZO_West (CS),213700417,3R1040,,Shakeel AshrafChowdhari,Rani Barate,,,,,
1-14178377294,2026-07-14 14:58:45,eFSR,Service Engineer,Oil,KALA Care Global LLP - Pune,420435,KALA Care Global LLP - Kalaburagi,420435_13,Oil,Yes,Sales Coordinator,Does Not Qualify,1-3UDG836,VI-TECH TRADERS,ZO_West (CS),213700417,3R1040,,Shakeel AshrafChowdhari,Rani Barate,,,,,
1-14178489813,2026-07-14 15:12:12,eFSR,Service Engineer,Oil,KALA Care Global LLP - Pune,420435,KALA Care Global LLP - Ballari,420435_11,Coolant Change,DG,Sales Coordinator,Converted,1-47HBIQX,APPLE INDUSTRIES LIMITED,ZO_West (CS),213699235,12K22TA,600,NAGARAJ PPATEGOWDAR,B Sneha Ballari,Q420435112700164,2026-07-17 16:47:44,,209620975,2026-07-14 16:39:25
1-14178489813,2026-07-14 15:12:12,eFSR,Service Engineer,Oil,KALA Care Global LLP - Pune,420435,KALA Care Global LLP - Ballari,420435_11,Oil,Engine,Sales Coordinator,Converted,1-47HBIQX,APPLE INDUSTRIES LIMITED,ZO_West (CS),213699235,12K22TA,600,NAGARAJ PPATEGOWDAR,B Sneha Ballari,Q420435112700164,2026-07-17 16:47:44,,209620975,2026-07-14 16:39:25
1-14178489813,2026-07-14 15:12:12,eFSR,Service Engineer,Oil,KALA Care Global LLP - Pune,420435,KALA Care Global LLP - Ballari,420435_11,Paid Services -PM,DG,Sales Coordinator,Converted,1-47HBIQX,APPLE INDUSTRIES LIMITED,ZO_West (CS),213699235,12K22TA,600,NAGARAJ PPATEGOWDAR,B Sneha Ballari,Q420435112700164,2026-07-17 16:47:44,,209620975,2026-07-14 16:39:25
1-14178688991,2026-07-14 15:40:50,eFSR,Service Engineer,BD Spares,KALA Care Global LLP - Pune,420435,KALA Care Global LLP - Belagavi,420435_9,BD Spares,Solenoid,Service Coordinator,Does Not Qualify,1-447HYRX,Shrisagar Hotel,ZO_West (CS),213698643,HA494T,45,SANTOSHKUNIKAR,VIDYA DHABALI,,,,,
1-14178812701,2026-07-14 15:56:00,Manual,Sales Coordinator,BD Spares,KALA Care Global LLP - Pune,420435,KALA Care Global LLP - Hospet,420435_10,Paid Services -PM,Need oil sirvice parts,Sales Coordinator,Converted,1-6COYGA6,SANATH NIRMAN PRIVATE LIMITED,ZO_West (CS),,4R810,,,B Sneha Ballari,Q420435102700708,2026-07-15 17:08:07,,213659790,2026-07-04 10:35:40
1-14179213018,2026-07-14 17:10:08,eFSR,Service Engineer,Others/Remarks,KALA Care Global LLP - Pune,420435,KALA Care Global LLP - Kalaburagi,420435_13,Battery,Ok,Sales Coordinator,Does Not Qualify,1-3UDG836,VI-TECH TRADERS,ZO_West (CS),213700402,3R1040,,Shakeel AshrafChowdhari,Rani Barate,,,,,
1-14179213018,2026-07-14 17:10:08,eFSR,Service Engineer,Others/Remarks,KALA Care Global LLP - Pune,420435,KALA Care Global LLP - Kalaburagi,420435_13,Coolant Change,Ok,Sales Coordinator,Does Not Qualify,1-3UDG836,VI-TECH TRADERS,ZO_West (CS),213700402,3R1040,,Shakeel AshrafChowdhari,Rani Barate,,,,,
1-14179213018,2026-07-14 17:10:08,eFSR,Service Engineer,Others/Remarks,KALA Care Global LLP - Pune,420435,KALA Care Global LLP - Kalaburagi,420435_13,Oil,Ok,Sales Coordinator,Does Not Qualify,1-3UDG836,VI-TECH TRADERS,ZO_West (CS),213700402,3R1040,,Shakeel AshrafChowdhari,Rani Barate,,,,,
1-14179213018,2026-07-14 17:10:08,eFSR,Service Engineer,Others/Remarks,KALA Care Global LLP - Pune,420435,KALA Care Global LLP - Kalaburagi,420435_13,Others/Remarks,No,Sales Coordinator,Does Not Qualify,1-3UDG836,VI-TECH TRADERS,ZO_West (CS),213700402,3R1040,,Shakeel AshrafChowdhari,Rani Barate,,,,,
1-14179571849,2026-07-14 17:53:06,eFSR,Service Engineer,Service AMC/Bandhan/Anubandhan,KALA Care Global LLP - Pune,420435,KALA Care Global LLP - Belagavi,420435_9,Service AMC/Bandhan/Anubandhan,Bandhan required,Sales Coordinator,Does Not Qualify,1-5HYMM88,Dr. Dilip R. Pathade.,ZO_West (CS),213701156,3R550TA 4G1,20,RAJUTALWAR,VIDYA DHABALI,,,,,
1-14179572104,2026-07-14 18:04:04,eFSR,Service Engineer,Oil,KALA Care Global LLP - Pune,420435,KALA Care Global LLP - Nanded,420435_4,Oil,Yes,Sales Coordinator,Awaiting Approval,1-64JIX5C,V M Jawale Constructions,ZO_West (CS),212693366,HA494,,DineshKalidas,Jyoti Mangesh,Q420435042700440,2026-07-20 10:14:01,,,
1-14179642348,2026-07-14 18:40:49,eFSR,Service Engineer,Others/Remarks,KALA Care Global LLP - Pune,420435,KALA Care Global LLP - Belagavi,420435_9,Others/Remarks,Vbelt,Sales Coordinator,In Progress,1-4TXT47E,Malaprabha Fertilizers Private Limited,ZO_West (CS),213124317,3R1040TA G1,45,PRASHANTPATIL,,,,,,
1-14179999061,2026-07-14 18:49:50,Manual,Sales Coordinator,BD Spares,KALA Care Global LLP - Pune,420435,KALA Care Global LLP - Kalaburagi,420435_13,BD Spares,AVR,Sales Coordinator,Converted,1-4218I99,"Fiinance Officer, Faculty of Pharmacutical Sceinces,",ZO_West (CS),,HA494,30,,Rani Barate,Q420435132700453,2026-07-14 18:53:14,,213738568,2026-07-23 13:02:26
1-14179999225,2026-07-14 18:53:25,Manual,Sales Coordinator,BD Spares,KALA Care Global LLP - Pune,420435,KALA Care Global LLP - Kalaburagi,420435_13,BD Spares,AVR,Sales Coordinator,Quotation Submitted,1-1KA-1514,SHRI S.S SIDDHARAMESHWARA ANUBHAVA ANMSK JIDAGA,ZO_West (CS),,4R1040TA,82.5,,Rani Barate,Q420435132700454,2026-07-14 18:55:48,,,
1-14180146943,2026-07-14 21:57:46,eFSR,Service Engineer,Overhauling,KALA Care Global LLP - Pune,420435,KALA Care Global LLP - Hospet,420435_10,Overhauling,Engine parts,Service Coordinator,Converted,1-61ZWUH6,RMK  infrastructure,ZO_West (CS),213700601,4R810,,MOHAMMED JAFERKALUR,B Sneha Ballari,Q420435102700848,2026-07-22 10:50:31,,213719485,2026-07-18 10:25:02
1-14180146972,2026-07-14 22:12:54,eFSR,Service Engineer,Oil,KALA Care Global LLP - Pune,420435,KALA Care Global LLP - Nanded,420435_4,Oil,Oil required,Sales Coordinator,Does Not Qualify,1-64JIX5C,V M Jawale Constructions,ZO_West (CS),212693287,HA494,,DineshKalidas,Sareen Shaikh,,,,,
1-14180536302,2026-07-15 09:36:25,eFSR,Service Engineer,Oil,KALA Care Global LLP - Pune,420435,KALA Care Global LLP - Hubli,420435_8,Oil,Ok,Sales Coordinator,Does Not Qualify,1-3H3UH6I,SHV Energy Private Limited,ZO_West (CS),213696392,2R1040 G1,20,KRISHNADASABAL,NIKITA HIREMATH,,,,,
1-14180819871,2026-07-15 09:49:55,Manual,Sales Coordinator,Oil,KALA Care Global LLP - Pune,420435,KALA Care Global LLP - Belagavi,420435_9,Oil,OIL REQUIRED,Sales Coordinator,Invoiced Generated,1-3NXLBUI,PLR PROJECTS,ZO_West (CS),,,,,VIDYA DHABALI,Q420435092700660,2026-07-15 10:07:38,,1-14193241533,2026-07-18 13:44:43
1-14181014305,2026-07-15 11:26:55,eFSR,Service Engineer,BD Spares,KALA Care Global LLP - Pune,420435,KALA Care Global LLP - Ballari,420435_11,BD Spares,Engine,Service Coordinator,Does Not Qualify,1-47HBIQX,APPLE INDUSTRIES LIMITED,ZO_West (CS),213702756,8K15TA,400,NAGARAJ PPATEGOWDAR,B Sneha Ballari,,,,,
1-14181145901,2026-07-15 10:49:27,Manual,Sales Coordinator,Paid Services -PM,KALA Care Global LLP - Pune,420435,KALA Care Global LLP - Aurangabad,420435_1,Paid Services -PM,PM REQUIRED,Sales Coordinator,Converted,1-5QNODGQ,WARNER ELECTRONICS INDIA PVT LTD,ZO_West (CS),,6SL90ETA 4G3,320,,Rani Barate,Q420435012700633,2026-07-15 10:59:19,2026-07-15 10:59:45,211903210,2026-07-15 10:47:10
1-14181235063,2026-07-15 10:59:55,Manual,Sales Coordinator,BD Spares,KALA Care Global LLP - Pune,420435,KALA Care Global LLP - Aurangabad,420435_1,BD Spares,STARTER REQUIRED,Sales Coordinator,Converted,1-3O8VH97,United Ciigma Hospitals Healthcare Pvt Ltd,ZO_West (CS),,6SL1500TA G2,200,,Rani Barate,Q420435012700634,2026-07-15 11:06:02,2026-07-15 11:06:16,213703937,2026-07-15 10:43:59
1-14181448461,2026-07-15 11:39:00,Manual,Sales Coordinator,Diesel Exhaust Fluid,KALA Care Global LLP - Pune,420435,KALA Care Global LLP - Ahmednagar,420435_2,Diesel Exhaust Fluid,20 LTR DEF REQUIRED,Sales Coordinator,Invoiced Generated,1-5ZLUY6C,SPD Infra Projects Pvt Ltd,ZO_West (CS),,6K1080ETA 4G2,200,,Rani Barate,Q420435022700726,2026-07-15 11:43:36,,1-14302177070,2026-08-24 16:58:37
1-14181560539,2026-07-15 13:37:39,eFSR,Service Engineer,BD Spares,KALA Care Global LLP - Pune,420435,KALA Care Global LLP - Belagavi,420435_9,BD Spares,Diesel pipe,Service Coordinator,Converted,1-3B30K3O,Deputy Director Regional Forensic Science Laboratory,ZO_West (CS),213702080,3R1040T G1,25,SANTOSHKUNIKAR,VIDYA DHABALI,Q420435092700718,2026-07-24 14:53:09,,213743126,2026-07-24 13:37:19
1-14181657479,2026-07-15 12:52:40,eFSR,Service Engineer,BD Spares,KALA Care Global LLP - Pune,420435,KALA Care Global LLP - Belagavi,420435_9,BD Spares,Avr and LLop chota c,Service Coordinator,Quotation Submitted,1-2O5MLPZ,WELLNESS FOREVER MEDICARE PVT LTD,ZO_West (CS),213271715,CC418G1,5,GAJANANBHOSALE,VIDYA DHABALI,Q420435092700719,2026-07-25 11:38:09,,,
1-14181657479,2026-07-15 12:52:40,eFSR,Service Engineer,BD Spares,KALA Care Global LLP - Pune,420435,KALA Care Global LLP - Belagavi,420435_9,Paid Services -PM,Avr and LLop change,Service Coordinator,Quotation Submitted,1-2O5MLPZ,WELLNESS FOREVER MEDICARE PVT LTD,ZO_West (CS),213271715,CC418G1,5,GAJANANBHOSALE,VIDYA DHABALI,Q420435092700719,2026-07-25 11:38:09,,,
1-14181817611,2026-07-15 12:41:22,Manual,Sales Coordinator,Paid Services -PM,KALA Care Global LLP - Pune,420435,KALA Care Global LLP - Aurangabad,420435_1,Paid Services -PM,SERVCING REQUIRED,Sales Coordinator,Converted,1-4FJR39H,Maharashtra Public School,ZO_West (CS),,3R1040T G1,35,,Rani Barate,Q420435012700635,2026-07-15 12:45:44,2026-07-15 12:45:57,212009576,2026-07-15 12:37:38
1-14181963121,2026-07-15 13:01:12,Manual,Sales Coordinator,Others/Remarks,KALA Care Global LLP - Pune,420435,KALA Care Global LLP - Ahmednagar,420435_2,Others/Remarks,ENGINE OVERHAULL SPARES,Sales Coordinator,Quotation Submitted,1-58UWW4H,PERFECT GENERATOR SERVICE,ZO_West (CS),,,,,Rani Barate,Q420435022700727,2026-07-15 13:05:19,,,
1-14182278401,2026-07-15 13:43:28,Manual,Sales Coordinator,Oil,KALA Care Global LLP - Pune,420435,KALA Care Global LLP - Kalaburagi,420435_13,Oil,Engine Oil Service.,Sales Coordinator,Converted,1-3HVU21H,ACCURATE POWERTECH INDIA PVT LTD.,ZO_West (CS),,3R1190ETA 4G1,45,,Rani Barate,Q420435132700455,2026-07-15 13:48:19,,213699636,2026-07-18 11:18:37
1-14182279261,2026-07-15 13:43:05,Manual,Sales Coordinator,Oil,KALA Care Global LLP - Pune,420435,KALA Care Global LLP - Kalaburagi,420435_13,Oil,OIL SERVICE,Sales Coordinator,Qualifying,1-2HH6V0N,"S.S. DESAI, JEWARGI",ZO_West (CS),,,,,Rani Barate,,,,,
1-14182361696,2026-07-15 13:56:39,eFSR,Service Engineer,BD Spares,KALA Care Global LLP - Pune,420435,KALA Care Global LLP - Belagavi,420435_9,BD Spares,Disel pipe,Service Coordinator,Quotation Submitted,1-3T0EVZB,Dr.Shashikant Kore,ZO_West (CS),210409114,3R1040T G1,30,AMITMEKKALIKE,VIDYA DHABALI,Q420435092700901,2026-08-19 12:59:54,,,
1-14182361696,2026-07-15 13:56:39,eFSR,Service Engineer,BD Spares,KALA Care Global LLP - Pune,420435,KALA Care Global LLP - Belagavi,420435_9,Paid Services -PM,Oil sarvice,Service Coordinator,Quotation Submitted,1-3T0EVZB,Dr.Shashikant Kore,ZO_West (CS),210409114,3R1040T G1,30,AMITMEKKALIKE,VIDYA DHABALI,Q420435092700901,2026-08-19 12:59:54,,,
1-14182437001,2026-07-15 14:11:52,Manual,Sales Coordinator,Diesel Exhaust Fluid,KALA Care Global LLP - Pune,420435,KALA Care Global LLP - Aurangabad,420435_1,Diesel Exhaust Fluid,DEF REQUIRED,Sales Coordinator,Invoiced Generated,1-5UKIRGF,STARNEXT INNOVATIONS PRIVATE LIMITED,ZO_West (CS),,,,,Rani Barate,Q420435012700637,2026-07-15 14:14:22,2026-07-15 14:14:41,1-14182503661,2026-07-15 14:19:19
1-14182446971,2026-07-15 14:12:59,Manual,Sales Coordinator,Overhauling,KALA Care Global LLP - Pune,420435,KALA Care Global LLP - Kalaburagi,420435_13,Overhauling,OVERHAULING,Sales Coordinator,Converted,1-2YPUO8T,"Mr. GIRIDHAR HUPLE.,",ZO_West (CS),,,,,Rani Barate,Q420435132700457,2026-07-15 14:25:43,,1-14189781321,2026-07-17 14:03:46
1-14182542241,2026-07-15 14:33:52,Manual,Sales Coordinator,Paid Services -PM,KALA Care Global LLP - Pune,420435,KALA Care Global LLP - Belagavi,420435_9,Paid Services -PM,PARTS REQUIRED,Sales Coordinator,Quotation Submitted,1-426IOLE,HALACHANDRA KARAGI,ZO_West (CS),,4R810T,,,VIDYA DHABALI,Q420435092700664,2026-07-15 14:36:54,,,
1-14182662951,2026-07-15 15:07:47,Manual,Sales Coordinator,Paid Services -PM,KALA Care Global LLP - Pune,420435,KALA Care Global LLP - Aurangabad,420435_1,Paid Services -PM,PAID SERVICE,Sales Coordinator,Converted,1-5N36FHV,A S BUILDCON,ZO_West (CS),,HA494,,,Rani Barate,Q420435012700639,2026-07-15 15:11:23,2026-07-15 15:11:47,213706221,2026-07-15 15:17:49
1-14182687141,2026-07-15 15:09:41,Manual,Sales Coordinator,BD Spares,KALA Care Global LLP - Pune,420435,KALA Care Global LLP - Hospet,420435_10,BD Spares,DEF OIL,Sales Coordinator,Invoiced Generated,1-63BEZ3Y,SPARKLE GOLD RETAIL VENTURES LIMITED,ZO_West (CS),,,,,B Sneha Ballari,Q420435102700701,2026-07-15 15:14:41,,1-14183367601,2026-07-15 16:42:47
1-14182776351,2026-07-15 16:06:31,eFSR,Service Engineer,Coolant Change,KALA Care Global LLP - Pune,420435,KALA Care Global LLP - Belagavi,420435_9,Coolant Change,26 ltr,Sales Coordinator,Does Not Qualify,1-36Q6ILI,Kasbekar Metgud Clinic,ZO_West (CS),212624803,4R1040TA G1,82.5,SANTOSHKUNIKAR,VIDYA DHABALI,,,,,
1-14182776351,2026-07-15 16:06:31,eFSR,Service Engineer,Coolant Change,KALA Care Global LLP - Pune,420435,KALA Care Global LLP - Belagavi,420435_9,Paid Services -PM,Oil service and coll,Sales Coordinator,Does Not Qualify,1-36Q6ILI,Kasbekar Metgud Clinic,ZO_West (CS),212624803,4R1040TA G1,82.5,SANTOSHKUNIKAR,VIDYA DHABALI,,,,,
1-14182786671,2026-07-15 15:25:46,Manual,Sales Coordinator,Others/Remarks,KALA Care Global LLP - Pune,420435,KALA Care Global LLP - Ahmednagar,420435_2,Others/Remarks,ENGINE SPARES,Sales Coordinator,Invoiced Generated,1-3QV75GE,AMAR ELECTRICALS,ZO_West (CS),,,,,Rani Barate,Q420435022700728,2026-07-15 15:36:05,,1-14186294171,2026-07-16 14:20:27
1-14182853069,2026-07-15 16:01:26,eFSR,Service Engineer,Others/Remarks,KALA Care Global LLP - Pune,420435,KALA Care Global LLP - Hospet,420435_10,Others/Remarks,Found ok,Sales Coordinator,Nurturing,1-691L172,S K CONSTRUCTION,ZO_West (CS),212991025,4R810,,VIJAYKUMAR,B Sneha Ballari,,,,,
1-14182904631,2026-07-15 15:46:37,Manual,Sales Coordinator,Oil,KALA Care Global LLP - Pune,420435,KALA Care Global LLP - Kalaburagi,420435_13,Oil,Engine Oil Service,Sales Coordinator,Quotation Submitted,1-5NJKJ5S,Sreedharee Constructions.,ZO_West (CS),,3R550ETA 4G1,25,,Rani Barate,Q420435132700458,2026-07-15 15:49:53,,,
1-14182904950,2026-07-15 15:51:01,Manual,Sales Coordinator,Oil,KALA Care Global LLP - Pune,420435,KALA Care Global LLP - Kalaburagi,420435_13,Oil,Engine Oil Service,Sales Coordinator,Quotation Submitted,1-5NDD4CJ,SRI SIDDHARUDHA KALYANA MANTAPA,ZO_West (CS),,4R810ETA4G1,58.5,,Rani Barate,Q420435132700459,2026-07-15 15:53:38,,,
1-14182905324,2026-07-15 15:54:31,Manual,Sales Coordinator,Oil,KALA Care Global LLP - Pune,420435,KALA Care Global LLP - Kalaburagi,420435_13,Oil,Engine Oil Service,Sales Coordinator,Quotation Submitted,1-5S4OXDR,SRINIVASA ENTERPRISES,ZO_West (CS),,4R1190ETA 4G1,82.5,,Rani Barate,Q420435132700460,2026-07-17 11:18:26,,,
1-14182971211,2026-07-15 15:58:21,Manual,Sales Coordinator,Oil,KALA Care Global LLP - Pune,420435,KALA Care Global LLP - Kalaburagi,420435_13,Oil,Engine Oil Service,Sales Coordinator,Quotation Submitted,1-5UV9B9T,ATLAS CORPORATION,ZO_West (CS),,4R810ETA4G1,58.5,,Rani Barate,Q420435132700461,2026-07-15 16:01:56,,,
1-14183081251,2026-07-15 16:07:40,Manual,Sales Coordinator,Oil,KALA Care Global LLP - Pune,420435,KALA Care Global LLP - Kalaburagi,420435_13,Oil,Oil Service,Sales Coordinator,Qualifying,1-5WY8MD6,J AND K SUPERIOR SERVICE,ZO_West (CS),,HA694,,,Rani Barate,Q420435132700462,2026-07-15 16:13:02,,,
1-14183098633,2026-07-15 16:05:14,eFSR,Service Engineer,Others/Remarks,KALA Care Global LLP - Pune,420435,KALA Care Global LLP - Belagavi,420435_9,Coolant Change,Required coolant,Sales Coordinator,Quotation Submitted,1-5W0-3469,Kalyan Jewellers India Limited,ZO_West (CS),212781080,4R1040TA G1,82.5,RAJUTALWAR,VIDYA DHABALI,Q420435092700672,2026-07-17 13:11:43,,,
1-14183098633,2026-07-15 16:05:14,eFSR,Service Engineer,Others/Remarks,KALA Care Global LLP - Pune,420435,KALA Care Global LLP - Belagavi,420435_9,Oil,Oil servsing due,Sales Coordinator,Quotation Submitted,1-5W0-3469,Kalyan Jewellers India Limited,ZO_West (CS),212781080,4R1040TA G1,82.5,RAJUTALWAR,VIDYA DHABALI,Q420435092700672,2026-07-17 13:11:43,,,
1-14183098633,2026-07-15 16:05:14,eFSR,Service Engineer,Others/Remarks,KALA Care Global LLP - Pune,420435,KALA Care Global LLP - Belagavi,420435_9,Others/Remarks,Not required,Sales Coordinator,Quotation Submitted,1-5W0-3469,Kalyan Jewellers India Limited,ZO_West (CS),212781080,4R1040TA G1,82.5,RAJUTALWAR,VIDYA DHABALI,Q420435092700672,2026-07-17 13:11:43,,,
1-14183151951,2026-07-15 16:15:48,Manual,Sales Coordinator,Paid Services -PM,KALA Care Global LLP - Pune,420435,KALA Care Global LLP - Ahmednagar,420435_2,Paid Services -PM,PAID SERVICING,Sales Coordinator,Quotation Submitted,1-4OWZDY3,Precisto Engineering & Sercices,ZO_West (CS),,4R810T,,,Rani Barate,Q420435022700729,2026-07-15 16:46:00,,,
1-14183251937,2026-07-15 16:40:20,eFSR,Service Engineer,Service AMC/Bandhan/Anubandhan,KALA Care Global LLP - Pune,420435,KALA Care Global LLP - Belagavi,420435_9,Service AMC/Bandhan/Anubandhan,Bandhan plus,Sales Coordinator,Does Not Qualify,1-4RWO7HG,Patil Petrol Pump,ZO_West (CS),213072884,2R1040 G1,20,GAJANANBHOSALE,VIDYA DHABALI,,,,,
1-14183252154,2026-07-15 16:59:46,eFSR,Service Engineer,Others/Remarks,KALA Care Global LLP - Pune,420435,KALA Care Global LLP - Beed,420435_3,BD Spares,Dosing,Sales Coordinator,New,1-66D6OH7,MYARA TRADE & SERVICES PRIVATE LIMITED..,ZO_West (CS),213706280,4R1190,,BALASAHEBGADHAVE,,,,,,
1-14183252154,2026-07-15 16:59:46,eFSR,Service Engineer,Others/Remarks,KALA Care Global LLP - Pune,420435,KALA Care Global LLP - Beed,420435_3,Others/Remarks,Dosing modul,Sales Coordinator,New,1-66D6OH7,MYARA TRADE & SERVICES PRIVATE LIMITED..,ZO_West (CS),213706280,4R1190,,BALASAHEBGADHAVE,,,,,,
1-14183432301,2026-07-15 16:56:13,Manual,Sales Coordinator,Oil,KALA Care Global LLP - Pune,420435,KALA Care Global LLP - Aurangabad,420435_1,Oil,OIL BARREL,Sales Coordinator,Invoiced Generated,1-3GP3QT8,Samrudhi Construction,ZO_West (CS),,,,,Rani Barate,Q420435012700640,2026-07-15 16:58:26,2026-07-15 16:58:36,1-14183411131,2026-07-15 16:59:33
1-14183440101,2026-07-15 17:00:08,Manual,Sales Coordinator,Oil,KALA Care Global LLP - Pune,420435,KALA Care Global LLP - Kalaburagi,420435_13,Oil,OIL,Sales Coordinator,Converted,1-5LWV42N,SNEHA FARMS PVT LTD(KARNATAKA),ZO_West (CS),,4R1190,,,Rani Barate,Q420435132700464,2026-07-15 17:34:13,,213354114,2026-07-23 13:59:13
1-14183560800,2026-07-15 17:27:10,eFSR,Service Engineer,BD Spares,KALA Care Global LLP - Pune,420435,KALA Care Global LLP - Aurangabad,420435_1,BD Spares,Warking time,Service Coordinator,Does Not Qualify,1-2YYOH00,Omkar Infrastructure,ZO_West (CS),213704646,6R1080TA G1,125.6,GANESHPATTHE,Rani Barate,,,,,
1-14183560800,2026-07-15 17:27:10,eFSR,Service Engineer,BD Spares,KALA Care Global LLP - Pune,420435,KALA Care Global LLP - Aurangabad,420435_1,Paid Services -PM,Nex time,Service Coordinator,Does Not Qualify,1-2YYOH00,Omkar Infrastructure,ZO_West (CS),213704646,6R1080TA G1,125.6,GANESHPATTHE,Rani Barate,,,,,
1-14183561152,2026-07-15 17:59:58,eFSR,Service Engineer,Others/Remarks,KALA Care Global LLP - Pune,420435,KALA Care Global LLP - Hospet,420435_10,Others/Remarks,Customer need NONC s,Sales Coordinator,Quotation Submitted,1-4QGB92H,SRI MAHANANDI BUILDERS,ZO_West (CS),213703782,3R550NA G1,15,JilanShekshavali,B Sneha Ballari,Q420435102700797,2026-07-18 12:13:55,,,
1-14183634461,2026-07-15 19:40:36,eFSR,Service Engineer,Service AMC/Bandhan/Anubandhan,KALA Care Global LLP - Pune,420435,KALA Care Global LLP - Belagavi,420435_9,Service AMC/Bandhan/Anubandhan,15 kva,Sales Coordinator,Does Not Qualify,1-5B6TBSS,Shri Mallikarjun Devsthan Trust Committee.,ZO_West (CS),213582356,3R550NA G1,15,GAJANANBHOSALE,VIDYA DHABALI,,,,,
1-14183661915,2026-07-15 17:44:00,eFSR,Service Engineer,Oil,KALA Care Global LLP - Pune,420435,KALA Care Global LLP - Belagavi,420435_9,Oil,Oil servsing due,Sales Coordinator,New,1-Q0WEFR,DEPATMENT OF MINES & GEOLOGY,ZO_West (CS),213706507,HA294 G1,15,RAJUTALWAR,,,,,,
1-14183661915,2026-07-15 17:44:00,eFSR,Service Engineer,Oil,KALA Care Global LLP - Pune,420435,KALA Care Global LLP - Belagavi,420435_9,Service AMC/Bandhan/Anubandhan,Required bandhan,Sales Coordinator,New,1-Q0WEFR,DEPATMENT OF MINES & GEOLOGY,ZO_West (CS),213706507,HA294 G1,15,RAJUTALWAR,,,,,,
1-14183662586,2026-07-15 19:23:40,eFSR,Service Engineer,Battery,KALA Care Global LLP - Pune,420435,KALA Care Global LLP - Ahmednagar,420435_2,Battery,Battery ne d,Sales Coordinator,Does Not Qualify,1-4MW46B,IDBI BANK LTD.,ZO_West (CS),213685643,3R1040,30,ALSIFSHAIKH,Rani Barate,,,,,
1-14183752601,2026-07-15 17:38:23,Manual,Sales Coordinator,Oil,KALA Care Global LLP - Pune,420435,KALA Care Global LLP - Kalaburagi,420435_13,Oil,Oil Service.,Sales Coordinator,Converted,1-5LWV42N,SNEHA FARMS PVT LTD(KARNATAKA),ZO_West (CS),,4R1190,,,Rani Barate,Q420435132700465,2026-07-15 17:43:21,,213351141,2026-07-23 13:50:48
1-14183776673,2026-07-15 17:44:44,Manual,Sales Coordinator,Oil,KALA Care Global LLP - Pune,420435,KALA Care Global LLP - Kalaburagi,420435_13,Oil,Oil Service,Sales Coordinator,Converted,1-5LWV42N,SNEHA FARMS PVT LTD(KARNATAKA),ZO_West (CS),,4R1190,,,Rani Barate,Q420435132700466,2026-07-15 17:50:27,,213813583,2026-08-10 11:29:52
1-14183944086,2026-07-15 20:07:24,eFSR,Service Engineer,Others/Remarks,KALA Care Global LLP - Pune,420435,KALA Care Global LLP - Hubli,420435_8,Others/Remarks,Battery cable,Sales Coordinator,Does Not Qualify,1-3U7AVFM,M M Joshi Eye Institute Pvt Ltd,ZO_West (CS),213686034,3R1040T G1,25,KAREPPADOOPAD,NIKITA HIREMATH,,,,,
1-14184009741,2026-07-15 18:40:27,Manual,Sales Coordinator,Oil,KALA Care Global LLP - Pune,420435,KALA Care Global LLP - Kalaburagi,420435_13,Oil,Oil Service,Sales Coordinator,Quotation Submitted,1-5LWV42N,SNEHA FARMS PVT LTD(KARNATAKA),ZO_West (CS),,4R1190,,,Rani Barate,Q420435132700467,2026-07-15 18:44:23,,,
1-14184229954,2026-07-15 23:28:37,eFSR,Service Engineer,Oil,KALA Care Global LLP - Pune,420435,KALA Care Global LLP - Nanded,420435_4,Oil,Yes,Sales Coordinator,Does Not Qualify,1-15CO2O0,SMS LTD,ZO_West (CS),213228185,HA494,,DineshKalidas,Jyoti Mangesh,,,,,
1-14184229968,2026-07-15 23:40:13,eFSR,Service Engineer,Others/Remarks,KALA Care Global LLP - Pune,420435,KALA Care Global LLP - Hospet,420435_10,Others/Remarks,Not required,Sales Coordinator,New,1-3W0G132,Bellary Motors Private Limited,ZO_West (CS),213707072,4R1040TA G1,82.5,MOHAMEED ABDULLAHMOHAMMED,,,,,,
1-14184390919,2026-07-16 07:26:40,eFSR,Service Engineer,Oil,KALA Care Global LLP - Pune,420435,KALA Care Global LLP - Nanded,420435_4,Oil,Oil,Sales Coordinator,Awaiting Approval,1-40I0JSG,Vyankateshwara Petroleum,ZO_West (CS),213271835,HA294,15,DineshKalidas,Sareen Shaikh,Q420435042700488,2026-07-29 17:09:51,,,
1-14184391575,2026-07-16 09:47:09,eFSR,Service Engineer,Others/Remarks,KALA Care Global LLP - Pune,420435,KALA Care Global LLP - Hospet,420435_10,BD Spares,Required,Sales Coordinator,Converted,1-XNPHII,KPR Agro Poultries Pvt Ltd,ZO_West (CS),213702665,4R810TA G1,62.5,Parashuram GGouripurada,B Sneha Ballari,Q420435102700839,2026-07-21 17:28:52,,213711406,2026-07-20 10:18:45
1-14184391575,2026-07-16 09:47:09,eFSR,Service Engineer,Others/Remarks,KALA Care Global LLP - Pune,420435,KALA Care Global LLP - Hospet,420435_10,Others/Remarks,Engine overhalling,Sales Coordinator,Converted,1-XNPHII,KPR Agro Poultries Pvt Ltd,ZO_West (CS),213702665,4R810TA G1,62.5,Parashuram GGouripurada,B Sneha Ballari,Q420435102700839,2026-07-21 17:28:52,,213711406,2026-07-20 10:18:45
1-14184391575,2026-07-16 09:47:09,eFSR,Service Engineer,Others/Remarks,KALA Care Global LLP - Pune,420435,KALA Care Global LLP - Hospet,420435_10,Overhauling,Required,Sales Coordinator,Converted,1-XNPHII,KPR Agro Poultries Pvt Ltd,ZO_West (CS),213702665,4R810TA G1,62.5,Parashuram GGouripurada,B Sneha Ballari,Q420435102700839,2026-07-21 17:28:52,,213711406,2026-07-20 10:18:45
1-14184391575,2026-07-16 09:47:09,eFSR,Service Engineer,Others/Remarks,KALA Care Global LLP - Pune,420435,KALA Care Global LLP - Hospet,420435_10,Paid Services -PM,Required,Sales Coordinator,Converted,1-XNPHII,KPR Agro Poultries Pvt Ltd,ZO_West (CS),213702665,4R810TA G1,62.5,Parashuram GGouripurada,B Sneha Ballari,Q420435102700839,2026-07-21 17:28:52,,213711406,2026-07-20 10:18:45
1-14184391575,2026-07-16 09:47:09,eFSR,Service Engineer,Others/Remarks,KALA Care Global LLP - Pune,420435,KALA Care Global LLP - Hospet,420435_10,Service AMC/Bandhan/Anubandhan,Required,Sales Coordinator,Converted,1-XNPHII,KPR Agro Poultries Pvt Ltd,ZO_West (CS),213702665,4R810TA G1,62.5,Parashuram GGouripurada,B Sneha Ballari,Q420435102700839,2026-07-21 17:28:52,,213711406,2026-07-20 10:18:45
1-14184571581,2026-07-16 09:32:22,Manual,Sales Coordinator,Paid Services -PM,KALA Care Global LLP - Pune,420435,KALA Care Global LLP - Aurangabad,420435_1,Paid Services -PM,SERVCING REQUIRED,Sales Coordinator,Invoiced Generated,1-37XQQTB,ISHANT STAGE LIGHT AND EVENTS,ZO_West (CS),,,,,Rani Barate,Q420435012700643,2026-07-16 09:35:28,2026-07-16 09:35:47,1-14184884971,2026-07-16 09:36:44
1-14184836931,2026-07-16 09:18:49,Manual,Sales Coordinator,BD Spares,KALA Care Global LLP - Pune,420435,KALA Care Global LLP - Aurangabad,420435_1,BD Spares,FILTER,Sales Coordinator,Invoiced Generated,1-3FHCEHH,GNI INFRASTRUCTURE LIMITED,ZO_West (CS),,,,,Rani Barate,Q420435012700642,2026-07-16 09:35:49,,1-14190979091,2026-07-17 17:27:44
1-14185058970,2026-07-16 10:28:27,eFSR,Service Engineer,Others/Remarks,KALA Care Global LLP - Pune,420435,KALA Care Global LLP - Aurangabad,420435_1,Others/Remarks,No,Sales Coordinator,Does Not Qualify,1-5RBI4TU,Elevar Digitel Infrastructure Pvt Ltd.,ZO_West (CS),213656357,3R550ETA 4G1,25,SUDHIRMHASLEKAR,Rani Barate,,,,,
1-14185442614,2026-07-16 11:36:50,eFSR,Service Engineer,Others/Remarks,KALA Care Global LLP - Pune,420435,KALA Care Global LLP - Aurangabad,420435_1,Diesel Exhaust Fluid,4 can20 li,Sales Coordinator,Does Not Qualify,1-6BXJA8F,MGM UNIVERSITY,ZO_West (CS),213708897,DV12ETA 4G2,750,GANESHPATTHE,Rani Barate,,,,,
1-14185442614,2026-07-16 11:36:50,eFSR,Service Engineer,Others/Remarks,KALA Care Global LLP - Pune,420435,KALA Care Global LLP - Aurangabad,420435_1,Others/Remarks,Ok,Sales Coordinator,Does Not Qualify,1-6BXJA8F,MGM UNIVERSITY,ZO_West (CS),213708897,DV12ETA 4G2,750,GANESHPATTHE,Rani Barate,,,,,
1-14185512601,2026-07-16 11:50:14,Manual,Sales Coordinator,Paid Services -PM,KALA Care Global LLP - Pune,420435,KALA Care Global LLP - Aurangabad,420435_1,Paid Services -PM,SERVCING REQUIRED,Sales Coordinator,Invoiced Generated,1-4RQ6LLX,SANGKAJ AUTO COMPONENTS PRIVATE LIMITED,ZO_West (CS),,,,,Rani Barate,Q420435012700644,2026-07-16 12:08:23,2026-08-03 10:39:53,1-14239289781,2026-08-03 10:40:40
1-14185708661,2026-07-16 12:10:04,Manual,Sales Coordinator,Oil,KALA Care Global LLP - Pune,420435,KALA Care Global LLP - Kalaburagi,420435_13,Oil,OIL,Sales Coordinator,Converted,1-2E6A0C7,"A.K. ENGINEERS, GULBARGA",ZO_West (CS),,,,,Rani Barate,Q420435132700468,2026-07-16 12:15:16,,1-14185740631,2026-07-16 12:15:44
1-14185728241,2026-07-16 12:19:15,Manual,Sales Coordinator,BD Spares,KALA Care Global LLP - Pune,420435,KALA Care Global LLP - Kalaburagi,420435_13,Oil,KG640 CONTROLLER,Sales Coordinator,Converted,1-60F1CJZ,M/s RHC Constructions,ZO_West (CS),,3R1040T G1,30,,Rani Barate,Q420435132700469,2026-07-16 12:38:08,,213704690,2026-07-15 11:35:25
1-14185755851,2026-07-16 12:21:47,Manual,Sales Coordinator,Overhauling,KALA Care Global LLP - Pune,420435,KALA Care Global LLP - Belagavi,420435_9,Overhauling,PARTS REQUIRED,Sales Coordinator,Not Converted,1-K0G-237,RAVINDRA APPASAHEB MALI,ZO_West (CS),,HA494,,,VIDYA DHABALI,,,,,
1-14185929464,2026-07-16 13:22:24,eFSR,Service Engineer,Oil,KALA Care Global LLP - Pune,420435,KALA Care Global LLP - Hubli,420435_8,Oil,Oil service required,Sales Coordinator,Quotation Submitted,1-5VX-2094,Hubli Shamiyana Suppliers,ZO_West (CS),211532765,6K1080TA G2,160,IRFNMULLA,NIKITA HIREMATH,Q420435082700415,2026-08-22 13:33:54,,,
1-14185951971,2026-07-16 12:55:12,Manual,Sales Coordinator,Oil,KALA Care Global LLP - Pune,420435,KALA Care Global LLP - Kalaburagi,420435_13,Oil,Oil Service.,Sales Coordinator,Converted,1-66FEMN9,HANSHI INFRA,ZO_West (CS),,4R1190,,,Rani Barate,Q420435132700470,2026-07-16 13:00:04,,212846853,2026-07-18 11:13:19
1-14185960371,2026-07-16 13:05:26,Manual,Sales Coordinator,Paid Services -PM,KALA Care Global LLP - Pune,420435,KALA Care Global LLP - Ahmednagar,420435_2,Paid Services -PM,PAID SERVICING,Sales Coordinator,Quotation Submitted,1-529BVEJ,SAGAR POPAT NALWADE,ZO_West (CS),,4R810,,,Rani Barate,Q420435022700732,2026-07-16 13:27:33,,,
1-14185990858,2026-07-16 13:01:22,Manual,Sales Coordinator,BD Spares,KALA Care Global LLP - Pune,420435,KALA Care Global LLP - Kalaburagi,420435_13,BD Spares,selector switch,Sales Coordinator,Quotation Submitted,1-60F1CJZ,M/s RHC Constructions,ZO_West (CS),,3R1040T G1,30,,Rani Barate,Q420435132700471,2026-07-16 13:03:54,,,
1-14186067660,2026-07-16 13:17:31,eFSR,Service Engineer,Others/Remarks,KALA Care Global LLP - Pune,420435,KALA Care Global LLP - Belagavi,420435_9,Others/Remarks,Mains contractor req,Sales Coordinator,New,1-4LJ0O7E,Pranam Hotel,ZO_West (CS),213692165,3R1040T G1,35,PRASHANTPATIL,,,,,,
1-14186068245,2026-07-16 14:02:17,eFSR,Service Engineer,Battery,KALA Care Global LLP - Pune,420435,KALA Care Global LLP - Belagavi,420435_9,Battery,Battery required,Sales Coordinator,In Progress,1-T1V-14,Tarun Bharat Daily Pvt. Ltd.,ZO_West (CS),213650658,DV10,500,RAJUTALWAR,,,,,,
1-14186112841,2026-07-16 13:28:23,Manual,Sales Coordinator,BD Spares,KALA Care Global LLP - Pune,420435,KALA Care Global LLP - Hospet,420435_10,BD Spares,air filter,Sales Coordinator,Invoiced Generated,1-4T9AYDL,RADHA METALS PVT LTD,ZO_West (CS),,,,,B Sneha Ballari,Q420435102700743,2026-07-16 13:36:11,,1-14186148851,2026-07-16 13:36:51
1-14186152965,2026-07-16 13:56:04,Manual,Sales Coordinator,Paid Services -PM,KALA Care Global LLP - Pune,420435,KALA Care Global LLP - Aurangabad,420435_1,Paid Services -PM,SERVICING REQUIRED,Sales Coordinator,Quotation Approved,1-QXO-92,GALDHAR FOODS,ZO_West (CS),,DV8TA G1,320,,Rani Barate,Q420435012700647,2026-07-16 14:07:01,2026-07-20 09:37:04,,
1-14186170791,2026-07-16 13:42:05,Manual,Sales Coordinator,Paid Services -PM,KALA Care Global LLP - Pune,420435,KALA Care Global LLP - Aurangabad,420435_1,Paid Services -PM,SERVCING REQUIRED,Sales Coordinator,Converted,1-3OH6FUV,M/s. RAUT SOMNATH NAVNATH,ZO_West (CS),,4R1190,,,Rani Barate,Q420435012700646,2026-07-16 13:47:13,,213163014,2026-07-17 09:25:05
1-14186268101,2026-07-16 14:17:34,Manual,Sales Coordinator,BD Spares,KALA Care Global LLP - Pune,420435,KALA Care Global LLP - Hospet,420435_10,BD Spares,oIl filter,Sales Coordinator,Invoiced Generated,1-44X7CRR,M/s. SHANTHA CONSTRUCTIONS.,ZO_West (CS),,,,,B Sneha Ballari,Q420435102700753,2026-07-16 15:33:49,,1-14186749601,2026-07-16 15:35:40
1-14186279691,2026-07-16 14:12:52,Manual,Sales Coordinator,Paid Services -PM,KALA Care Global LLP - Pune,420435,KALA Care Global LLP - Aurangabad,420435_1,Paid Services -PM,SERVCING REQUIRED,Sales Coordinator,Converted,1-5U0J8BI,AGK HOSPITALITY SERVICES LLP,ZO_West (CS),,6K1080ETA 4G2,200,,Rani Barate,Q420435012700648,2026-07-16 14:19:27,2026-07-16 14:19:37,212150833,2026-07-16 14:20:51
1-14186448971,2026-07-16 14:55:18,Manual,Sales Coordinator,Oil,KALA Care Global LLP - Pune,420435,KALA Care Global LLP - Belagavi,420435_9,Oil,PARTS REQUIRED,Sales Coordinator,Invoiced Generated,1-3N3AI1O,GURU RAGHAVENDRA TRADERS,ZO_West (CS),,,,,VIDYA DHABALI,Q420435092700669,2026-07-16 14:59:35,,1-14186523611,2026-07-16 15:00:31
1-14186654470,2026-07-16 17:08:33,eFSR,Service Engineer,Others/Remarks,KALA Care Global LLP - Pune,420435,KALA Care Global LLP - Aurangabad,420435_1,Others/Remarks,No,Sales Coordinator,Does Not Qualify,1-3KMXJT,ICICI Bank Limited,ZO_West (CS),213711896,6K1080TA G2,160,SUDHIRMHASLEKAR,Rani Barate,,,,,
1-14187033042,2026-07-16 17:06:06,eFSR,Service Engineer,Others/Remarks,KALA Care Global LLP - Pune,420435,KALA Care Global LLP - Belagavi,420435_9,Battery,New battery,Sales Coordinator,New,1-4JSQGEM,Dr. Amarjeet Banahatti,ZO_West (CS),212795152,3R1040T G1,25,SUNILHUMBARWADI,,,,,,
1-14187033042,2026-07-16 17:06:06,eFSR,Service Engineer,Others/Remarks,KALA Care Global LLP - Pune,420435,KALA Care Global LLP - Belagavi,420435_9,Others/Remarks,New battery,Sales Coordinator,New,1-4JSQGEM,Dr. Amarjeet Banahatti,ZO_West (CS),212795152,3R1040T G1,25,SUNILHUMBARWADI,,,,,,
1-14187033140,2026-07-16 17:26:27,eFSR,Service Engineer,Others/Remarks,KALA Care Global LLP - Pune,420435,KALA Care Global LLP - Belagavi,420435_9,Others/Remarks,Required,Sales Coordinator,Converted,1-4A2ZIO3,SRI P S WADDAR CIVIL CONTRACTOR,ZO_West (CS),213708572,4R1190,,PRAMODDHARIGOUD,VIDYA DHABALI,,,,213609906,2026-06-30 17:18:19
1-14187033140,2026-07-16 17:26:27,eFSR,Service Engineer,Others/Remarks,KALA Care Global LLP - Pune,420435,KALA Care Global LLP - Belagavi,420435_9,Paid Services -PM,Oil service,Sales Coordinator,Converted,1-4A2ZIO3,SRI P S WADDAR CIVIL CONTRACTOR,ZO_West (CS),213708572,4R1190,,PRAMODDHARIGOUD,VIDYA DHABALI,Q420435092700711,2026-07-23 16:33:51,,213609906,2026-06-30 17:18:19
1-14187222444,2026-07-16 17:54:45,eFSR,Service Engineer,Battery,KALA Care Global LLP - Pune,420435,KALA Care Global LLP - Belagavi,420435_9,BD Spares,Intepace card,Sales Coordinator,Converted,1-30KPVMF,Indian Oil Corporation,ZO_West (CS),212232456,DV12ETA G11,750,SATISHNAVAGEKAR,VIDYA DHABALI,Q420435092700749,2026-07-31 13:29:23,,213772066,2026-07-31 13:14:25
1-14187222444,2026-07-16 17:54:45,eFSR,Service Engineer,Battery,KALA Care Global LLP - Pune,420435,KALA Care Global LLP - Belagavi,420435_9,Battery,Required,Sales Coordinator,Converted,1-30KPVMF,Indian Oil Corporation,ZO_West (CS),212232456,DV12ETA G11,750,SATISHNAVAGEKAR,VIDYA DHABALI,Q420435092700749,2026-07-31 13:29:23,,213772066,2026-07-31 13:14:25
1-14187417401,2026-07-17 05:20:09,eFSR,Service Engineer,Others/Remarks,KALA Care Global LLP - Pune,420435,KALA Care Global LLP - Hospet,420435_10,Others/Remarks,Need air filter and,Sales Coordinator,Invoiced Generated,1-36PJSKI,K B Satish Lokappanaval,ZO_West (CS),213708962,6R1080TA3 BSIII,,MDAsifMDAsif,B Sneha Ballari,Q420435102700802,2026-07-18 14:02:29,,1-14193331531,2026-07-18 14:05:00
1-14187440611,2026-07-16 17:39:42,Manual,Sales Coordinator,BD Spares,KALA Care Global LLP - Pune,420435,KALA Care Global LLP - Kalaburagi,420435_13,BD Spares,BD PARTS,Sales Coordinator,Converted,1-2K4LX3N,"A.Z. ENTERPRISES, GULBARGA",ZO_West (CS),,,,,Rani Barate,Q420435132700472,2026-07-16 17:44:03,,1-14187467891,2026-07-16 17:44:31
1-14188250661,2026-07-17 07:43:21,eFSR,Service Engineer,Oil,KALA Care Global LLP - Pune,420435,KALA Care Global LLP - Ballari,420435_11,BD Spares,Engine,Sales Coordinator,New,1-2GEO6VN,MEDICAL SUPERINTENDENT MCH,ZO_West (CS),213667209,DV10TAG1,500,BasavanagoudaVanner,,,,,,
1-14188250661,2026-07-17 07:43:21,eFSR,Service Engineer,Oil,KALA Care Global LLP - Pune,420435,KALA Care Global LLP - Ballari,420435_11,Oil,Engine,Sales Coordinator,New,1-2GEO6VN,MEDICAL SUPERINTENDENT MCH,ZO_West (CS),213667209,DV10TAG1,500,BasavanagoudaVanner,,,,,,
1-14188250661,2026-07-17 07:43:21,eFSR,Service Engineer,Oil,KALA Care Global LLP - Pune,420435,KALA Care Global LLP - Ballari,420435_11,Paid Services -PM,Dg,Sales Coordinator,New,1-2GEO6VN,MEDICAL SUPERINTENDENT MCH,ZO_West (CS),213667209,DV10TAG1,500,BasavanagoudaVanner,,,,,,
1-14188507346,2026-07-17 10:10:23,eFSR,Service Engineer,BD Spares,KALA Care Global LLP - Pune,420435,KALA Care Global LLP - Vijayapura,420435_14,BD Spares,Air cleaner assembly,Service Coordinator,Does Not Qualify,1-4C2P1EA,SADANAND. S. GOBBUR. CONTRACTOR.,ZO_West (CS),213709315,4R1190,,SANGAPPA BANNATTIBANNATTI,Rani Barate,,,,,
1-14188706525,2026-07-17 10:52:59,eFSR,Service Engineer,Service AMC/Bandhan/Anubandhan,KALA Care Global LLP - Pune,420435,KALA Care Global LLP - Ahmednagar,420435_2,Service AMC/Bandhan/Anubandhan,Not required,Sales Coordinator,Does Not Qualify,1-62KT0JJ,VINAYAKA RMC,ZO_West (CS),213709560,HA494,,NavnathPatare,Rani Barate,,,,,
1-14189274109,2026-07-17 12:43:34,eFSR,Service Engineer,Oil,KALA Care Global LLP - Pune,420435,KALA Care Global LLP - Aurangabad,420435_1,Oil,Sarvisa sathi,Sales Coordinator,Awaiting Approval,1-XNHJHW,DAINIK BHASKAR,ZO_West (CS),213715439,DV8,400,GANESHPATTHE,Rani Barate,Q420435012700653,2026-07-17 14:22:37,,,
1-14189274109,2026-07-17 12:43:34,eFSR,Service Engineer,Oil,KALA Care Global LLP - Pune,420435,KALA Care Global LLP - Aurangabad,420435_1,Paid Services -PM,Oil all material,Sales Coordinator,Awaiting Approval,1-XNHJHW,DAINIK BHASKAR,ZO_West (CS),213715439,DV8,400,GANESHPATTHE,Rani Barate,Q420435012700653,2026-07-17 14:22:37,,,
1-14189288636,2026-07-17 12:09:12,eFSR,Service Engineer,Others/Remarks,KALA Care Global LLP - Pune,420435,KALA Care Global LLP - Aurangabad,420435_1,Others/Remarks,No,Sales Coordinator,Does Not Qualify,1-3MREC3,HDFC Bank Limited,ZO_West (CS),213699714,4R1040T,62.5,SUDHIRMHASLEKAR,Rani Barate,,,,,
1-14189289149,2026-07-17 12:29:28,eFSR,Service Engineer,Overhauling,KALA Care Global LLP - Pune,420435,KALA Care Global LLP - Parbhani,420435_7,BD Spares,HA,Service Coordinator,New,1-2Z0LJMP,Reliance Jio Infocomm Limited,ZO_West (CS),213513657,HA294 G1,10,PRABHAKARUPHADE,,,,,,
1-14189289149,2026-07-17 12:29:28,eFSR,Service Engineer,Overhauling,KALA Care Global LLP - Pune,420435,KALA Care Global LLP - Parbhani,420435_7,Overhauling,Ha,Service Coordinator,New,1-2Z0LJMP,Reliance Jio Infocomm Limited,ZO_West (CS),213513657,HA294 G1,10,PRABHAKARUPHADE,,,,,,
1-14189300273,2026-07-17 12:14:40,Manual,Sales Coordinator,Paid Services -PM,KALA Care Global LLP - Pune,420435,KALA Care Global LLP - Aurangabad,420435_1,Paid Services -PM,SERVCING REQUIRED,Sales Coordinator,Awaiting Approval,1-4LVCXTW,MAHA FIRE AND SEFETY SOLUTIONS,ZO_West (CS),,4R1040TA,,,Rani Barate,Q420435012700651,2026-07-17 12:23:20,,,
1-14189300401,2026-07-17 12:17:02,Manual,Sales Coordinator,Paid Services -PM,KALA Care Global LLP - Pune,420435,KALA Care Global LLP - Aurangabad,420435_1,Paid Services -PM,SERVCING REQUIRED,Sales Coordinator,Awaiting Approval,1-4LVCXTW,MAHA FIRE AND SEFETY SOLUTIONS,ZO_West (CS),,6R1080T,,,Rani Barate,Q420435012700652,2026-07-17 12:28:05,,,
1-14189454919,2026-07-17 12:49:32,eFSR,Service Engineer,Others/Remarks,KALA Care Global LLP - Pune,420435,KALA Care Global LLP - Ahmednagar,420435_2,Oil,15w40 oil,Sales Coordinator,Does Not Qualify,1-5JPCSQB,Rajesh Adhikari Officer's Mess,ZO_West (CS),210982800,6K1080TA G2,160,ALSIFSHAIKH,Rani Barate,,,,,
1-14189454919,2026-07-17 12:49:32,eFSR,Service Engineer,Others/Remarks,KALA Care Global LLP - Pune,420435,KALA Care Global LLP - Ahmednagar,420435_2,Others/Remarks,Servicing required,Sales Coordinator,Does Not Qualify,1-5JPCSQB,Rajesh Adhikari Officer's Mess,ZO_West (CS),210982800,6K1080TA G2,160,ALSIFSHAIKH,Rani Barate,,,,,
1-14189515281,2026-07-17 13:04:29,Manual,Sales Coordinator,Paid Services -PM,KALA Care Global LLP - Pune,420435,KALA Care Global LLP - Hospet,420435_10,Paid Services -PM,oil service,Sales Coordinator,Qualifying,1-41S388K,Brundavana Constructions Pvt. Ltd.,ZO_West (CS),,Engines,,,B Sneha Ballari,,,,,
1-14189519651,2026-07-17 12:53:40,Manual,Sales Coordinator,BD Spares,KALA Care Global LLP - Pune,420435,KALA Care Global LLP - Belagavi,420435_9,Others/Remarks,PARTS REQUIRED,Sales Coordinator,Invoiced Generated,1-5LO9544,ISHA HYDRO POWER,ZO_West (CS),,,,,VIDYA DHABALI,Q420435092700671,2026-07-17 13:02:51,,1-14193241391,2026-07-18 13:40:44
1-14189583615,2026-07-17 13:13:37,Manual,Sales Coordinator,Oil,KALA Care Global LLP - Pune,420435,KALA Care Global LLP - Hospet,420435_10,Oil,oil service required,Sales Coordinator,Converted,1-41S388K,Brundavana Constructions Pvt. Ltd.,ZO_West (CS),,Engines,,,B Sneha Ballari,Q420435102700780,2026-07-17 13:22:08,,213708613,2026-07-16 10:08:45
1-14189617607,2026-07-17 13:16:48,eFSR,Service Engineer,Oil,KALA Care Global LLP - Pune,420435,KALA Care Global LLP - Belagavi,420435_9,Oil,Oil servsing due,Sales Coordinator,Quotation Submitted,1-3XKW6B4,Mahaveer Bhavan,ZO_West (CS),212487554,3R1040TA G1,45,RAJUTALWAR,VIDYA DHABALI,Q420435092700697,2026-07-22 11:33:12,,,
1-14189640601,2026-07-17 13:19:52,Manual,Sales Coordinator,Others/Remarks,KALA Care Global LLP - Pune,420435,KALA Care Global LLP - Ahmednagar,420435_2,Others/Remarks,ENGINE SPARES,Sales Coordinator,Invoiced Generated,1-QWMC8U,ASHIRWAD AUTOMOBAILES,ZO_West (CS),,,,,Rani Barate,Q420435022700734,2026-07-17 15:19:57,,1-14190227525,2026-07-17 15:20:11
1-14189668601,2026-07-17 13:26:47,Manual,Sales Coordinator,Paid Services -PM,KALA Care Global LLP - Pune,420435,KALA Care Global LLP - Hospet,420435_10,Paid Services -PM,Need oil services,Sales Coordinator,Converted,1-5UYXIBK,KVPR Infra,ZO_West (CS),,4R1190,,,B Sneha Ballari,Q420435102700781,2026-07-17 17:13:40,,213697567,2026-07-15 10:45:58
1-14189768411,2026-07-17 14:03:42,Manual,Sales Coordinator,Oil,KALA Care Global LLP - Pune,420435,KALA Care Global LLP - Kalaburagi,420435_13,Oil,Engine Oil Service,Sales Coordinator,Converted,1-66EB6FB,M/s: SHIVA ASSOCIATES,ZO_West (CS),,HA494,,,Rani Barate,Q420435132700475,2026-07-17 14:07:26,,212843809,2026-07-17 10:53:52
1-14189963908,2026-07-17 14:32:11,eFSR,Service Engineer,Oil,KALA Care Global LLP - Pune,420435,KALA Care Global LLP - Hubli,420435_8,Oil,Customer suggest to,Sales Coordinator,Quotation Submitted,1-3Q5FRWF,Shri Viishnu Aagro Oils Corporation,ZO_West (CS),213716599,4K1080TA G2,125.4,IRFNMULLA,NIKITA HIREMATH,Q420435082700414,2026-07-20 12:53:32,,,
1-14190115034,2026-07-17 14:53:23,Manual,Sales Coordinator,Others/Remarks,KALA Care Global LLP - Pune,420435,KALA Care Global LLP - Ahmednagar,420435_2,Others/Remarks,ENGINE SPARES,Sales Coordinator,Invoiced Generated,1-229E6F,Sai Sharddha Construction,ZO_West (CS),,,,,Rani Barate,Q420435022700735,2026-07-17 14:56:54,,1-14190160601,2026-07-17 14:58:33
1-14190303114,2026-07-17 15:35:57,eFSR,Service Engineer,Others/Remarks,KALA Care Global LLP - Pune,420435,KALA Care Global LLP - Aurangabad,420435_1,Others/Remarks,Ok,Sales Coordinator,Does Not Qualify,1-7EV-33,Kodlikeri Hospital Pvt Ltd,ZO_West (CS),213714562,RV3,20,HarshalIngle,Rani Barate,,,,,
1-14190304145,2026-07-17 16:37:24,eFSR,Service Engineer,Others/Remarks,KALA Care Global LLP - Pune,420435,KALA Care Global LLP - Ahmednagar,420435_2,Battery,75A kirloskar,Sales Coordinator,Does Not Qualify,1-5M4KCLW,Mr. Sandip Gorakh Aware.,ZO_West (CS),213717093,3R1190ENA 4G1,30,ALSIFSHAIKH,Rani Barate,,,,,
1-14190304145,2026-07-17 16:37:24,eFSR,Service Engineer,Others/Remarks,KALA Care Global LLP - Pune,420435,KALA Care Global LLP - Ahmednagar,420435_2,Others/Remarks,Battery 75Ah,Sales Coordinator,Does Not Qualify,1-5M4KCLW,Mr. Sandip Gorakh Aware.,ZO_West (CS),213717093,3R1190ENA 4G1,30,ALSIFSHAIKH,Rani Barate,,,,,
1-14190421842,2026-07-17 15:53:28,eFSR,Service Engineer,Others/Remarks,KALA Care Global LLP - Pune,420435,KALA Care Global LLP - Kalaburagi,420435_13,Others/Remarks,No,Sales Coordinator,Does Not Qualify,1-5S4OXDR,SRINIVASA ENTERPRISES,ZO_West (CS),211686383,4R1190ETA 4G1,82.5,Shakeel AshrafChowdhari,Rani Barate,,,,,
1-14190680341,2026-07-17 16:45:42,Manual,Sales Coordinator,BD Spares,KALA Care Global LLP - Pune,420435,KALA Care Global LLP - Hospet,420435_10,BD Spares,Need Def oil filter,Sales Coordinator,Invoiced Generated,1-3L9EFSB,AIRPLAZA RETAIL HOLDINGS PRIVATE LIMITED,ZO_West (CS),,,,,B Sneha Ballari,Q420435102700791,2026-07-17 16:52:10,,1-14190844751,2026-07-17 16:54:31
1-14190680353,2026-07-17 16:46:01,Manual,Sales Coordinator,Paid Services -PM,KALA Care Global LLP - Pune,420435,KALA Care Global LLP - Aurangabad,420435_1,Paid Services -PM,SERVICING REQUIRED,Sales Coordinator,Invoiced Generated,1-3NJCCTB,RAMBO EQUIPMENTS,ZO_West (CS),,,,,Rani Barate,Q420435012700654,2026-07-17 16:49:19,2026-07-17 16:49:28,1-14190811701,2026-07-17 16:50:15
1-14191056894,2026-07-17 18:05:19,eFSR,Service Engineer,Paid Services -PM,KALA Care Global LLP - Pune,420435,KALA Care Global LLP - Hubli,420435_8,Paid Services -PM,Oil,Service Coordinator,Not Converted,1-42MZ023,Encarta Pharma Pvt. Ltd.,ZO_West (CS),213717641,6SL1500TA G3,250,HUCHCHAPPAGADAGI,NIKITA HIREMATH,Q420435082700413,2026-07-20 12:35:12,,,
1-14191056894,2026-07-17 18:05:19,eFSR,Service Engineer,Paid Services -PM,KALA Care Global LLP - Pune,420435,KALA Care Global LLP - Hubli,420435_8,Service AMC/Bandhan/Anubandhan,Oil service,Service Coordinator,Not Converted,1-42MZ023,Encarta Pharma Pvt. Ltd.,ZO_West (CS),213717641,6SL1500TA G3,250,HUCHCHAPPAGADAGI,NIKITA HIREMATH,Q420435082700413,2026-07-20 12:35:12,,,
1-14191112771,2026-07-17 17:36:12,Manual,Sales Coordinator,,KALA Care Global LLP - Pune,420435,KALA Care Global LLP - Kalaburagi,420435_13,Oil,OIL,Sales Coordinator,Converted,1-499YWJ9,Ravindranath Constructions Pvt Ltd,ZO_West (CS),,HA494,,,Rani Barate,Q420435132700477,2026-07-17 18:00:49,,212934092,2026-07-18 11:15:51
1-14191131151,2026-07-17 17:39:00,Manual,Sales Coordinator,BD Spares,KALA Care Global LLP - Pune,420435,KALA Care Global LLP - Babhleshwar,420435_5,BD Spares,"BELLOW ,SERVICING SPARES",Sales Coordinator,Qualifying,1-4L6XO03,Krishna  Enterprises,ZO_West (CS),,Engines,,,Rani Barate,Q420435052700164,2026-07-18 11:16:58,,,
1-14191292764,2026-07-17 18:52:35,eFSR,Service Engineer,Others/Remarks,KALA Care Global LLP - Pune,420435,KALA Care Global LLP - Hospet,420435_10,BD Spares,Oil service,Sales Coordinator,New,1-1I4AAZP,DON BOSCO,ZO_West (CS),213713099,EA16,10,Parashuram GGouripurada,,,,,,
1-14191292764,2026-07-17 18:52:35,eFSR,Service Engineer,Others/Remarks,KALA Care Global LLP - Pune,420435,KALA Care Global LLP - Hospet,420435_10,Battery,Required,Sales Coordinator,New,1-1I4AAZP,DON BOSCO,ZO_West (CS),213713099,EA16,10,Parashuram GGouripurada,,,,,,
1-14191292764,2026-07-17 18:52:35,eFSR,Service Engineer,Others/Remarks,KALA Care Global LLP - Pune,420435,KALA Care Global LLP - Hospet,420435_10,Others/Remarks,Bandhan,Sales Coordinator,New,1-1I4AAZP,DON BOSCO,ZO_West (CS),213713099,EA16,10,Parashuram GGouripurada,,,,,,
1-14191292764,2026-07-17 18:52:35,eFSR,Service Engineer,Others/Remarks,KALA Care Global LLP - Pune,420435,KALA Care Global LLP - Hospet,420435_10,Service AMC/Bandhan/Anubandhan,Bandhan,Sales Coordinator,New,1-1I4AAZP,DON BOSCO,ZO_West (CS),213713099,EA16,10,Parashuram GGouripurada,,,,,,
1-14191292769,2026-07-17 18:53:32,eFSR,Service Engineer,Others/Remarks,KALA Care Global LLP - Pune,420435,KALA Care Global LLP - Beed,420435_3,Others/Remarks,Koel Bandhan,Sales Coordinator,New,1-3RRCLYA,Manas Petroleum,ZO_West (CS),213717342,3R550NA G1,15,BALASAHEBGADHAVE,,,,,,
1-14191292769,2026-07-17 18:53:32,eFSR,Service Engineer,Others/Remarks,KALA Care Global LLP - Pune,420435,KALA Care Global LLP - Beed,420435_3,Service AMC/Bandhan/Anubandhan,Koel Bandhan,Sales Coordinator,New,1-3RRCLYA,Manas Petroleum,ZO_West (CS),213717342,3R550NA G1,15,BALASAHEBGADHAVE,,,,,,
1-14191298071,2026-07-17 18:18:55,Manual,Sales Coordinator,BD Spares,KALA Care Global LLP - Pune,420435,KALA Care Global LLP - Kalaburagi,420435_13,BD Spares,INTERFACE CARD,Sales Coordinator,Quotation Submitted,1-3JIYWBA,MKC INFRASTRUCTURE LTD,ZO_West (CS),,3R1040T G1,25,,Rani Barate,Q420435132700479,2026-07-17 18:24:28,,,
1-14191845604,2026-07-17 23:22:17,eFSR,Service Engineer,Others/Remarks,KALA Care Global LLP - Pune,420435,KALA Care Global LLP - Hospet,420435_10,BD Spares,Required,Sales Coordinator,Converted,1-DWE-115,A ONE STEELS INDIA  PVT LTD,ZO_West (CS),213715959,6SL8800TA,250,Parashuram GGouripurada,B Sneha Ballari,Q420435102700892,2026-07-29 12:26:17,,213761377,2026-07-29 09:33:46
1-14191845604,2026-07-17 23:22:17,eFSR,Service Engineer,Others/Remarks,KALA Care Global LLP - Pune,420435,KALA Care Global LLP - Hospet,420435_10,Coolant Change,Required,Sales Coordinator,Converted,1-DWE-115,A ONE STEELS INDIA  PVT LTD,ZO_West (CS),213715959,6SL8800TA,250,Parashuram GGouripurada,B Sneha Ballari,Q420435102700892,2026-07-29 12:26:17,,213761377,2026-07-29 09:33:46
1-14191845604,2026-07-17 23:22:17,eFSR,Service Engineer,Others/Remarks,KALA Care Global LLP - Pune,420435,KALA Care Global LLP - Hospet,420435_10,Oil,Required,Sales Coordinator,Converted,1-DWE-115,A ONE STEELS INDIA  PVT LTD,ZO_West (CS),213715959,6SL8800TA,250,Parashuram GGouripurada,B Sneha Ballari,Q420435102700892,2026-07-29 12:26:17,,213761377,2026-07-29 09:33:46
1-14191845604,2026-07-17 23:22:17,eFSR,Service Engineer,Others/Remarks,KALA Care Global LLP - Pune,420435,KALA Care Global LLP - Hospet,420435_10,Others/Remarks,Oil service,Sales Coordinator,Converted,1-DWE-115,A ONE STEELS INDIA  PVT LTD,ZO_West (CS),213715959,6SL8800TA,250,Parashuram GGouripurada,B Sneha Ballari,Q420435102700892,2026-07-29 12:26:17,,213761377,2026-07-29 09:33:46
1-14191845604,2026-07-17 23:22:17,eFSR,Service Engineer,Others/Remarks,KALA Care Global LLP - Pune,420435,KALA Care Global LLP - Hospet,420435_10,Paid Services -PM,Required,Sales Coordinator,Converted,1-DWE-115,A ONE STEELS INDIA  PVT LTD,ZO_West (CS),213715959,6SL8800TA,250,Parashuram GGouripurada,B Sneha Ballari,Q420435102700892,2026-07-29 12:26:17,,213761377,2026-07-29 09:33:46
1-14192100031,2026-07-18 09:38:26,Manual,Sales Coordinator,Paid Services -PM,KALA Care Global LLP - Pune,420435,KALA Care Global LLP - Aurangabad,420435_1,Paid Services -PM,SERVICING REQUIRED,Sales Coordinator,Converted,1-13JC3QY,S J CONTRACTS PVT LTD,ZO_West (CS),,CC418 G1.1,5.5,,Rani Barate,Q420435012700656,2026-07-18 09:44:55,2026-07-27 15:26:26,213186409,2026-07-27 15:15:11
1-14192511702,2026-07-18 11:04:22,eFSR,Service Engineer,Others/Remarks,KALA Care Global LLP - Pune,420435,KALA Care Global LLP - Belagavi,420435_9,Others/Remarks,Oil service due,Sales Coordinator,Does Not Qualify,1-4A2ZIO3,SRI P S WADDAR CIVIL CONTRACTOR,ZO_West (CS),213708599,4R1190,,PRASHANTPATIL,VIDYA DHABALI,,,,,
1-14192661063,2026-07-18 11:46:02,eFSR,Service Engineer,Others/Remarks,KALA Care Global LLP - Pune,420435,KALA Care Global LLP - Belagavi,420435_9,Others/Remarks,Oil service required,Sales Coordinator,Quotation Submitted,1-34S106K,Vijaya Bharathi Auto Services,ZO_West (CS),213692210,2R1040 G1,20,PRASHANTPATIL,VIDYA DHABALI,Q420435092700696,2026-07-22 11:28:29,,,
1-14192773151,2026-07-18 12:08:49,Manual,Sales Coordinator,Paid Services -PM,KALA Care Global LLP - Pune,420435,KALA Care Global LLP - Babhleshwar,420435_5,Paid Services -PM,PAID SERVICING,Sales Coordinator,Quotation Submitted,1-42CWCJU,United Power Solutions,ZO_West (CS),,3R1040T G1,30,,Rani Barate,Q420435052700165,2026-07-18 12:19:20,,,
1-14192817723,2026-07-18 12:09:53,eFSR,Service Engineer,Others/Remarks,KALA Care Global LLP - Pune,420435,KALA Care Global LLP - Hubli,420435_8,Others/Remarks,Site visit,Sales Coordinator,Does Not Qualify,1-4MW46B,IDBI BANK LTD.,ZO_West (CS),213685304,4R1190,50,HUCHCHAPPAGADAGI,NIKITA HIREMATH,,,,,
1-14192901611,2026-07-18 12:19:40,Manual,Sales Coordinator,BD Spares,KALA Care Global LLP - Pune,420435,KALA Care Global LLP - Kalaburagi,420435_13,BD Spares,BD SPARES,Sales Coordinator,Converted,1-33UK2DM,APANA EARTH MOVERS,ZO_West (CS),,,,,Rani Barate,Q420435132700481,2026-07-18 12:24:23,,1-14192917041,2026-07-18 12:25:06
1-14192906911,2026-07-18 12:23:58,Manual,Sales Coordinator,Oil,KALA Care Global LLP - Pune,420435,KALA Care Global LLP - Kalaburagi,420435_13,Oil,Oil Service.,Sales Coordinator,Quotation Submitted,1-6EB7R2J,"SRI  K CHOWDER REDDY & CO.,",ZO_West (CS),,HA494,,,Rani Barate,Q420435132700482,2026-07-18 12:56:47,,,
1-14192907142,2026-07-18 12:27:23,Manual,Sales Coordinator,Oil,KALA Care Global LLP - Pune,420435,KALA Care Global LLP - Kalaburagi,420435_13,Oil,Oil service,Sales Coordinator,Converted,1-6EB7R2J,"SRI  K CHOWDER REDDY & CO.,",ZO_West (CS),,HA494,,,Rani Barate,Q420435132700483,2026-07-18 12:55:44,,213436847,2026-07-20 13:24:17
1-14192949241,2026-07-18 12:32:00,Manual,Sales Coordinator,Paid Services -PM,KALA Care Global LLP - Pune,420435,KALA Care Global LLP - Babhleshwar,420435_5,Paid Services -PM,PAID SERVICING,Sales Coordinator,Quotation Submitted,1-6IIZQKO,AKASH BHIKAJI BHAND,ZO_West (CS),,4R1190,,,Rani Barate,Q420435052700166,2026-07-18 12:39:55,,,
1-14192958481,2026-07-18 12:44:17,Manual,Sales Coordinator,BD Spares,KALA Care Global LLP - Pune,420435,KALA Care Global LLP - Aurangabad,420435_1,BD Spares,CONTROLLER REQUIRED,Sales Coordinator,Converted,1-DWE-3526,The Yeotmal Urban Co-Operative Bank Ltd,ZO_West (CS),,HA294,15,,Rani Barate,Q420435012700659,2026-07-18 12:56:20,2026-07-21 09:54:27,213728875,2026-07-21 09:58:22
1-14193118631,2026-07-18 12:53:57,Manual,Sales Coordinator,Paid Services -PM,KALA Care Global LLP - Pune,420435,KALA Care Global LLP - Babhleshwar,420435_5,Paid Services -PM,PAID SERVICING,Sales Coordinator,Quotation Submitted,1-62A3MXG,Dadasaheb Raosaheb Dhavane,ZO_West (CS),,HA494,,,Rani Barate,Q420435052700167,2026-07-18 17:30:05,,,
1-14193198471,2026-07-18 13:27:34,Manual,Sales Coordinator,Allied Oil,KALA Care Global LLP - Pune,420435,KALA Care Global LLP - Aurangabad,420435_1,Allied Oil,DEF,Sales Coordinator,Invoiced Generated,1-601RK5S,AMICO INFRA,ZO_West (CS),,,,,Rani Barate,Q420435012700660,2026-07-18 13:32:09,,1-14193241071,2026-07-18 13:33:15
1-14193382346,2026-07-18 15:03:46,eFSR,Service Engineer,BD Spares,KALA Care Global LLP - Pune,420435,KALA Care Global LLP - Ahmednagar,420435_2,BD Spares,Fuel pipe all  . Sto,Service Coordinator,Quotation Submitted,1-3RD7WZO,Anuj Hatcheries And Poultry Breeding Farm,ZO_West (CS),213721032,HA394TCI G1,25,NavnathPatare,Rani Barate,Q420435022700778,2026-07-25 12:24:26,,,
1-14193400921,2026-07-18 14:32:09,eFSR,Service Engineer,Others/Remarks,KALA Care Global LLP - Pune,420435,KALA Care Global LLP - Aurangabad,420435_1,Others/Remarks,Exhaust below requir,Sales Coordinator,Does Not Qualify,1-5RBI4TU,Elevar Digitel Infrastructure Pvt Ltd.,ZO_West (CS),213656359,3R550ETA 4G1,25,SUDHIRMHASLEKAR,Rani Barate,,,,,
1-14193420798,2026-07-18 14:20:42,eFSR,Service Engineer,Overhauling,KALA Care Global LLP - Pune,420435,KALA Care Global LLP - Babhleshwar,420435_5,Overhauling,Ok,Service Coordinator,New,1-3MREC3,HDFC Bank Limited,ZO_West (CS),213697041,3R1040TA G1,40,SACHINPATHARE,,,,,,
1-14193420798,2026-07-18 14:20:42,eFSR,Service Engineer,Overhauling,KALA Care Global LLP - Pune,420435,KALA Care Global LLP - Babhleshwar,420435_5,Service AMC/Bandhan/Anubandhan,Sarvising,Service Coordinator,New,1-3MREC3,HDFC Bank Limited,ZO_West (CS),213697041,3R1040TA G1,40,SACHINPATHARE,,,,,,
1-14193420870,2026-07-18 14:24:10,eFSR,Service Engineer,Service AMC/Bandhan/Anubandhan,KALA Care Global LLP - Pune,420435,KALA Care Global LLP - Bagalkote,420435_12,Service AMC/Bandhan/Anubandhan,Warranty customer,Sales Coordinator,New,1-6E34NGL,RAMESH SHINDE,ZO_West (CS),213714658,4R810ETA 4G1,58.5,NABIRASULBAGBAN,,,,,,
1-14193420971,2026-07-18 14:28:01,eFSR,Service Engineer,Others/Remarks,KALA Care Global LLP - Pune,420435,KALA Care Global LLP - Aurangabad,420435_1,Others/Remarks,"Display required , d",Sales Coordinator,Does Not Qualify,1-3817J5Z,KHILARI INFRASTRUCTURE PVT.LTD,ZO_West (CS),213714541,DV12TA G2,625,HabeebShaikh,Rani Barate,,,,,
1-14193421515,2026-07-18 14:56:05,eFSR,Service Engineer,Battery,KALA Care Global LLP - Pune,420435,KALA Care Global LLP - Ahmednagar,420435_2,Battery,Battery 88A,Sales Coordinator,Does Not Qualify,1-4EK0XU5,Dr. Bhalsing Orthoplus Hospital,ZO_West (CS),213720543,4R810TA G1,62.5,NILESHSALUNKE,Rani Barate,,,,,
1-14193444061,2026-07-18 14:21:03,Manual,Sales Coordinator,BD Spares,KALA Care Global LLP - Pune,420435,KALA Care Global LLP - Aurangabad,420435_1,BD Spares,WATER PUMP,Sales Coordinator,Converted,1-D4P04S,SAI CONTRACTORS & ENGINEERS,ZO_West (CS),,4R1190,,,Rani Barate,Q420435012700661,2026-07-21 10:49:17,,213760307,2026-07-28 17:41:33
1-14193460611,2026-07-18 14:19:17,Manual,Sales Coordinator,BD Spares,KALA Care Global LLP - Pune,420435,KALA Care Global LLP - Ahmednagar,420435_2,BD Spares,"DOSING MODULE ,TEM SENSOR REQUIRED",Sales Coordinator,Quotation Submitted,1-6730HI8,DREAMSKY  BUILDCON PRIVATE LIMITED,ZO_West (CS),,4K1080ETA4G1,125,,Rani Barate,Q420435022700738,2026-07-18 14:27:18,,,
1-14193620601,2026-07-18 14:59:06,Manual,Sales Coordinator,BD Spares,KALA Care Global LLP - Pune,420435,KALA Care Global LLP - Ahmednagar,420435_2,BD Spares,FUEL PIPE LEAK OFF PIPE,Sales Coordinator,Quotation Submitted,1-3JDD5S5,Sharad Sahakari Bank  Ltd,ZO_West (CS),,,,,Rani Barate,Q420435022700739,2026-07-18 15:06:09,,,
1-14193637196,2026-07-18 15:30:40,eFSR,Service Engineer,Others/Remarks,KALA Care Global LLP - Pune,420435,KALA Care Global LLP - Aurangabad,420435_1,BD Spares,Magnetic picup unit,Sales Coordinator,Does Not Qualify,1-2Z0LJMP,Reliance Jio Infocomm Limited,ZO_West (CS),213556943,3R550TA 4G1,20,DATTAKAMBLE,Rani Barate,,,,,
1-14193637196,2026-07-18 15:30:40,eFSR,Service Engineer,Others/Remarks,KALA Care Global LLP - Pune,420435,KALA Care Global LLP - Aurangabad,420435_1,Others/Remarks,Diesel pipe main,Sales Coordinator,Does Not Qualify,1-2Z0LJMP,Reliance Jio Infocomm Limited,ZO_West (CS),213556943,3R550TA 4G1,20,DATTAKAMBLE,Rani Barate,,,,,
1-14193701411,2026-07-18 15:19:31,Manual,Sales Coordinator,Battery,KALA Care Global LLP - Pune,420435,KALA Care Global LLP - Kalaburagi,420435_13,Battery,Battery,Sales Coordinator,Quotation Submitted,1-3MZIR0T,Bajaj Earths Private Limited,ZO_West (CS),,DV10TAG1,500,,Rani Barate,Q420435132700484,2026-07-21 10:44:11,,,
1-14193717641,2026-07-18 15:15:18,Manual,Sales Coordinator,Others/Remarks,KALA Care Global LLP - Pune,420435,KALA Care Global LLP - Ahmednagar,420435_2,Others/Remarks,RADIATOR HOSE,Sales Coordinator,Invoiced Generated,1-6BS-1579,HOTEL SAI RESIDENCE,ZO_West (CS),,,,,Rani Barate,Q420435022700740,2026-07-18 15:20:05,,1-14236665781,2026-08-01 16:31:12
1-14193733965,2026-07-18 15:46:32,eFSR,Service Engineer,BD Spares,KALA Care Global LLP - Pune,420435,KALA Care Global LLP - Belagavi,420435_9,BD Spares,Emergency switch,Service Coordinator,Nurturing,1-3FQU8O6,The Bailhongal Urban Co Operative Bank Limited,ZO_West (CS),213717830,HA294 G1,15,SANTOSHKUNIKAR,VIDYA DHABALI,,,,,
1-14193734472,2026-07-18 16:27:52,eFSR,Service Engineer,Others/Remarks,KALA Care Global LLP - Pune,420435,KALA Care Global LLP - Belagavi,420435_9,Others/Remarks,Oil servicing requir,Sales Coordinator,Quotation Submitted,1-26R1BWD,NEW TASTEWELL BAKERS,ZO_West (CS),211955013,3R1040T G1,30,GAJANANBHOSALE,VIDYA DHABALI,Q420435092700695,2026-07-22 11:16:11,,,
1-14193749397,2026-07-18 16:20:39,eFSR,Service Engineer,Others/Remarks,KALA Care Global LLP - Pune,420435,KALA Care Global LLP - Hospet,420435_10,Coolant Change,Replace the coolant,Sales Coordinator,New,1-358H95Z,Jubilant FoodWorks Limited,ZO_West (CS),213717853,4R810TA G1,50,Krishna kumarG,,,,,,
1-14193749397,2026-07-18 16:20:39,eFSR,Service Engineer,Others/Remarks,KALA Care Global LLP - Pune,420435,KALA Care Global LLP - Hospet,420435_10,Others/Remarks,Ni,Sales Coordinator,New,1-358H95Z,Jubilant FoodWorks Limited,ZO_West (CS),213717853,4R810TA G1,50,Krishna kumarG,,,,,,
1-14193749397,2026-07-18 16:20:39,eFSR,Service Engineer,Others/Remarks,KALA Care Global LLP - Pune,420435,KALA Care Global LLP - Hospet,420435_10,Service AMC/Bandhan/Anubandhan,Need's to be oil ser,Sales Coordinator,New,1-358H95Z,Jubilant FoodWorks Limited,ZO_West (CS),213717853,4R810TA G1,50,Krishna kumarG,,,,,,
1-14194181834,2026-07-18 16:45:09,eFSR,Service Engineer,New Engine,KALA Care Global LLP - Pune,420435,KALA Care Global LLP - Ahmednagar,420435_2,New Engine,,Sales Coordinator,Does Not Qualify,1-67OEIST,Dange Readymix Concrete,ZO_West (CS),212946909,HA494,,RUSHIKESHMAGAR,Rani Barate,,,,,
1-14194214585,2026-07-18 18:03:47,eFSR,Service Engineer,DF Kit,KALA Care Global LLP - Pune,420435,KALA Care Global LLP - Beed,420435_3,DF Kit,DF,Sales Coordinator,New,1-5HINRDC,Sabale Imaging Center,ZO_West (CS),213721132,4K1080ETA4G1,125.4,BALASAHEBGADHAVE,,,,,,
1-14194541175,2026-07-18 18:50:10,eFSR,Service Engineer,Others/Remarks,KALA Care Global LLP - Pune,420435,KALA Care Global LLP - Ahmednagar,420435_2,BD Spares,"Stop solonaid , fan",Sales Coordinator,Quotation Submitted,1-1KP-1699,Anuj Hatcheries & Breaching.,ZO_West (CS),213721602,4R1040,40,NavnathPatare,Rani Barate,Q420435022700779,2026-07-25 12:33:07,,,
1-14194541175,2026-07-18 18:50:10,eFSR,Service Engineer,Others/Remarks,KALA Care Global LLP - Pune,420435,KALA Care Global LLP - Ahmednagar,420435_2,Others/Remarks,Not required,Sales Coordinator,Quotation Submitted,1-1KP-1699,Anuj Hatcheries & Breaching.,ZO_West (CS),213721602,4R1040,40,NavnathPatare,Rani Barate,Q420435022700779,2026-07-25 12:33:07,,,
1-14194541384,2026-07-18 23:22:55,eFSR,Service Engineer,Others/Remarks,KALA Care Global LLP - Pune,420435,KALA Care Global LLP - Hospet,420435_10,Others/Remarks,Need to be oil filte,Sales Coordinator,Invoiced Generated,1-1JJ-4787,M S Petroleums,ZO_West (CS),213722258,HA294,15,MOHAMEED ABDULLAHMOHAMMED,B Sneha Ballari,Q420435102701008,2026-08-12 14:10:03,,1-14268335871,2026-08-12 14:10:30
1-14194636291,2026-07-19 07:05:25,eFSR,Service Engineer,Others/Remarks,KALA Care Global LLP - Pune,420435,KALA Care Global LLP - Belagavi,420435_9,Oil,Oil service required,Sales Coordinator,Quotation Submitted,1-5SKP3IN,CIVET PROJECTS PRIVATE LIMITED.....,ZO_West (CS),213718364,4R1190,,PRAMODDHARIGOUD,VIDYA DHABALI,Q420435092700693,2026-07-22 11:09:29,,,
1-14194636291,2026-07-19 07:05:25,eFSR,Service Engineer,Others/Remarks,KALA Care Global LLP - Pune,420435,KALA Care Global LLP - Belagavi,420435_9,Others/Remarks,Oil service,Sales Coordinator,Quotation Submitted,1-5SKP3IN,CIVET PROJECTS PRIVATE LIMITED.....,ZO_West (CS),213718364,4R1190,,PRAMODDHARIGOUD,VIDYA DHABALI,Q420435092700693,2026-07-22 11:09:29,,,
1-14195421339,2026-07-19 18:17:59,eFSR,Service Engineer,Others/Remarks,KALA Care Global LLP - Pune,420435,KALA Care Global LLP - Ballari,420435_11,Others/Remarks,Dh,Sales Coordinator,Does Not Qualify,1-3KMXJT,ICICI Bank Limited,ZO_West (CS),213715925,4R1040,40,NAGARAJ PPATEGOWDAR,B Sneha Ballari,,,,,
1-14195421392,2026-07-19 18:50:58,eFSR,Service Engineer,Oil,KALA Care Global LLP - Pune,420435,KALA Care Global LLP - Ballari,420435_11,BD Spares,Fuel tank,Sales Coordinator,Future Consideration,1-6I25CTK,DREAM SMART HOMES,ZO_West (CS),213686932,DV16ETA G1,1010,NAGARAJ PPATEGOWDAR,B Sneha Ballari,,,,,
1-14195421392,2026-07-19 18:50:58,eFSR,Service Engineer,Oil,KALA Care Global LLP - Pune,420435,KALA Care Global LLP - Ballari,420435_11,Battery,Dg,Sales Coordinator,Future Consideration,1-6I25CTK,DREAM SMART HOMES,ZO_West (CS),213686932,DV16ETA G1,1010,NAGARAJ PPATEGOWDAR,B Sneha Ballari,,,,,
1-14195421392,2026-07-19 18:50:58,eFSR,Service Engineer,Oil,KALA Care Global LLP - Pune,420435,KALA Care Global LLP - Ballari,420435_11,Coolant Change,Coolant,Sales Coordinator,Future Consideration,1-6I25CTK,DREAM SMART HOMES,ZO_West (CS),213686932,DV16ETA G1,1010,NAGARAJ PPATEGOWDAR,B Sneha Ballari,,,,,
1-14195421392,2026-07-19 18:50:58,eFSR,Service Engineer,Oil,KALA Care Global LLP - Pune,420435,KALA Care Global LLP - Ballari,420435_11,Oil,Engine,Sales Coordinator,Future Consideration,1-6I25CTK,DREAM SMART HOMES,ZO_West (CS),213686932,DV16ETA G1,1010,NAGARAJ PPATEGOWDAR,B Sneha Ballari,,,,,
1-14195421392,2026-07-19 18:50:58,eFSR,Service Engineer,Oil,KALA Care Global LLP - Pune,420435,KALA Care Global LLP - Ballari,420435_11,Paid Services -PM,Engine,Sales Coordinator,Future Consideration,1-6I25CTK,DREAM SMART HOMES,ZO_West (CS),213686932,DV16ETA G1,1010,NAGARAJ PPATEGOWDAR,B Sneha Ballari,,,,,
1-14195508459,2026-07-20 09:42:31,Manual,Sales Coordinator,Paid Services -PM,KALA Care Global LLP - Pune,420435,KALA Care Global LLP - Aurangabad,420435_1,Paid Services -PM,SERVCING REQUIRED,Sales Coordinator,Converted,1-48YQ4FE,Galdhar Foods Pvt. Ltd.,ZO_West (CS),,4K1080TA G2,125,,Rani Barate,Q420435012700666,2026-07-20 09:47:12,2026-07-20 09:47:22,208046464,2026-07-20 09:48:14
1-14196310748,2026-07-20 10:31:17,eFSR,Service Engineer,Others/Remarks,KALA Care Global LLP - Pune,420435,KALA Care Global LLP - Belagavi,420435_9,Others/Remarks,Not required,Sales Coordinator,Does Not Qualify,1-5Z0P3AF,To The Director of Belagavi Institute Of Medical Science,ZO_West (CS),213661753,4R1040T,62.5,RAJUTALWAR,VIDYA DHABALI,,,,,
1-14196570547,2026-07-20 11:56:03,eFSR,Service Engineer,Others/Remarks,KALA Care Global LLP - Pune,420435,KALA Care Global LLP - Aurangabad,420435_1,DF Kit,Def 4 baket 20 li,Sales Coordinator,Does Not Qualify,1-4R3XO8W,J/V Of Mr.Anil Dattatraya Dhawale And Mrs.Swati Anil Dhawale,ZO_West (CS),213724601,4K1080ETA4G1,125.4,GANESHPATTHE,Rani Barate,,,,,
1-14196570547,2026-07-20 11:56:03,eFSR,Service Engineer,Others/Remarks,KALA Care Global LLP - Pune,420435,KALA Care Global LLP - Aurangabad,420435_1,Diesel Exhaust Fluid,4 baker,Sales Coordinator,Does Not Qualify,1-4R3XO8W,J/V Of Mr.Anil Dattatraya Dhawale And Mrs.Swati Anil Dhawale,ZO_West (CS),213724601,4K1080ETA4G1,125.4,GANESHPATTHE,Rani Barate,,,,,
1-14196570547,2026-07-20 11:56:03,eFSR,Service Engineer,Others/Remarks,KALA Care Global LLP - Pune,420435,KALA Care Global LLP - Aurangabad,420435_1,Others/Remarks,Amc warany samplyava,Sales Coordinator,Does Not Qualify,1-4R3XO8W,J/V Of Mr.Anil Dattatraya Dhawale And Mrs.Swati Anil Dhawale,ZO_West (CS),213724601,4K1080ETA4G1,125.4,GANESHPATTHE,Rani Barate,,,,,
1-14196728601,2026-07-20 11:57:57,Manual,Sales Coordinator,Allied Oil,KALA Care Global LLP - Pune,420435,KALA Care Global LLP - Kalaburagi,420435_13,Allied Oil,DEF,Sales Coordinator,Converted,1-3WXUFXN,B V R CONSTRUCTION SERVICES,ZO_West (CS),,,,,Rani Barate,Q420435132700485,2026-07-20 12:01:22,,1-14196902931,2026-07-20 12:29:41
1-14197104173,2026-07-20 13:28:19,eFSR,Service Engineer,Battery,KALA Care Global LLP - Pune,420435,KALA Care Global LLP - Aurangabad,420435_1,Battery,Battery,Sales Coordinator,Does Not Qualify,1-3PPGPUH,The Karnataka Bank  Limited.,ZO_West (CS),213721436,EA10,5,HarshalIngle,Rani Barate,,,,,
1-14197113821,2026-07-20 13:15:02,Manual,Sales Coordinator,Oil,KALA Care Global LLP - Pune,420435,KALA Care Global LLP - Kalaburagi,420435_13,Oil,Oil Service,Sales Coordinator,Converted,1-3V00XIQ,Chandraraya M Devanagoan,ZO_West (CS),,6K1080TA G2,160,,Rani Barate,Q420435132700486,2026-07-20 13:20:00,,212320534,2026-08-07 09:40:54
1-14197241382,2026-07-20 14:00:48,eFSR,Service Engineer,Diesel Exhaust Fluid,KALA Care Global LLP - Pune,420435,KALA Care Global LLP - Vijayapura,420435_14,Diesel Exhaust Fluid,Required,Sales Coordinator,Does Not Qualify,1-66F6OU2,Shri Sai Hospital,ZO_West (CS),213719261,6SL90ETA 4G2,250,UMESHPatil,Rani Barate,,,,,
1-14197331091,2026-07-20 14:14:54,Manual,Sales Coordinator,Others/Remarks,KALA Care Global LLP - Pune,420435,KALA Care Global LLP - Ahmednagar,420435_2,Others/Remarks,RADIATOR FAN REQUIRED,Sales Coordinator,Invoiced Generated,1-3QV75GE,AMAR ELECTRICALS,ZO_West (CS),,,,,Rani Barate,Q420435022700746,2026-07-20 14:31:47,,1-14198057713,2026-07-20 16:22:41
1-14197509211,2026-07-20 15:05:54,eFSR,Service Engineer,Battery,KALA Care Global LLP - Pune,420435,KALA Care Global LLP - Belagavi,420435_9,Battery,130ah,Sales Coordinator,New,1-367CA,HATSUN AGRO PRODUCT LIMITED,ZO_West (CS),213675983,4R1040T,,SATISHNAVAGEKAR,,,,,,
1-14197509211,2026-07-20 15:05:54,eFSR,Service Engineer,Battery,KALA Care Global LLP - Pune,420435,KALA Care Global LLP - Belagavi,420435_9,Coolant Change,Required,Sales Coordinator,New,1-367CA,HATSUN AGRO PRODUCT LIMITED,ZO_West (CS),213675983,4R1040T,,SATISHNAVAGEKAR,,,,,,
1-14197699421,2026-07-20 15:37:58,Manual,Sales Coordinator,BD Spares,KALA Care Global LLP - Pune,420435,KALA Care Global LLP - Hospet,420435_10,BD Spares,AIR FILTER,Sales Coordinator,Invoiced Generated,1-3ME9SBA,MPPS GROUP,ZO_West (CS),,,,,B Sneha Ballari,Q420435102700829,2026-07-20 17:32:36,,1-14198391041,2026-07-20 17:33:53
1-14197796141,2026-07-20 15:44:02,Manual,Sales Coordinator,Paid Services -PM,KALA Care Global LLP - Pune,420435,KALA Care Global LLP - Ahmednagar,420435_2,Others/Remarks,PAID SERVICING,Sales Coordinator,Quotation Submitted,1-5P3FJOS,Kailash Ghule,ZO_West (CS),,4R1190,,,Rani Barate,Q420435022700747,2026-07-20 16:09:54,,,
1-14198138359,2026-07-20 17:11:22,eFSR,Service Engineer,Diesel Exhaust Fluid,KALA Care Global LLP - Pune,420435,KALA Care Global LLP - Kalaburagi,420435_13,Battery,No,Sales Coordinator,Quotation Submitted,1-5VPGFNQ,FAIR EXPORTS (INDIA) PVT LTD,ZO_West (CS),213726836,DV8TA G3,400,Shakeel AshrafChowdhari,Rani Barate,Q420435132700495,2026-07-28 16:42:11,,,
1-14198138359,2026-07-20 17:11:22,eFSR,Service Engineer,Diesel Exhaust Fluid,KALA Care Global LLP - Pune,420435,KALA Care Global LLP - Kalaburagi,420435_13,Coolant Change,Ok,Sales Coordinator,Quotation Submitted,1-5VPGFNQ,FAIR EXPORTS (INDIA) PVT LTD,ZO_West (CS),213726836,DV8TA G3,400,Shakeel AshrafChowdhari,Rani Barate,Q420435132700495,2026-07-28 16:42:11,,,
1-14198138359,2026-07-20 17:11:22,eFSR,Service Engineer,Diesel Exhaust Fluid,KALA Care Global LLP - Pune,420435,KALA Care Global LLP - Kalaburagi,420435_13,Diesel Exhaust Fluid,Ok,Sales Coordinator,Quotation Submitted,1-5VPGFNQ,FAIR EXPORTS (INDIA) PVT LTD,ZO_West (CS),213726836,DV8TA G3,400,Shakeel AshrafChowdhari,Rani Barate,Q420435132700495,2026-07-28 16:42:11,,,
1-14198138359,2026-07-20 17:11:22,eFSR,Service Engineer,Diesel Exhaust Fluid,KALA Care Global LLP - Pune,420435,KALA Care Global LLP - Kalaburagi,420435_13,Oil,Ok,Sales Coordinator,Quotation Submitted,1-5VPGFNQ,FAIR EXPORTS (INDIA) PVT LTD,ZO_West (CS),213726836,DV8TA G3,400,Shakeel AshrafChowdhari,Rani Barate,Q420435132700495,2026-07-28 16:42:11,,,
1-14198138359,2026-07-20 17:11:22,eFSR,Service Engineer,Diesel Exhaust Fluid,KALA Care Global LLP - Pune,420435,KALA Care Global LLP - Kalaburagi,420435_13,Paid Services -PM,Ok,Sales Coordinator,Quotation Submitted,1-5VPGFNQ,FAIR EXPORTS (INDIA) PVT LTD,ZO_West (CS),213726836,DV8TA G3,400,Shakeel AshrafChowdhari,Rani Barate,Q420435132700495,2026-07-28 16:42:11,,,
1-14198140651,2026-07-20 16:37:28,Manual,Sales Coordinator,Others/Remarks,KALA Care Global LLP - Pune,420435,KALA Care Global LLP - Belagavi,420435_9,BD Spares,PARTS REQUIRED,Sales Coordinator,Invoiced Generated,1-5VL-3119,"Girish G Sajjan, Athani",ZO_West (CS),,HA694,,,VIDYA DHABALI,Q420435092700686,2026-07-20 16:40:33,,1-14198106736,2026-07-20 16:41:09
1-14198146668,2026-07-20 16:42:13,eFSR,Service Engineer,Oil,KALA Care Global LLP - Pune,420435,KALA Care Global LLP - Kalaburagi,420435_13,Coolant Change,Ok,Sales Coordinator,Does Not Qualify,1-6ASQA7Q,Deputy Commissioner,ZO_West (CS),213725793,6SL9088TA,160,Shakeel AshrafChowdhari,Rani Barate,,,,,
1-14198146668,2026-07-20 16:42:13,eFSR,Service Engineer,Oil,KALA Care Global LLP - Pune,420435,KALA Care Global LLP - Kalaburagi,420435_13,Oil,Ok,Sales Coordinator,Does Not Qualify,1-6ASQA7Q,Deputy Commissioner,ZO_West (CS),213725793,6SL9088TA,160,Shakeel AshrafChowdhari,Rani Barate,,,,,
1-14198146759,2026-07-20 16:47:30,eFSR,Service Engineer,Oil,KALA Care Global LLP - Pune,420435,KALA Care Global LLP - Vijayapura,420435_14,Oil,Oil service,Sales Coordinator,New,1-5XIA93B,ASHTA LAKSHMI SABHAGRAHA,ZO_West (CS),213725733,4R810ETA4G1,58.5,UMESHPatil,,,,,,
1-14198147484,2026-07-20 17:19:23,eFSR,Service Engineer,Oil,KALA Care Global LLP - Pune,420435,KALA Care Global LLP - Vijayapura,420435_14,Coolant Change,Coolant required,Sales Coordinator,New,1-175IWJ9,THE CHAIRMAN,ZO_West (CS),213725386,3R1040T G1,30,SANGAPPA BANNATTIBANNATTI,,,,,,
1-14198147484,2026-07-20 17:19:23,eFSR,Service Engineer,Oil,KALA Care Global LLP - Pune,420435,KALA Care Global LLP - Vijayapura,420435_14,Oil,Engine oil service r,Sales Coordinator,New,1-175IWJ9,THE CHAIRMAN,ZO_West (CS),213725386,3R1040T G1,30,SANGAPPA BANNATTIBANNATTI,,,,,,
1-14198147484,2026-07-20 17:19:23,eFSR,Service Engineer,Oil,KALA Care Global LLP - Pune,420435,KALA Care Global LLP - Vijayapura,420435_14,Service AMC/Bandhan/Anubandhan,Koel Bhandan Plus,Sales Coordinator,New,1-175IWJ9,THE CHAIRMAN,ZO_West (CS),213725386,3R1040T G1,30,SANGAPPA BANNATTIBANNATTI,,,,,,
1-14198256871,2026-07-20 17:03:55,Manual,Sales Coordinator,Oil,KALA Care Global LLP - Pune,420435,KALA Care Global LLP - Belagavi,420435_9,Oil,PARTS REQUIRED,Sales Coordinator,Invoiced Generated,1-3LT4UU0,SHIVANAND KHOT,ZO_West (CS),,,,,VIDYA DHABALI,Q420435092700687,2026-07-20 17:08:34,,1-14198278371,2026-07-20 17:09:02
1-14198563881,2026-07-20 17:55:36,Manual,Sales Coordinator,BD Spares,KALA Care Global LLP - Pune,420435,KALA Care Global LLP - Kalaburagi,420435_13,BD Spares,BD SPARES,Sales Coordinator,Converted,1-604HA8S,ANAND. N. PARIT,ZO_West (CS),,,,,Rani Barate,Q420435132700489,2026-07-20 17:59:05,,1-14198608621,2026-07-20 18:00:34
1-14198780922,2026-07-21 07:09:49,eFSR,Service Engineer,Others/Remarks,KALA Care Global LLP - Pune,420435,KALA Care Global LLP - Hubli,420435_8,Oil,Ok,Sales Coordinator,New,1-22A1-1,Bharat Petroleum Corporation Ltd,ZO_West (CS),213727147,3R1040TA G1,40,KRISHNADASABAL,,,,,,
1-14198780922,2026-07-21 07:09:49,eFSR,Service Engineer,Others/Remarks,KALA Care Global LLP - Pune,420435,KALA Care Global LLP - Hubli,420435_8,Others/Remarks,Ok,Sales Coordinator,New,1-22A1-1,Bharat Petroleum Corporation Ltd,ZO_West (CS),213727147,3R1040TA G1,40,KRISHNADASABAL,,,,,,
1-14199505666,2026-07-21 09:42:28,Manual,Sales Coordinator,Paid Services -PM,KALA Care Global LLP - Pune,420435,KALA Care Global LLP - Aurangabad,420435_1,Paid Services -PM,SERVCING REQUIRED,Sales Coordinator,Invoiced Generated,1-5RVDJER,Mukim Bhikan Shaha,ZO_West (CS),,,,,Rani Barate,Q420435012700674,2026-07-21 09:47:35,2026-07-21 09:47:41,1-14199520841,2026-07-21 09:48:25
1-14199588400,2026-07-21 10:35:04,eFSR,Service Engineer,Others/Remarks,KALA Care Global LLP - Pune,420435,KALA Care Global LLP - Latur,420435_6,Others/Remarks,No,Sales Coordinator,New,1-6BV-4499,Jagruti Sugar & Allied Industries Limited,ZO_West (CS),213612429,DV12SR1,625,MAHALINGPATIL,,,,,,
1-14199601651,2026-07-21 10:09:25,Manual,Sales Coordinator,Paid Services -PM,KALA Care Global LLP - Pune,420435,KALA Care Global LLP - Babhleshwar,420435_5,Paid Services -PM,PAID SERVICING,Sales Coordinator,Quotation Submitted,1-4TV4F18,Shankar Kundlik Chavhan,ZO_West (CS),,3R1040T G1,30,,Rani Barate,Q420435052700170,2026-07-21 10:31:27,,,
1-14199713601,2026-07-21 10:35:44,Manual,Sales Coordinator,Paid Services -PM,KALA Care Global LLP - Pune,420435,KALA Care Global LLP - Ahmednagar,420435_2,Paid Services -PM,PAID SERVICING,Sales Coordinator,Quotation Submitted,1-5RXTA75,HANUMANT NARAYAN SHINDE,ZO_West (CS),,4R1190,,,Rani Barate,Q420435022700749,2026-07-21 10:42:53,,,
1-14199859701,2026-07-21 11:03:39,Manual,Sales Coordinator,Others/Remarks,KALA Care Global LLP - Pune,420435,KALA Care Global LLP - Ahmednagar,420435_2,Others/Remarks,ENGINE SPARES,Sales Coordinator,Invoiced Generated,1-38DNL5L,B4S SOLUTION PVT. LTD.,ZO_West (CS),,,,,Rani Barate,Q420435022700751,2026-07-31 17:56:57,,1-14233505448,2026-07-31 17:57:42
1-14200266001,2026-07-21 12:27:52,Manual,Sales Coordinator,Paid Services -PM,KALA Care Global LLP - Pune,420435,KALA Care Global LLP - Ahmednagar,420435_2,Paid Services -PM,PAID SERVICING,Sales Coordinator,Quotation Submitted,1-4CIGNWV,Unitics Infrastructure And Technology Pvt. Ltd.,ZO_West (CS),,3R1040T G1,35,,Rani Barate,Q420435022700752,2026-07-21 12:34:51,,,
1-14200432391,2026-07-21 13:19:16,eFSR,Service Engineer,Others/Remarks,KALA Care Global LLP - Pune,420435,KALA Care Global LLP - Hubli,420435_8,Others/Remarks,Ok,Sales Coordinator,Does Not Qualify,1-68EW4RG,NIDEC Industrial Automation India Private Limited,ZO_West (CS),213725281,K12TA G1,1500,KRISHNADASABAL,NIKITA HIREMATH,,,,,
1-14200545811,2026-07-21 13:14:00,Manual,Sales Coordinator,Paid Services -PM,KALA Care Global LLP - Pune,420435,KALA Care Global LLP - Hubli,420435_8,Paid Services -PM,WET PM PARTS,Sales Coordinator,Invoiced Generated,1-3SUCDYZ,Unique Solution,ZO_West (CS),,,,,NIKITA HIREMATH,Q420435082700421,2026-07-21 13:20:54,2026-07-21 13:21:11,1-14200570761,2026-07-21 13:21:38
1-14200798963,2026-07-21 14:24:02,eFSR,Service Engineer,Oil,KALA Care Global LLP - Pune,420435,KALA Care Global LLP - Belagavi,420435_9,Coolant Change,Required coolant,Sales Coordinator,Quotation Submitted,1-371AZCN,"Podar International School, Belgaum",ZO_West (CS),208599492,4R1040TA,82.5,RAJUTALWAR,VIDYA DHABALI,Q420435092700772,2026-08-05 11:02:48,,,
1-14200798963,2026-07-21 14:24:02,eFSR,Service Engineer,Oil,KALA Care Global LLP - Pune,420435,KALA Care Global LLP - Belagavi,420435_9,Oil,Oil servsing due,Sales Coordinator,Quotation Submitted,1-371AZCN,"Podar International School, Belgaum",ZO_West (CS),208599492,4R1040TA,82.5,RAJUTALWAR,VIDYA DHABALI,Q420435092700772,2026-08-05 11:02:48,,,
1-14200799173,2026-07-21 14:34:44,eFSR,Service Engineer,Coolant Change,KALA Care Global LLP - Pune,420435,KALA Care Global LLP - Vijayapura,420435_14,Coolant Change,Top up,Sales Coordinator,New,1-6GHZB2H,M/S V.M. Kulkarni,ZO_West (CS),213724905,3R1190ENA 4G2,35,UMESHPatil,,,,,,
1-14200819510,2026-07-21 14:46:33,eFSR,Service Engineer,Diesel Exhaust Fluid,KALA Care Global LLP - Pune,420435,KALA Care Global LLP - Aurangabad,420435_1,Diesel Exhaust Fluid,40 liter,Sales Coordinator,Invoiced Generated,1-6FO3383,NANDINI RESORTS,ZO_West (CS),213730271,4K1080ETA4G1,125,GANESHPATTHE,Rani Barate,Q420435012700678,2026-07-22 16:27:14,2026-07-23 13:12:33,1-14207419081,2026-07-23 13:13:02
1-14200848801,2026-07-21 14:19:48,Manual,Sales Coordinator,Others/Remarks,KALA Care Global LLP - Pune,420435,KALA Care Global LLP - Ahmednagar,420435_2,Others/Remarks,ENGINE SPARES,Sales Coordinator,Invoiced Generated,1-5QXQT0I,AJIT RAJARAM SUPEKAR,ZO_West (CS),,,,,Rani Barate,Q420435022700756,2026-07-21 15:30:41,,1-14201203643,2026-07-21 15:30:45
1-14200983171,2026-07-21 15:00:42,Manual,Sales Coordinator,BD Spares,KALA Care Global LLP - Pune,420435,KALA Care Global LLP - Hospet,420435_10,BD Spares,FILTERS,Sales Coordinator,Invoiced Generated,1-3O7ZVDF,MSPL Limited,ZO_West (CS),,,,,B Sneha Ballari,Q420435102700834,2026-07-21 15:12:23,,1-14201050007,2026-07-21 15:12:27
1-14201082171,2026-07-21 15:19:11,Manual,Sales Coordinator,Others/Remarks,KALA Care Global LLP - Pune,420435,KALA Care Global LLP - Ahmednagar,420435_2,Coolant Change,COOLANT AND OIL,Sales Coordinator,Invoiced Generated,1-6IUO4BU,ARVI ENTERPRISES,ZO_West (CS),,,,,Rani Barate,Q420435022700758,2026-07-21 15:41:07,,1-14201210411,2026-07-21 15:41:33
1-14201412601,2026-07-21 16:13:09,Manual,Sales Coordinator,Others/Remarks,KALA Care Global LLP - Pune,420435,KALA Care Global LLP - Ahmednagar,420435_2,Others/Remarks,CONTROLLER,Sales Coordinator,Invoiced Generated,1-4TNL44H,RRSM INFRA PRIVATE LIMITED,ZO_West (CS),,,,,Rani Barate,Q420435022700760,2026-07-21 16:16:05,,1-14201439611,2026-07-21 16:18:34
1-14201464961,2026-07-21 16:29:59,Manual,Sales Coordinator,Paid Services -PM,KALA Care Global LLP - Pune,420435,KALA Care Global LLP - Aurangabad,420435_1,Paid Services -PM,SERVCING REQUIRED,Sales Coordinator,Awaiting Approval,1-3BVVR87,GEBBS HEALTHCARE SOLUTIONS PRIVATE LIMITED,ZO_West (CS),,DV8TA G1,320,,Rani Barate,Q420435012700679,2026-07-21 16:47:49,,,
1-14201465456,2026-07-21 16:38:44,Manual,Sales Coordinator,Paid Services -PM,KALA Care Global LLP - Pune,420435,KALA Care Global LLP - Aurangabad,420435_1,Paid Services -PM,SERVCING REQUIRED,Sales Coordinator,Awaiting Approval,1-3BVVR87,GEBBS HEALTHCARE SOLUTIONS PRIVATE LIMITED,ZO_West (CS),,DV8TA G1,320,,Rani Barate,Q420435012700680,2026-07-21 16:46:33,,,
1-14201832642,2026-07-21 17:19:25,eFSR,Service Engineer,Overhauling,KALA Care Global LLP - Pune,420435,KALA Care Global LLP - Belagavi,420435_9,Overhauling,Required overhauling,Service Coordinator,Quotation Submitted,1-1KG-4974,"Mr. Doddappa. Irappa. Doddmani, Tukarshighalli ( Bailhongal )",ZO_West (CS),213730873,4R1040T BS III,,RAJUTALWAR,VIDYA DHABALI,Q420435092700704,2026-07-22 18:08:28,,,
1-14202091542,2026-07-21 19:54:03,eFSR,Service Engineer,Oil,KALA Care Global LLP - Pune,420435,KALA Care Global LLP - Hospet,420435_10,Oil,Oil service,Sales Coordinator,New,1-3Q82GVU,Ashok Kumar N,ZO_West (CS),213730803,HA294 G1,15,MOHAMMED JAFERKALUR,,,,,,
1-14202095451,2026-07-21 20:54:23,eFSR,Service Engineer,Coolant Change,KALA Care Global LLP - Pune,420435,KALA Care Global LLP - Hubli,420435_8,BD Spares,Head gasket,Sales Coordinator,Does Not Qualify,1-5T0EQ2Z,Zaheera Industries,ZO_West (CS),213725114,3R1040T G1,25,IRFNMULLA,NIKITA HIREMATH,,,,,
1-14202095451,2026-07-21 20:54:23,eFSR,Service Engineer,Coolant Change,KALA Care Global LLP - Pune,420435,KALA Care Global LLP - Hubli,420435_8,Coolant Change,Coolant,Sales Coordinator,Does Not Qualify,1-5T0EQ2Z,Zaheera Industries,ZO_West (CS),213725114,3R1040T G1,25,IRFNMULLA,NIKITA HIREMATH,,,,,
1-14202452824,2026-07-21 22:19:54,eFSR,Service Engineer,Others/Remarks,KALA Care Global LLP - Pune,420435,KALA Care Global LLP - Hospet,420435_10,Others/Remarks,Need fly wheel ring,Sales Coordinator,New,1-3D88KQP,Pai Vaibhav Lodge,ZO_West (CS),213730292,4R1040,40,MDAsifMDAsif,,,,,,
1-14203572065,2026-07-22 12:03:19,Manual,Sales Coordinator,BD Spares,KALA Care Global LLP - Pune,420435,KALA Care Global LLP - Aurangabad,420435_1,BD Spares,CONTROLLER REQUIRED,Sales Coordinator,Converted,1-3D9KOPH,Jalna Vaidaykiya Seva Prathishatan Jankalyan Blood Bank Jalna,ZO_West (CS),,4R1040,40,,Rani Barate,Q420435012700682,2026-07-22 12:10:12,2026-07-22 12:11:23,213734891,2026-07-22 14:31:11
1-14203572121,2026-07-22 12:03:32,Manual,Sales Coordinator,Oil,KALA Care Global LLP - Pune,420435,KALA Care Global LLP - Kalaburagi,420435_13,Oil,oil,Sales Coordinator,Converted,1-5LWV42N,SNEHA FARMS PVT LTD(KARNATAKA),ZO_West (CS),,DV8ETA 4G3,500,,Rani Barate,Q420435132700493,2026-07-22 12:20:41,,1-14210293541,2026-07-24 12:00:12
1-14203609005,2026-07-22 12:11:15,eFSR,Service Engineer,Others/Remarks,KALA Care Global LLP - Pune,420435,KALA Care Global LLP - Hubli,420435_8,Oil,Ok,Sales Coordinator,Nurturing,1-4AWAUUP,M/S Aditya Auto Service Center,ZO_West (CS),213719718,HA294 G1,15,KRISHNADASABAL,NIKITA HIREMATH,,,,,
1-14203609005,2026-07-22 12:11:15,eFSR,Service Engineer,Others/Remarks,KALA Care Global LLP - Pune,420435,KALA Care Global LLP - Hubli,420435_8,Others/Remarks,Ok,Sales Coordinator,Nurturing,1-4AWAUUP,M/S Aditya Auto Service Center,ZO_West (CS),213719718,HA294 G1,15,KRISHNADASABAL,NIKITA HIREMATH,,,,,
1-14203609283,2026-07-22 12:33:26,eFSR,Service Engineer,Oil,KALA Care Global LLP - Pune,420435,KALA Care Global LLP - Babhleshwar,420435_5,Coolant Change,K cool low,Sales Coordinator,New,1-1LW5C8M,ATC Telecom Infrastructure Private Limited,ZO_West (CS),213731874,3R1190ENA 4G1,30,RUSHIKESHKHURUD,,,,,,
1-14203609283,2026-07-22 12:33:26,eFSR,Service Engineer,Oil,KALA Care Global LLP - Pune,420435,KALA Care Global LLP - Babhleshwar,420435_5,Oil,Oil level low,Sales Coordinator,New,1-1LW5C8M,ATC Telecom Infrastructure Private Limited,ZO_West (CS),213731874,3R1190ENA 4G1,30,RUSHIKESHKHURUD,,,,,,
1-14203609283,2026-07-22 12:33:26,eFSR,Service Engineer,Oil,KALA Care Global LLP - Pune,420435,KALA Care Global LLP - Babhleshwar,420435_5,Paid Services -PM,Oil level low,Sales Coordinator,New,1-1LW5C8M,ATC Telecom Infrastructure Private Limited,ZO_West (CS),213731874,3R1190ENA 4G1,30,RUSHIKESHKHURUD,,,,,,
1-14203651411,2026-07-22 12:23:37,Manual,Sales Coordinator,BD Spares,KALA Care Global LLP - Pune,420435,KALA Care Global LLP - Babhleshwar,420435_5,BD Spares,radiator assly,Sales Coordinator,Quotation Submitted,1-3WAGB8D,Sai Neem Tree,ZO_West (CS),,4K1080TA G2,125.4,,Rani Barate,Q420435052700171,2026-07-22 15:17:40,,,
1-14203697861,2026-07-22 12:31:28,Manual,Sales Coordinator,Overhauling,KALA Care Global LLP - Pune,420435,KALA Care Global LLP - Aurangabad,420435_1,Overhauling,PARTS,Sales Coordinator,Invoiced Generated,1-3NLPESG,TANVI CONSTRUCTION,ZO_West (CS),,,,,Rani Barate,Q420435012700683,2026-07-22 12:41:18,,1-14203852611,2026-07-22 12:42:51
1-14203725221,2026-07-22 12:27:35,Manual,Sales Coordinator,BD Spares,KALA Care Global LLP - Pune,420435,KALA Care Global LLP - Hospet,420435_10,BD Spares,FEED PUMP,Sales Coordinator,Invoiced Generated,1-375AHJG,BMM ISPAT LIMITED,ZO_West (CS),,,,,B Sneha Ballari,Q420435102700849,2026-07-22 12:37:07,,1-14203789053,2026-07-22 12:37:16
1-14203757681,2026-07-22 12:27:12,Manual,Sales Coordinator,Others/Remarks,KALA Care Global LLP - Pune,420435,KALA Care Global LLP - Belagavi,420435_9,Others/Remarks,PARTS REQUIRED,Sales Coordinator,Invoiced Generated,1-3N3AI1O,GURU RAGHAVENDRA TRADERS,ZO_West (CS),,,,,VIDYA DHABALI,Q420435092700700,2026-07-22 12:30:32,,1-14203694331,2026-07-22 12:31:36
1-14203777241,2026-07-22 12:40:27,Manual,Sales Coordinator,Others/Remarks,KALA Care Global LLP - Pune,420435,KALA Care Global LLP - Babhleshwar,420435_5,,,Sales Coordinator,In Progress,,,ZO_West (CS),,,,,,,,,,
1-14203931021,2026-07-22 12:54:05,Manual,Sales Coordinator,Others/Remarks,KALA Care Global LLP - Pune,420435,KALA Care Global LLP - Ahmednagar,420435_2,Others/Remarks,V BELT,Sales Coordinator,Invoiced Generated,1-46YL2Z4,Rafique Shaikh,ZO_West (CS),,,,,Rani Barate,Q420435022700764,2026-07-22 13:05:21,,1-14204073791,2026-07-22 13:10:55
1-14204158658,2026-07-22 13:37:06,eFSR,Service Engineer,Others/Remarks,KALA Care Global LLP - Pune,420435,KALA Care Global LLP - Belagavi,420435_9,Others/Remarks,Not required,Sales Coordinator,Does Not Qualify,1-3KMXJT,ICICI Bank Limited,ZO_West (CS),213726374,EA10 G1,7.5,RAJUTALWAR,VIDYA DHABALI,,,,,
1-14204356180,2026-07-22 14:52:48,eFSR,Service Engineer,Others/Remarks,KALA Care Global LLP - Pune,420435,KALA Care Global LLP - Ahmednagar,420435_2,Others/Remarks,K cool coolent,Sales Coordinator,Quotation Submitted,1-6AVCVAN,Sonali Vikas Mulay,ZO_West (CS),213734007,3R1190ENA 4G1,30,ALSIFSHAIKH,Rani Barate,Q420435022700770,2026-07-22 16:34:29,,,
1-14204374420,2026-07-22 15:49:36,eFSR,Service Engineer,BD Spares,KALA Care Global LLP - Pune,420435,KALA Care Global LLP - Hospet,420435_10,BD Spares,Give quotation flayw,Service Coordinator,Converted,1-41NAAAO,GULAM NABEE,ZO_West (CS),213733542,4R1190,,Amjad AliABDULLAHKHADAR,B Sneha Ballari,Q420435102700875,2026-07-24 18:26:01,,213737235,2026-07-23 09:45:29
1-14204472601,2026-07-22 14:44:11,Manual,Sales Coordinator,Others/Remarks,KALA Care Global LLP - Pune,420435,KALA Care Global LLP - Ahmednagar,420435_2,Others/Remarks,head gasket required,Sales Coordinator,Quotation Submitted,1-5MTS0LL,Accurate Powertech India Private Limited,ZO_West (CS),,,,,Rani Barate,Q420435022700767,2026-07-22 14:51:44,,,
1-14204598160,2026-07-22 15:36:57,eFSR,Service Engineer,Others/Remarks,KALA Care Global LLP - Pune,420435,KALA Care Global LLP - Ahmednagar,420435_2,Others/Remarks,Not required,Sales Coordinator,Does Not Qualify,1-5KHNH54,Yogesh Shahaji Borhade,ZO_West (CS),213731529,3R1190ENA 4G1,30,NavnathPatare,Rani Barate,,,,,
1-14205047471,2026-07-22 16:45:22,Manual,Sales Coordinator,BD Spares,KALA Care Global LLP - Pune,420435,KALA Care Global LLP - Aurangabad,420435_1,BD Spares,PARTS,Sales Coordinator,Invoiced Generated,1-5SI0668,Kartik Transport,ZO_West (CS),,,,,Rani Barate,Q420435012700689,2026-07-22 16:51:26,,1-14205221646,2026-07-22 17:13:18
1-14205271631,2026-07-22 17:17:06,Manual,Sales Coordinator,Allied Oil,KALA Care Global LLP - Pune,420435,KALA Care Global LLP - Kalaburagi,420435_13,Allied Oil,ALLIED OIL,Sales Coordinator,Converted,1-6D9ZD7E,MIRAJ ENTERTAINMENT LTD,ZO_West (CS),,,,,Rani Barate,Q420435132700497,2026-07-22 17:21:09,,1-14205305611,2026-07-22 17:22:00
1-14206422121,2026-07-23 09:54:52,eFSR,Service Engineer,Others/Remarks,KALA Care Global LLP - Pune,420435,KALA Care Global LLP - Vijayapura,420435_14,BD Spares,Engine oil service r,Sales Coordinator,New,1-3RD7WSX,Maharath HP Petroleum,ZO_West (CS),213735189,3R1040T G1,25,SANGAPPA BANNATTIBANNATTI,,,,,,
1-14206422121,2026-07-23 09:54:52,eFSR,Service Engineer,Others/Remarks,KALA Care Global LLP - Pune,420435,KALA Care Global LLP - Vijayapura,420435_14,Coolant Change,Engine oil service r,Sales Coordinator,New,1-3RD7WSX,Maharath HP Petroleum,ZO_West (CS),213735189,3R1040T G1,25,SANGAPPA BANNATTIBANNATTI,,,,,,
1-14206422121,2026-07-23 09:54:52,eFSR,Service Engineer,Others/Remarks,KALA Care Global LLP - Pune,420435,KALA Care Global LLP - Vijayapura,420435_14,Coolant Change,Required,Sales Coordinator,New,1-3RD7WSX,Maharath HP Petroleum,ZO_West (CS),213735189,3R1040T G1,25,SANGAPPA BANNATTIBANNATTI,,,,,,
1-14206422121,2026-07-23 09:54:52,eFSR,Service Engineer,Others/Remarks,KALA Care Global LLP - Pune,420435,KALA Care Global LLP - Vijayapura,420435_14,Oil,Engine oil service r,Sales Coordinator,New,1-3RD7WSX,Maharath HP Petroleum,ZO_West (CS),213735189,3R1040T G1,25,SANGAPPA BANNATTIBANNATTI,,,,,,
1-14206422121,2026-07-23 09:54:52,eFSR,Service Engineer,Others/Remarks,KALA Care Global LLP - Pune,420435,KALA Care Global LLP - Vijayapura,420435_14,Others/Remarks,Engine oil service r,Sales Coordinator,New,1-3RD7WSX,Maharath HP Petroleum,ZO_West (CS),213735189,3R1040T G1,25,SANGAPPA BANNATTIBANNATTI,,,,,,
1-14206422121,2026-07-23 09:54:52,eFSR,Service Engineer,Others/Remarks,KALA Care Global LLP - Pune,420435,KALA Care Global LLP - Vijayapura,420435_14,Paid Services -PM,Engine oil service r,Sales Coordinator,New,1-3RD7WSX,Maharath HP Petroleum,ZO_West (CS),213735189,3R1040T G1,25,SANGAPPA BANNATTIBANNATTI,,,,,,
1-14206653601,2026-07-23 10:32:37,Manual,Sales Coordinator,Others/Remarks,KALA Care Global LLP - Pune,420435,KALA Care Global LLP - Belagavi,420435_9,Others/Remarks,PARTS REQUIRED,Sales Coordinator,Invoiced Generated,1-68801HM,Sayani Traders,ZO_West (CS),,,,,VIDYA DHABALI,Q420435092700706,2026-07-24 12:36:34,,1-14210570138,2026-07-24 12:36:39
1-14206934411,2026-07-23 11:49:03,Manual,Sales Coordinator,Others/Remarks,KALA Care Global LLP - Pune,420435,KALA Care Global LLP - Ahmednagar,420435_2,Others/Remarks,ENGINE SPARES,Sales Coordinator,Invoiced Generated,1-1KP-1575,R.H.DARE,ZO_West (CS),,,,,Rani Barate,Q420435022700772,2026-07-23 11:52:20,,1-14207035061,2026-07-23 11:52:43
1-14207110056,2026-07-23 12:15:35,eFSR,Service Engineer,Battery,KALA Care Global LLP - Pune,420435,KALA Care Global LLP - Belagavi,420435_9,Battery,150Ah,Sales Coordinator,Quotation Submitted,1-5ZNRPH,OM METALLICS,ZO_West (CS),213736066,6SL1500TA G3,250,DINANATHLOHAR,VIDYA DHABALI,Q420435092700712,2026-07-24 10:09:01,,,
1-14207444605,2026-07-23 13:10:30,eFSR,Service Engineer,BD Spares,KALA Care Global LLP - Pune,420435,KALA Care Global LLP - Nanded,420435_4,BD Spares,Generator controller,Service Coordinator,Awaiting Approval,1-6HP3V9Z,.Prasar Bharati Broadcasting Corporation Of India,ZO_West (CS),213737142,4R1040T,62.5,RAMESHWARAKOLE,Sareen Shaikh,Q420435042700487,2026-07-29 17:03:37,,,
1-14207820631,2026-07-23 14:27:17,eFSR,Service Engineer,Battery,KALA Care Global LLP - Pune,420435,KALA Care Global LLP - Kalaburagi,420435_13,Battery,Ok,Sales Coordinator,Does Not Qualify,1-3PPGPUH,The Karnataka Bank  Limited.,ZO_West (CS),213721335,EA16 G1,10,Shakeel AshrafChowdhari,Rani Barate,,,,,
1-14207964227,2026-07-23 15:26:50,eFSR,Service Engineer,Oil,KALA Care Global LLP - Pune,420435,KALA Care Global LLP - Vijayapura,420435_14,Oil,3H.8422/2421812,Sales Coordinator,New,1-5DHD9ZI,M/s. Hotel Santosh Lodge.,ZO_West (CS),213738424,3R1040T G1,35,MOHD ABUSUFIYANJAHAGIRDAR,,,,,,
1-14207964227,2026-07-23 15:26:50,eFSR,Service Engineer,Oil,KALA Care Global LLP - Pune,420435,KALA Care Global LLP - Vijayapura,420435_14,Paid Services -PM,3H.8422/2421812,Sales Coordinator,New,1-5DHD9ZI,M/s. Hotel Santosh Lodge.,ZO_West (CS),213738424,3R1040T G1,35,MOHD ABUSUFIYANJAHAGIRDAR,,,,,,
1-14207964291,2026-07-23 15:29:14,eFSR,Service Engineer,Others/Remarks,KALA Care Global LLP - Pune,420435,KALA Care Global LLP - Belagavi,420435_9,Others/Remarks,KG 645Display left h,Sales Coordinator,Quotation Submitted,1-3UGMRZS,Bagicha Restaurant,ZO_West (CS),213149963,4R810TA G1,62.5,DINANATHLOHAR,VIDYA DHABALI,Q420435092700717,2026-07-24 14:46:28,,,
1-14208038295,2026-07-23 15:54:46,eFSR,Service Engineer,Battery,KALA Care Global LLP - Pune,420435,KALA Care Global LLP - Belagavi,420435_9,Battery,100ah,Sales Coordinator,Quotation Submitted,1-5VL-2127,Lokmanya Multipurpose Co-Operative Society Ltd,ZO_West (CS),212433774,4R810TA G1,62.5,SATISHNAVAGEKAR,VIDYA DHABALI,Q420435092700716,2026-07-24 14:41:52,,,
1-14208042461,2026-07-23 15:28:09,Manual,Sales Coordinator,Paid Services -PM,KALA Care Global LLP - Pune,420435,KALA Care Global LLP - Babhleshwar,420435_5,Paid Services -PM,PAID SERVICING,Sales Coordinator,Quotation Submitted,1-48NHHHF,Chaitanya Engineering,ZO_West (CS),,4K1080TA G2,125.4,,Rani Barate,Q420435052700174,2026-07-23 16:01:55,,,
1-14208059151,2026-07-23 15:30:48,Manual,Sales Coordinator,Paid Services -PM,KALA Care Global LLP - Pune,420435,KALA Care Global LLP - Aurangabad,420435_1,Paid Services -PM,SERVCING REQUIRED,Sales Coordinator,Quotation Submitted,1-3N2OJV8,SANJEEV AUTO  PARTS MANUFACTURERS PRIVATE LIMITED,ZO_West (CS),,,,,Rani Barate,Q420435012700690,2026-07-23 16:24:57,,,
1-14208310601,2026-07-23 16:14:58,Manual,Sales Coordinator,Others/Remarks,KALA Care Global LLP - Pune,420435,KALA Care Global LLP - Ahmednagar,420435_2,Others/Remarks,FILTERS REQUIRED,Sales Coordinator,Invoiced Generated,1-38LSLKO,MR. Gorakhshant Eknath Pachange,ZO_West (CS),,,,,Rani Barate,Q420435022700774,2026-07-23 16:19:11,,1-14208290109,2026-07-23 16:19:17
1-14208399116,2026-07-23 16:50:07,eFSR,Service Engineer,Oil,KALA Care Global LLP - Pune,420435,KALA Care Global LLP - Vijayapura,420435_14,Coolant Change,3H.0403/1521360,Sales Coordinator,Quotation Submitted,1-DDIDGX,Hatiwale Hospital,ZO_West (CS),213738473,3R1040T G1,30,MOHD ABUSUFIYANJAHAGIRDAR,Rani Barate,Q420435142700201,2026-07-24 11:44:46,,,
1-14208399116,2026-07-23 16:50:07,eFSR,Service Engineer,Oil,KALA Care Global LLP - Pune,420435,KALA Care Global LLP - Vijayapura,420435_14,Oil,3H.0403/1521360,Sales Coordinator,Quotation Submitted,1-DDIDGX,Hatiwale Hospital,ZO_West (CS),213738473,3R1040T G1,30,MOHD ABUSUFIYANJAHAGIRDAR,Rani Barate,Q420435142700201,2026-07-24 11:44:46,,,
1-14208399116,2026-07-23 16:50:07,eFSR,Service Engineer,Oil,KALA Care Global LLP - Pune,420435,KALA Care Global LLP - Vijayapura,420435_14,Paid Services -PM,3H.0403/1521360,Sales Coordinator,Quotation Submitted,1-DDIDGX,Hatiwale Hospital,ZO_West (CS),213738473,3R1040T G1,30,MOHD ABUSUFIYANJAHAGIRDAR,Rani Barate,Q420435142700201,2026-07-24 11:44:46,,,
1-14208428601,2026-07-23 16:30:53,Manual,Sales Coordinator,Others/Remarks,KALA Care Global LLP - Pune,420435,KALA Care Global LLP - Ahmednagar,420435_2,Others/Remarks,V BELT REQUIRED,Sales Coordinator,Invoiced Generated,1-3ARZ3OE,GREEN POWER SALES AND SERVICE,ZO_West (CS),,,,,Rani Barate,Q420435022700775,2026-07-23 16:49:38,,1-14210909701,2026-07-24 13:46:37
1-14208554212,2026-07-23 17:42:36,eFSR,Service Engineer,Others/Remarks,KALA Care Global LLP - Pune,420435,KALA Care Global LLP - Hubli,420435_8,BD Spares,Ok,Sales Coordinator,In Progress,1-14Y88FV,Indian Oil corporation Ltd,ZO_West (CS),213738092,6SL1500TA G3,250,KRISHNADASABAL,,,,,,
1-14208554212,2026-07-23 17:42:36,eFSR,Service Engineer,Others/Remarks,KALA Care Global LLP - Pune,420435,KALA Care Global LLP - Hubli,420435_8,Coolant Change,Ok,Sales Coordinator,In Progress,1-14Y88FV,Indian Oil corporation Ltd,ZO_West (CS),213738092,6SL1500TA G3,250,KRISHNADASABAL,,,,,,
1-14208554212,2026-07-23 17:42:36,eFSR,Service Engineer,Others/Remarks,KALA Care Global LLP - Pune,420435,KALA Care Global LLP - Hubli,420435_8,Oil,Ok,Sales Coordinator,In Progress,1-14Y88FV,Indian Oil corporation Ltd,ZO_West (CS),213738092,6SL1500TA G3,250,KRISHNADASABAL,,,,,,
1-14208554212,2026-07-23 17:42:36,eFSR,Service Engineer,Others/Remarks,KALA Care Global LLP - Pune,420435,KALA Care Global LLP - Hubli,420435_8,Others/Remarks,Ok,Sales Coordinator,In Progress,1-14Y88FV,Indian Oil corporation Ltd,ZO_West (CS),213738092,6SL1500TA G3,250,KRISHNADASABAL,,,,,,
1-14208556661,2026-07-23 16:58:54,Manual,Sales Coordinator,Others/Remarks,KALA Care Global LLP - Pune,420435,KALA Care Global LLP - Hubli,420435_8,Others/Remarks,TOP OVERHAULING PARTE,Sales Coordinator,Invoiced Generated,1-6IZ3OSH,MUTTANNA KUMBAR,ZO_West (CS),,,,,NIKITA HIREMATH,Q420435082700445,2026-07-23 17:11:59,2026-07-23 17:12:23,1-14208574211,2026-07-23 17:13:02
1-14208646459,2026-07-23 18:29:30,eFSR,Service Engineer,Oil,KALA Care Global LLP - Pune,420435,KALA Care Global LLP - Nanded,420435_4,Oil,Oil sarvice required,Sales Coordinator,Awaiting Approval,1-3YL9BMY,District Hospital Hingoli,ZO_West (CS),213740214,4K1080TA G2,125.4,RAFIQSHAIKH,Jyoti Mangesh,Q420435042700486,2026-07-29 16:53:23,,,
1-14208689100,2026-07-23 17:54:54,eFSR,Service Engineer,Others/Remarks,KALA Care Global LLP - Pune,420435,KALA Care Global LLP - Ahmednagar,420435_2,Coolant Change,K cool need,Sales Coordinator,Quotation Submitted,1-4NDYL4I,Sree Lakshmi Srinivasa Poultry Farms,ZO_West (CS),213740424,3R1190ETA 4G1,45,ALSIFSHAIKH,Rani Barate,Q420435022700799,2026-07-28 14:41:41,,,
1-14208689100,2026-07-23 17:54:54,eFSR,Service Engineer,Others/Remarks,KALA Care Global LLP - Pune,420435,KALA Care Global LLP - Ahmednagar,420435_2,Others/Remarks,K cool coolent need,Sales Coordinator,Quotation Submitted,1-4NDYL4I,Sree Lakshmi Srinivasa Poultry Farms,ZO_West (CS),213740424,3R1190ETA 4G1,45,ALSIFSHAIKH,Rani Barate,,,,,
1-14208689498,2026-07-23 18:50:55,eFSR,Service Engineer,Oil,KALA Care Global LLP - Pune,420435,KALA Care Global LLP - Vijayapura,420435_14,Oil,Need to be oil,Sales Coordinator,New,1-2H8CKTP,Managing Director Bijapur Bagalkot KMF Milk Union Bijapur,ZO_West (CS),213739658,2R1040 G1,20,UMESHPatil,Rani Barate,,,,,
1-14208818261,2026-07-23 17:43:07,Manual,Sales Coordinator,Others/Remarks,KALA Care Global LLP - Pune,420435,KALA Care Global LLP - Hubli,420435_8,Others/Remarks,AIR FILTER,Sales Coordinator,Invoiced Generated,1-14Y88FV,Indian Oil corporation Ltd,ZO_West (CS),,,,,NIKITA HIREMATH,Q420435082700446,2026-07-23 17:45:50,2026-07-23 17:46:07,1-14208848111,2026-07-23 17:46:35
1-14208880493,2026-07-23 17:56:55,Manual,Sales Coordinator,Others/Remarks,KALA Care Global LLP - Pune,420435,KALA Care Global LLP - Hubli,420435_8,Others/Remarks,ADD BLUE,Sales Coordinator,Invoiced Generated,1-5VKC45K,KALYAN CONSTRUCTION,ZO_West (CS),,,,,NIKITA HIREMATH,Q420435082700447,2026-07-23 18:02:36,2026-07-23 18:06:24,1-14208895141,2026-07-23 18:06:52
1-14209032601,2026-07-23 18:21:58,Manual,Sales Coordinator,Others/Remarks,KALA Care Global LLP - Pune,420435,KALA Care Global LLP - Hubli,420435_8,Others/Remarks,LUBE OIL FILTER,Sales Coordinator,Invoiced Generated,1-2IZRRZV,Shri Kalmeshwar Enterprises,ZO_West (CS),,,,,NIKITA HIREMATH,Q420435082700448,2026-07-23 18:30:05,2026-07-28 15:36:11,1-14222445631,2026-07-28 15:37:38
1-14209033978,2026-07-23 20:27:34,eFSR,Service Engineer,Oil,KALA Care Global LLP - Pune,420435,KALA Care Global LLP - Hubli,420435_8,Oil,Next month oil servi,Sales Coordinator,New,1-3WYF8UI,KNR CONSTRUCTION LTD,ZO_West (CS),213731945,6SL1500TA G2,200,KHURSHIDHAVARAGI,,,,,,
1-14209034029,2026-07-23 20:30:23,eFSR,Service Engineer,Others/Remarks,KALA Care Global LLP - Pune,420435,KALA Care Global LLP - Hospet,420435_10,Others/Remarks,Give quatation banda,Sales Coordinator,New,1-4JSCUNM,Shri Laxmi Multi-Speciality Hospital,ZO_West (CS),213740529,4R810TA G1,62.5,VIJAYKUMAR,,,,,,
1-14209034029,2026-07-23 20:30:23,eFSR,Service Engineer,Others/Remarks,KALA Care Global LLP - Pune,420435,KALA Care Global LLP - Hospet,420435_10,Service AMC/Bandhan/Anubandhan,Given to quatation b,Sales Coordinator,New,1-4JSCUNM,Shri Laxmi Multi-Speciality Hospital,ZO_West (CS),213740529,4R810TA G1,62.5,VIJAYKUMAR,,,,,,
1-14209105026,2026-07-23 21:58:24,eFSR,Service Engineer,Others/Remarks,KALA Care Global LLP - Pune,420435,KALA Care Global LLP - Ahmednagar,420435_2,Others/Remarks,Not required,Sales Coordinator,Does Not Qualify,1-6BV-4406,Bhandari Marba,ZO_West (CS),213219347,RB33,30,NavnathPatare,Rani Barate,,,,,
1-14210039831,2026-07-24 10:57:10,Manual,Sales Coordinator,BD Spares,KALA Care Global LLP - Pune,420435,KALA Care Global LLP - Aurangabad,420435_1,BD Spares,PARTS,Sales Coordinator,Quotation Submitted,1-3O6481R,MR.TUSHAR SIDDHALING DEVGAONKAR,ZO_West (CS),,,,,Rani Barate,Q420435012700692,2026-07-24 17:43:55,,,
1-14210172621,2026-07-24 11:18:01,Manual,Sales Coordinator,Others/Remarks,KALA Care Global LLP - Pune,420435,KALA Care Global LLP - Hubli,420435_8,Others/Remarks,TOP OVERHAULING PARTS,Sales Coordinator,Converted,1-14Y88FV,Indian Oil corporation Ltd,ZO_West (CS),,6SL1500TA G3,250,,NIKITA HIREMATH,Q420435082700449,2026-07-25 11:27:17,2026-08-01 16:43:49,213738092,2026-07-23 11:17:48
1-14210277601,2026-07-24 11:39:27,Manual,Sales Coordinator,Others/Remarks,KALA Care Global LLP - Pune,420435,KALA Care Global LLP - Ahmednagar,420435_2,Others/Remarks,engine spares for servicing,Sales Coordinator,Quotation Submitted,1-5JUIA26,Kala Defence & Aerospace Systems Private Limited.,ZO_West (CS),,HA294,15,,Rani Barate,Q420435022700776,2026-07-28 14:18:45,,,
1-14210316601,2026-07-24 11:48:16,Manual,Sales Coordinator,Oil,KALA Care Global LLP - Pune,420435,KALA Care Global LLP - Kalaburagi,420435_13,Oil,Engine Oil Service,Sales Coordinator,Quotation Submitted,1-6IWR6WI,SRI LAXMI CONSTRUCTIONS,ZO_West (CS),,HA494,,,Rani Barate,Q420435132700501,2026-07-24 11:52:35,,,
1-14210317041,2026-07-24 11:53:06,Manual,Sales Coordinator,Oil,KALA Care Global LLP - Pune,420435,KALA Care Global LLP - Kalaburagi,420435_13,Oil,Oil Service,Sales Coordinator,Converted,1-6IYRWXV,G.R.ENGINEERS & CONTRACTORS,ZO_West (CS),,4R1190,,,Rani Barate,Q420435132700502,2026-07-24 11:55:48,,213739709,2026-08-24 12:34:04
1-14210317429,2026-07-24 11:58:22,Manual,Sales Coordinator,Oil,KALA Care Global LLP - Pune,420435,KALA Care Global LLP - Kalaburagi,420435_13,Oil,Oil Service,Sales Coordinator,Converted,1-62QY3WQ,EESHAN PETROLEUMS,ZO_West (CS),,4R810ETA4G1,58.5,,Rani Barate,Q420435132700503,2026-07-24 12:06:27,,212700151,2026-08-11 12:08:21
1-14210325554,2026-07-24 12:08:20,Manual,Sales Coordinator,Oil,KALA Care Global LLP - Pune,420435,KALA Care Global LLP - Kalaburagi,420435_13,Oil,Engine Oil Service,Sales Coordinator,Quotation Submitted,1-6D0R4IY,M/s Balajee Construction,ZO_West (CS),,4R 1040 (LTK no. X861002330),,,Rani Barate,Q420435132700505,2026-07-24 12:13:14,,213361132,2026-07-31 11:36:16
1-14210369451,2026-07-24 12:04:52,Manual,Sales Coordinator,Oil,KALA Care Global LLP - Pune,420435,KALA Care Global LLP - Kalaburagi,420435_13,Oil,OIL,Sales Coordinator,Converted,1-3M4JSWI,M N RAMESHENGINEERS & CONTRACTOR,ZO_West (CS),,,,,Rani Barate,Q420435132700504,2026-07-24 12:14:44,,1-14253296124,2026-08-07 12:37:57
1-14210558601,2026-07-24 12:29:09,Manual,Sales Coordinator,Oil,KALA Care Global LLP - Pune,420435,KALA Care Global LLP - Kalaburagi,420435_13,Oil,Engine Oil Service,Sales Coordinator,Quotation Submitted,1-69RLOV6,BHARATH CONSTRUCTIONS,ZO_West (CS),,4R1040,,,Rani Barate,Q420435132700507,2026-07-24 12:33:22,,,
1-14210559336,2026-07-24 12:34:13,Manual,Sales Coordinator,Oil,KALA Care Global LLP - Pune,420435,KALA Care Global LLP - Kalaburagi,420435_13,Oil,Oil Service,Sales Coordinator,Quotation Submitted,1-64I1NY9, ATTAR CONSTRUCTIONS,ZO_West (CS),,4R810,,,Rani Barate,Q420435132700508,2026-07-24 12:38:17,,,
1-14210579185,2026-07-24 12:38:28,Manual,Sales Coordinator,Oil,KALA Care Global LLP - Pune,420435,KALA Care Global LLP - Kalaburagi,420435_13,Oil,Oil Service,Sales Coordinator,Converted,1-2QDME2R,SURYA INFRASTRUCTURES & EQUIPMENTS,ZO_West (CS),,4R810,,,Rani Barate,Q420435132700509,2026-08-07 11:26:28,,213450971,2026-08-07 12:05:45
1-14210579429,2026-07-24 12:41:15,Manual,Sales Coordinator,Oil,KALA Care Global LLP - Pune,420435,KALA Care Global LLP - Kalaburagi,420435_13,Oil,Engine Oil Service,Sales Coordinator,Quotation Submitted,1-6IX1D6C,KIRAN.,ZO_West (CS),,4R810,,,Rani Barate,Q420435132700510,2026-07-24 12:43:50,,,
1-14210601441,2026-07-24 12:56:51,Manual,Sales Coordinator,Paid Services -PM,KALA Care Global LLP - Pune,420435,KALA Care Global LLP - Hubli,420435_8,Others/Remarks,OIL SERVICE,Sales Coordinator,Converted,1-4NMKGSD,RAJAKUMAR SEKAPPA CHAVAN,ZO_West (CS),,Engines,,,NIKITA HIREMATH,Q420435082700450,2026-07-24 13:07:44,2026-07-25 15:10:16,211821421,2026-07-24 13:09:09
1-14210609874,2026-07-24 12:44:16,Manual,Sales Coordinator,Oil,KALA Care Global LLP - Pune,420435,KALA Care Global LLP - Kalaburagi,420435_13,Oil,Engine Oil Service,Sales Coordinator,Quotation Submitted,1-6IXO0OA,AJAY,ZO_West (CS),,4R810,,,Rani Barate,Q420435132700511,2026-07-24 12:46:49,,,
1-14210772841,2026-07-24 13:09:53,Manual,Sales Coordinator,BD Spares,KALA Care Global LLP - Pune,420435,KALA Care Global LLP - Kalaburagi,420435_13,BD Spares,BD SPARES,Sales Coordinator,Converted,1-3XRXE5D,Naganna Sjjan Shetty,ZO_West (CS),,,,,Rani Barate,Q420435132700512,2026-07-24 13:17:27,,1-14210784791,2026-07-24 13:19:06
1-14211206601,2026-07-24 15:00:32,Manual,Sales Coordinator,Others/Remarks,KALA Care Global LLP - Pune,420435,KALA Care Global LLP - Ahmednagar,420435_2,Others/Remarks,DIGITAL RPM METER HOURMETER,Sales Coordinator,Quotation Submitted,1-6J0INUG,ASHOK SEVA SERVICES,ZO_West (CS),,,,,Rani Barate,Q420435022700777,2026-07-25 10:24:17,,,
1-14211701971,2026-07-24 16:39:14,Manual,Sales Coordinator,Others/Remarks,KALA Care Global LLP - Pune,420435,KALA Care Global LLP - Hubli,420435_8,Others/Remarks,UREA TANK,Sales Coordinator,Converted,1-3Y7HXUA,SAV Constructions Karnataka,ZO_West (CS),,4R1190TA,,,NIKITA HIREMATH,Q420435082700453,2026-07-24 17:01:40,2026-07-24 17:04:41,213744263,2026-07-24 17:03:41
1-14211910301,2026-07-24 17:11:36,Manual,Sales Coordinator,RECD,KALA Care Global LLP - Pune,420435,KALA Care Global LLP - Aurangabad,420435_1,RECD,RECD REQUIRED,Sales Coordinator,Quotation Submitted,1-3N2OJV8,SANJEEV AUTO  PARTS MANUFACTURERS PRIVATE LIMITED,ZO_West (CS),,DV12ETA G11,750,,Rani Barate,Q420435012700693,2026-07-24 17:17:14,,,
1-14211989121,2026-07-24 17:31:49,Manual,Sales Coordinator,Paid Services -PM,KALA Care Global LLP - Pune,420435,KALA Care Global LLP - Hospet,420435_10,BD Spares,OIL FILTER,Sales Coordinator,Converted,1-4GS4XV1,Sattva Infraatech,ZO_West (CS),,HA694,,,B Sneha Ballari,Q420435102700874,2026-07-24 17:37:53,,212070474,2026-07-24 11:20:46
1-14212140336,2026-07-24 20:42:40,eFSR,Service Engineer,BD Spares,KALA Care Global LLP - Pune,420435,KALA Care Global LLP - Aurangabad,420435_1,BD Spares,Ecu,Service Coordinator,Does Not Qualify,1-6GNVPE1,Rohan Ramkamal Enterprises Pvt Ltd,ZO_West (CS),213742976,4R1190,,DATTAKAMBLE,Rani Barate,,,,,
1-14212214451,2026-07-24 18:13:15,Manual,Sales Coordinator,Others/Remarks,KALA Care Global LLP - Pune,420435,KALA Care Global LLP - Belagavi,420435_9,Others/Remarks,PARTS REQUIRED,Sales Coordinator,Invoiced Generated,1-68801HM,Sayani Traders,ZO_West (CS),,,,,VIDYA DHABALI,Q420435092700721,2026-07-27 11:11:37,,1-14227658719,2026-07-30 09:53:21
1-14212221020,2026-07-24 18:36:36,eFSR,Service Engineer,Others/Remarks,KALA Care Global LLP - Pune,420435,KALA Care Global LLP - Parbhani,420435_7,Others/Remarks,Ok,Sales Coordinator,New,1-640AWPT,Amarnath Topajee Vitkar,ZO_West (CS),212642821,4R1190,,MaheshHolge,,,,,,
1-14212360010,2026-07-24 21:47:59,eFSR,Service Engineer,BD Spares,KALA Care Global LLP - Pune,420435,KALA Care Global LLP - Belagavi,420435_9,BD Spares,Flywheel ring,Service Coordinator,Quotation Submitted,1-69EMYN4,CITY HOSPITAL,ZO_West (CS),213744240,HA294,15,SANTOSHKUNIKAR,VIDYA DHABALI,Q420435092700746,2026-07-31 10:15:03,,,
1-14212360545,2026-07-25 09:08:50,eFSR,Service Engineer,BD Spares,KALA Care Global LLP - Pune,420435,KALA Care Global LLP - Belagavi,420435_9,BD Spares,AVR required,Service Coordinator,Quotation Submitted,1-36501WK,The Principle Hira Sugar Institute of Technology Nidsoshi,ZO_West (CS),212920726,6R1080T,100,AMITMEKKALIKE,VIDYA DHABALI,Q420435092700729,2026-07-25 17:25:58,,,
1-14212514144,2026-07-25 06:58:13,eFSR,Service Engineer,Others/Remarks,KALA Care Global LLP - Pune,420435,KALA Care Global LLP - Belagavi,420435_9,Others/Remarks,Oil service,Sales Coordinator,Does Not Qualify,1-1ER7GG5,Goodwill Auto,ZO_West (CS),213476710,EA16 G1,10,PRAMODDHARIGOUD,VIDYA DHABALI,,,,,
1-14213269221,2026-07-25 10:40:00,Manual,Sales Coordinator,Others/Remarks,KALA Care Global LLP - Pune,420435,KALA Care Global LLP - Belagavi,420435_9,Others/Remarks,parts required,Sales Coordinator,Invoiced Generated,1-5LO9544,ISHA HYDRO POWER,ZO_West (CS),,,,,VIDYA DHABALI,Q420435092700722,2026-07-25 10:43:25,,1-14213318016,2026-07-25 10:47:07
1-14213449772,2026-07-25 11:13:03,Manual,Sales Coordinator,Others/Remarks,KALA Care Global LLP - Pune,420435,KALA Care Global LLP - Belagavi,420435_9,Others/Remarks,OIL SERVICE REQUIRED,Sales Coordinator,Order/SR Generated,1-3GQBQ1J,"T VENKATA REDDY.,",ZO_West (CS),,Engines,,,VIDYA DHABALI,Q420435092700723,2026-07-25 11:23:13,,213407579,2026-07-24 10:24:00
1-14213548306,2026-07-25 11:56:16,eFSR,Service Engineer,Others/Remarks,KALA Care Global LLP - Pune,420435,KALA Care Global LLP - Parbhani,420435_7,Others/Remarks,Ok,Sales Coordinator,New,1-6452690,Baliram Balasaheb Dudhate,ZO_West (CS),212655123,4R1190,,MaheshHolge,,,,,,
1-14213723501,2026-07-25 12:16:05,Manual,Sales Coordinator,Oil,KALA Care Global LLP - Pune,420435,KALA Care Global LLP - Kalaburagi,420435_13,Oil,Engine Oil Service,Sales Coordinator,Quotation Submitted,1-62E95PN,SHREE BASAVA PETROLEUMS,ZO_West (CS),,3R550TC 4G1 CPCB4+,15,,Rani Barate,Q420435132700514,2026-07-25 12:20:19,,,
1-14213750823,2026-07-25 12:20:27,eFSR,Service Engineer,Battery,KALA Care Global LLP - Pune,420435,KALA Care Global LLP - Beed,420435_3,Battery,Required,Sales Coordinator,New,1-2Z0LJMP,Reliance Jio Infocomm Limited,ZO_West (CS),213671162,HA294 G1,10,LAHUDOIFODE,,,,,,
1-14213892201,2026-07-25 12:44:35,Manual,Sales Coordinator,Paid Services -PM,KALA Care Global LLP - Pune,420435,KALA Care Global LLP - Belagavi,420435_9,Paid Services -PM,OIL SERVICE REQUIRED,Sales Coordinator,Converted,1-3DOI600,Range forest officer Wildlife Range Kulgi,ZO_West (CS),,CC418 G1,3.5,,VIDYA DHABALI,Q420435092700725,2026-07-25 12:51:15,,213727630,2026-07-25 13:31:48
1-14213901601,2026-07-25 12:42:27,Manual,Sales Coordinator,Oil,KALA Care Global LLP - Pune,420435,KALA Care Global LLP - Ahmednagar,420435_2,Oil,OIL BARREL REQUIRED,Sales Coordinator,Invoiced Generated,1-636BJ7R,SKYLINE PROJECT & ENGINEERS,ZO_West (CS),,,,,Rani Barate,Q420435022700780,2026-07-25 16:02:06,,1-14214760304,2026-07-25 16:02:43
1-14214228231,2026-07-25 14:04:18,Manual,Sales Coordinator,Oil,KALA Care Global LLP - Pune,420435,KALA Care Global LLP - Kalaburagi,420435_13,Oil,Engine Oil Service,Sales Coordinator,Converted,1-3HTR5KG,ROSAWALA PETROLEUM,ZO_West (CS),,3R550NA G1,15,,Rani Barate,Q420435132700515,2026-07-25 15:04:37,,213753149,2026-07-27 11:39:40
1-14214251520,2026-07-25 15:00:27,eFSR,Service Engineer,BD Spares,KALA Care Global LLP - Pune,420435,KALA Care Global LLP - Ahmednagar,420435_2,BD Spares,DEF REQUIRED,Service Coordinator,Does Not Qualify,1-5NBI7PP,Swanand Milk Products,ZO_West (CS),211731277,4K1080ETA4G1,125.4,NILESHSALUNKE,Rani Barate,,,,,
1-14214468542,2026-07-25 15:05:48,Manual,Sales Coordinator,Oil,KALA Care Global LLP - Pune,420435,KALA Care Global LLP - Kalaburagi,420435_13,Oil,Engine Oil Service,Sales Coordinator,Converted,1-36OKH5U,BASAVARAJA NANDAPPAGOWDA POLICEPATIL,ZO_West (CS),,Engines,,,Rani Barate,Q420435132700517,2026-07-25 15:11:31,,212774322,2026-08-01 11:08:12
1-14214599611,2026-07-25 15:21:43,Manual,Sales Coordinator,Allied Oil,KALA Care Global LLP - Pune,420435,KALA Care Global LLP - Aurangabad,420435_1,Allied Oil,DEF REQUIRED,Sales Coordinator,Quotation Submitted,1-68CRSEC,Shri Tulsi Buildcon Concrete,ZO_West (CS),,,,,Rani Barate,Q420435012700695,2026-07-25 15:27:27,,,
1-14214909624,2026-07-25 16:26:47,eFSR,Service Engineer,Coolant Change,KALA Care Global LLP - Pune,420435,KALA Care Global LLP - Belagavi,420435_9,Coolant Change,Coolant required,Sales Coordinator,New,1-4PGCYY6,Jai Ganesh Wholesale Saree Depot,ZO_West (CS),212785130,4R810TA G1,62.5,RAJUTALWAR,,,,,,
1-14215529601,2026-07-25 18:27:56,Manual,Sales Coordinator,BD Spares,KALA Care Global LLP - Pune,420435,KALA Care Global LLP - Hospet,420435_10,BD Spares,ENGINE PART,Sales Coordinator,Invoiced Generated,1-5ZFSXDI,HERITAGE FOODS LTD,ZO_West (CS),,,,,B Sneha Ballari,Q420435102700876,2026-07-26 11:37:17,,1-14216222765,2026-07-26 11:37:23
1-14215958261,2026-07-26 11:17:21,eFSR,Service Engineer,Allied Oil,KALA Care Global LLP - Pune,420435,KALA Care Global LLP - Hospet,420435_10,Allied Oil,Advise the coustomer,Sales Coordinator,Converted,1-5NCMQEJ,Jay Bhav Ventures Llp,ZO_West (CS),213744326,4R810,,Krishna kumarG,B Sneha Ballari,Q420435102700881,2026-07-27 19:38:07,,,
1-14215958261,2026-07-26 11:17:21,eFSR,Service Engineer,Allied Oil,KALA Care Global LLP - Pune,420435,KALA Care Global LLP - Hospet,420435_10,Oil,Advise the coustomer,Sales Coordinator,Converted,1-5NCMQEJ,Jay Bhav Ventures Llp,ZO_West (CS),213744326,4R810,,Krishna kumarG,B Sneha Ballari,Q420435102700881,2026-07-27 19:38:07,,,
1-14216341785,2026-07-26 18:18:53,eFSR,Service Engineer,Others/Remarks,KALA Care Global LLP - Pune,420435,KALA Care Global LLP - Hospet,420435_10,Others/Remarks,Found ok,Sales Coordinator,New,1-5WPQM8C,TRACKS AND TOWERS INFRATECH PVT LTD RAICHUR,ZO_West (CS),212789762,4R810ETA4G1,58.5,VIJAYKUMAR,,,,,,
1-14217156061,2026-07-27 10:14:23,Manual,Sales Coordinator,Others/Remarks,KALA Care Global LLP - Pune,420435,KALA Care Global LLP - Ahmednagar,420435_2,Others/Remarks,DEF FILTER REQUIRED,Sales Coordinator,Invoiced Generated,1-5YI5E6R,BHARAT CONSTRUCTIONS INDIA PRIVATE LIMITED,ZO_West (CS),,,,,Rani Barate,Q420435022700782,2026-07-28 17:13:55,,1-14265205401,2026-08-11 15:10:20
1-14217251201,2026-07-27 10:39:27,Manual,Sales Coordinator,Oil,KALA Care Global LLP - Pune,420435,KALA Care Global LLP - Ahmednagar,420435_2,Oil,OIL REQUIRED,Sales Coordinator,Invoiced Generated,1-489KALT,Prashant Jagannath Khande,ZO_West (CS),,,,,Rani Barate,Q420435022700783,2026-07-27 10:42:15,,1-14217273811,2026-07-27 10:42:36
1-14217357601,2026-07-27 10:48:21,Manual,Sales Coordinator,Battery,KALA Care Global LLP - Pune,420435,KALA Care Global LLP - Aurangabad,420435_1,Battery,BATTERY REQUIRED,Sales Coordinator,Invoiced Generated,1-6J4J2LG,SAI SHRUSHTI INTERIOR,ZO_West (CS),,,,,Rani Barate,Q420435012700698,2026-07-27 10:52:04,2026-07-27 10:52:14,1-14217355041,2026-07-27 10:53:47
1-14217498689,2026-07-27 11:18:55,eFSR,Service Engineer,Others/Remarks,KALA Care Global LLP - Pune,420435,KALA Care Global LLP - Belagavi,420435_9,Others/Remarks,Llop,Sales Coordinator,Quotation Submitted,1-43F726E,Shangri La Jungle Village,ZO_West (CS),213744290,3R1040T G1,25,PRASHANTPATIL,VIDYA DHABALI,Q420435092700944,2026-08-24 12:04:56,,,
1-14217720861,2026-07-27 11:57:33,Manual,Sales Coordinator,BD Spares,KALA Care Global LLP - Pune,420435,KALA Care Global LLP - Aurangabad,420435_1,BD Spares,PARTS,Sales Coordinator,Awaiting Approval,1-TPI-43,DR BABASAHEB AMBEDKAR MARATHWADA UNIVERSITY AURANGABAD,ZO_West (CS),,RB33,30,,Rani Barate,Q420435012700701,2026-07-27 14:21:53,,,
1-14217894625,2026-07-27 12:27:16,Manual,Sales Coordinator,Others/Remarks,KALA Care Global LLP - Pune,420435,KALA Care Global LLP - Hubli,420435_8,Others/Remarks,WATER PUMP,Sales Coordinator,Invoiced Generated,1-43MOIZY,M/s. KNR Construction Limited,ZO_West (CS),,,,,NIKITA HIREMATH,Q420435082700458,2026-07-27 12:32:54,2026-07-27 12:38:03,1-14217910251,2026-07-27 12:38:35
1-14217906601,2026-07-27 12:27:33,Manual,Sales Coordinator,Others/Remarks,KALA Care Global LLP - Pune,420435,KALA Care Global LLP - Ahmednagar,420435_2,Others/Remarks,engine spares,Sales Coordinator,Invoiced Generated,1-6J4WRN1,VIRA CHEM,ZO_West (CS),,,,,Rani Barate,Q420435022700788,2026-07-27 12:32:11,,1-14217881501,2026-07-27 12:32:39
1-14218431601,2026-07-27 14:05:18,Manual,Sales Coordinator,Allied Oil,KALA Care Global LLP - Pune,420435,KALA Care Global LLP - Aurangabad,420435_1,Allied Oil,DEF REQUIRED,Sales Coordinator,Awaiting Approval,1-54ZDLVR,AMOL DILIP ADHAV.,ZO_West (CS),,,,,Rani Barate,Q420435012700700,2026-07-27 14:23:29,,,
1-14218441021,2026-07-27 14:12:17,Manual,Sales Coordinator,Others/Remarks,KALA Care Global LLP - Pune,420435,KALA Care Global LLP - Ahmednagar,420435_2,Others/Remarks,ENGINE SPARES,Sales Coordinator,Invoiced Generated,1-3QV75GE,AMAR ELECTRICALS,ZO_West (CS),,,,,Rani Barate,Q420435022700792,2026-07-27 16:10:36,,1-14221212691,2026-07-28 11:30:43
1-14218452461,2026-07-27 14:16:52,Manual,Sales Coordinator,Others/Remarks,KALA Care Global LLP - Pune,420435,KALA Care Global LLP - Babhleshwar,420435_5,,,Sales Coordinator,In Progress,,,ZO_West (CS),,,,,,,,,,
1-14218488885,2026-07-27 14:39:42,eFSR,Service Engineer,Paid Services -PM,KALA Care Global LLP - Pune,420435,KALA Care Global LLP - Belagavi,420435_9,Paid Services -PM,Oil sarvice,Service Coordinator,New,1-5MY3MVS,Saraswati Food Products.,ZO_West (CS),213754223,3R550TA 4G1,20,AMITMEKKALIKE,,,,,,
1-14218489025,2026-07-27 14:47:36,eFSR,Service Engineer,BD Spares,KALA Care Global LLP - Pune,420435,KALA Care Global LLP - Belagavi,420435_9,BD Spares,Flywheel ring,Service Coordinator,In Progress,1-4CIJIL9,S.C. Panchakattimath Prop. S.C.Panchakattimath Petroleums.,ZO_West (CS),213753893,HA394,25,SANTOSHKUNIKAR,,,,,,
1-14218534273,2026-07-27 15:07:21,eFSR,Service Engineer,Service AMC/Bandhan/Anubandhan,KALA Care Global LLP - Pune,420435,KALA Care Global LLP - Parbhani,420435_7,Service AMC/Bandhan/Anubandhan,Bandhan 4 vist,Sales Coordinator,New,1-4MZHU00,R. P. Hospital and Reaserch Institude,ZO_West (CS),213677842,4K1080TA G2,125.4,PRABHAKARUPHADE,,,,,,
1-14218762935,2026-07-27 15:21:57,eFSR,Service Engineer,Others/Remarks,KALA Care Global LLP - Pune,420435,KALA Care Global LLP - Belagavi,420435_9,Others/Remarks,KG 645 Display Fuel,Sales Coordinator,New,1-43B59H9,ROOPALI CONVENTION CENTER,ZO_West (CS),213753853,4R810TA G1,62.5,DINANATHLOHAR,,,,,,
1-14218876001,2026-07-27 15:35:42,Manual,Sales Coordinator,Paid Services -PM,KALA Care Global LLP - Pune,420435,KALA Care Global LLP - Belagavi,420435_9,Paid Services -PM,wet pm,Sales Coordinator,Converted,1-ENYMBS,Bhoomaj Hospital,ZO_West (CS),,HA294 G1,15,,VIDYA DHABALI,Q420435092700732,2026-07-27 15:42:27,,209049222,2026-07-27 15:21:57
1-14218961741,2026-07-27 15:46:06,Manual,Sales Coordinator,Paid Services -PM,KALA Care Global LLP - Pune,420435,KALA Care Global LLP - Belagavi,420435_9,Paid Services -PM,BANDHAN WET PM,Sales Coordinator,Order/SR Generated,1-1W9-2360,Lafayette Hospital,ZO_West (CS),,4R1040TA,82.5,,VIDYA DHABALI,Q420435092700733,2026-07-27 15:51:44,,213203574,2026-07-27 15:25:32
1-14219169351,2026-07-27 16:34:19,Manual,Sales Coordinator,Paid Services -PM,KALA Care Global LLP - Pune,420435,KALA Care Global LLP - Ahmednagar,420435_2,Paid Services -PM,PAID SERVICING,Sales Coordinator,Quotation Submitted,1-472C54O,Jagdamba Poultry Farm,ZO_West (CS),,3R1040T G1,35,,Rani Barate,Q420435022700794,2026-07-27 16:41:00,,,
1-14219480832,2026-07-27 17:21:31,eFSR,Service Engineer,Others/Remarks,KALA Care Global LLP - Pune,420435,KALA Care Global LLP - Belagavi,420435_9,Others/Remarks,Earth fault relay re,Sales Coordinator,Does Not Qualify,1-367CA,HATSUN AGRO PRODUCT LIMITED,ZO_West (CS),213732173,4K1080ETA4G1,125,PRASHANTPATIL,VIDYA DHABALI,,,,,
1-14219828732,2026-07-27 18:07:20,eFSR,Service Engineer,Battery,KALA Care Global LLP - Pune,420435,KALA Care Global LLP - Babhleshwar,420435_5,Battery,Battery,Sales Coordinator,New,1-3CIB0N6,Gadekar Hospital,ZO_West (CS),213750547,HA294,15,SANDIPGAGARE,,,,,,
1-14220007952,2026-07-27 20:25:34,eFSR,Service Engineer,Battery,KALA Care Global LLP - Pune,420435,KALA Care Global LLP - Hospet,420435_10,Battery,Battery discharge,Sales Coordinator,New,1-64WX0XD,M/S Manyata Residency,ZO_West (CS),213754264,4R810TA G1,62.5,MOHAMMED JAFERKALUR,,,,,,
1-14220419605,2026-07-27 23:04:27,eFSR,Service Engineer,Others/Remarks,KALA Care Global LLP - Pune,420435,KALA Care Global LLP - Hospet,420435_10,Others/Remarks,Oil service,Sales Coordinator,Converted,1-5U1CYLB,NANDHA CONSTRUCTIONS,ZO_West (CS),213753082,CCP389 G1,5,Parashuram GGouripurada,B Sneha Ballari,Q420435102701035,2026-08-13 18:12:46,,213171966,2026-08-12 10:41:13
1-14220419605,2026-07-27 23:04:27,eFSR,Service Engineer,Others/Remarks,KALA Care Global LLP - Pune,420435,KALA Care Global LLP - Hospet,420435_10,Paid Services -PM,Oil service,Sales Coordinator,Converted,1-5U1CYLB,NANDHA CONSTRUCTIONS,ZO_West (CS),213753082,CCP389 G1,5,Parashuram GGouripurada,B Sneha Ballari,Q420435102701035,2026-08-13 18:12:46,,213171966,2026-08-12 10:41:13
1-14220419605,2026-07-27 23:04:27,eFSR,Service Engineer,Others/Remarks,KALA Care Global LLP - Pune,420435,KALA Care Global LLP - Hospet,420435_10,Service AMC/Bandhan/Anubandhan,Oil service,Sales Coordinator,Converted,1-5U1CYLB,NANDHA CONSTRUCTIONS,ZO_West (CS),213753082,CCP389 G1,5,Parashuram GGouripurada,B Sneha Ballari,Q420435102701035,2026-08-13 18:12:46,,213171966,2026-08-12 10:41:13
1-14220419680,2026-07-28 07:12:48,eFSR,Service Engineer,Others/Remarks,KALA Care Global LLP - Pune,420435,KALA Care Global LLP - Belagavi,420435_9,Battery,New battery,Sales Coordinator,Does Not Qualify,1-5DCMWFG,Sankratti Childrens Hospital And New Born Care Centre,ZO_West (CS),213754801,3R1040T G1,35,PRAMODDHARIGOUD,VIDYA DHABALI,,,,,
1-14220419680,2026-07-28 07:12:48,eFSR,Service Engineer,Others/Remarks,KALA Care Global LLP - Pune,420435,KALA Care Global LLP - Belagavi,420435_9,Others/Remarks,Battery,Sales Coordinator,Does Not Qualify,1-5DCMWFG,Sankratti Childrens Hospital And New Born Care Centre,ZO_West (CS),213754801,3R1040T G1,35,PRAMODDHARIGOUD,VIDYA DHABALI,,,,,
1-14220431612,2026-07-27 23:29:57,eFSR,Service Engineer,Others/Remarks,KALA Care Global LLP - Pune,420435,KALA Care Global LLP - Hospet,420435_10,Others/Remarks,Not required,Sales Coordinator,Nurturing,1-5RNI84L,Bharath Kumar,ZO_West (CS),212049383,3R550TC 4G1 CPCB4+,15,MOHAMEED ABDULLAHMOHAMMED,B Sneha Ballari,,,,,
1-14220453765,2026-07-28 08:21:03,eFSR,Service Engineer,Oil,KALA Care Global LLP - Pune,420435,KALA Care Global LLP - Ballari,420435_11,Oil,Machine,Sales Coordinator,Does Not Qualify,1-4OMBA84,RP GEO MINING SOLUTIONS,ZO_West (CS),213745902,6R1080T,,NAGARAJ PPATEGOWDAR,B Sneha Ballari,,,,,
1-14220453765,2026-07-28 08:21:03,eFSR,Service Engineer,Oil,KALA Care Global LLP - Pune,420435,KALA Care Global LLP - Ballari,420435_11,Paid Services -PM,Machine,Sales Coordinator,Does Not Qualify,1-4OMBA84,RP GEO MINING SOLUTIONS,ZO_West (CS),213745902,6R1080T,,NAGARAJ PPATEGOWDAR,B Sneha Ballari,,,,,
1-14220787641,2026-07-28 09:56:21,Manual,Sales Coordinator,Paid Services -PM,KALA Care Global LLP - Pune,420435,KALA Care Global LLP - Aurangabad,420435_1,Paid Services -PM,SERVCING REQUIRED,Sales Coordinator,Invoiced Generated,1-2ICJXWD,Savera Concretech Pvt Ltd,ZO_West (CS),,,,,Rani Barate,Q420435012700702,2026-07-28 11:52:19,2026-07-28 11:53:05,1-14221365741,2026-07-28 11:55:14
1-14220807671,2026-07-28 10:05:32,Manual,Sales Coordinator,Oil,KALA Care Global LLP - Pune,420435,KALA Care Global LLP - Ahmednagar,420435_2,Oil,oil barrel 210 ltr,Sales Coordinator,Invoiced Generated,1-636BJ7R,SKYLINE PROJECT & ENGINEERS,ZO_West (CS),,,,,Rani Barate,Q420435022700795,2026-07-28 10:11:07,,1-14220856931,2026-07-28 10:11:35
1-14221013221,2026-07-28 10:49:09,Manual,Sales Coordinator,Paid Services -PM,KALA Care Global LLP - Pune,420435,KALA Care Global LLP - Aurangabad,420435_1,Paid Services -PM,SERVICING REQUIRED,Sales Coordinator,Invoiced Generated,1-4W8ZBJ2,Technocraft Extrusions Private Limited,ZO_West (CS),,,,,Rani Barate,Q420435012700703,2026-07-28 10:54:34,,1-14247506041,2026-08-05 16:22:26
1-14221261761,2026-07-28 11:37:43,Manual,Sales Coordinator,Oil,KALA Care Global LLP - Pune,420435,KALA Care Global LLP - Kalaburagi,420435_13,Oil,OIL SERVICE,Sales Coordinator,Converted,1-499YWJ9,Ravindranath Constructions Pvt Ltd,ZO_West (CS),,,,,Rani Barate,Q420435132700519,2026-07-28 18:01:45,,1-14224371721,2026-07-29 10:19:44
1-14221434383,2026-07-28 13:06:58,eFSR,Service Engineer,Others/Remarks,KALA Care Global LLP - Pune,420435,KALA Care Global LLP - Ballari,420435_11,Others/Remarks,CSP A,Sales Coordinator,Does Not Qualify,1-6I4EKLD,Ms.NSG Constructions,ZO_West (CS),213676567,4R1040T5,,NOOR MOHAMMEDSK,B Sneha Ballari,,,,,
1-14221640840,2026-07-28 12:58:25,eFSR,Service Engineer,Others/Remarks,KALA Care Global LLP - Pune,420435,KALA Care Global LLP - Ahmednagar,420435_2,BD Spares,New Battery charger.,Sales Coordinator,New,1-3KMXJT,ICICI Bank Limited,ZO_West (CS),213753201,2R1040 G1,20,RUSHIKESHMAGAR,,,,,,
1-14221640840,2026-07-28 12:58:25,eFSR,Service Engineer,Others/Remarks,KALA Care Global LLP - Pune,420435,KALA Care Global LLP - Ahmednagar,420435_2,Others/Remarks,Battery charger,Sales Coordinator,New,1-3KMXJT,ICICI Bank Limited,ZO_West (CS),213753201,2R1040 G1,20,RUSHIKESHMAGAR,,,,,,
1-14221642751,2026-07-28 12:41:02,Manual,Sales Coordinator,Others/Remarks,KALA Care Global LLP - Pune,420435,KALA Care Global LLP - Ahmednagar,420435_2,BD Spares,ACTUATOR,Sales Coordinator,Qualifying,1-1VC-4339,Assistant Engineer (Electrical),ZO_West (CS),,6SL8800TA,250,,Rani Barate,Q420435022700797,,,,
1-14221721200,2026-07-28 13:24:54,eFSR,Service Engineer,Oil,KALA Care Global LLP - Pune,420435,KALA Care Global LLP - Vijayapura,420435_14,Oil,02.8306/1620649,Sales Coordinator,Does Not Qualify,1-1CUEARF,ILAGER PETROLEUM,ZO_West (CS),213753887,HA294 G1,15,MOHD ABUSUFIYANJAHAGIRDAR,Rani Barate,,,,,
1-14221870602,2026-07-28 13:17:13,Manual,Sales Coordinator,Paid Services -PM,KALA Care Global LLP - Pune,420435,KALA Care Global LLP - Ahmednagar,420435_2,Paid Services -PM,PAID SERVICING,Sales Coordinator,Quotation Submitted,1-6GAZKV,IT Batalian MIRC Ahmednagar,ZO_West (CS),,EA16 G1,10,,Rani Barate,Q420435022700798,2026-07-28 13:22:50,,,
1-14221937932,2026-07-28 13:49:29,eFSR,Service Engineer,Others/Remarks,KALA Care Global LLP - Pune,420435,KALA Care Global LLP - Hubli,420435_8,Oil,Oil service required,Sales Coordinator,Quotation Submitted,1-22VQR8Y,Koliwad Marbles & Granites,ZO_West (CS),213757521,2R1040 G1,20,YALLAPAARER,NIKITA HIREMATH,Q420435082700554,2026-08-24 18:22:24,,,
1-14221937932,2026-07-28 13:49:29,eFSR,Service Engineer,Others/Remarks,KALA Care Global LLP - Pune,420435,KALA Care Global LLP - Hubli,420435_8,Others/Remarks,Oil service required,Sales Coordinator,Quotation Submitted,1-22VQR8Y,Koliwad Marbles & Granites,ZO_West (CS),213757521,2R1040 G1,20,YALLAPAARER,NIKITA HIREMATH,Q420435082700554,2026-08-24 18:22:24,,,
1-14221986460,2026-07-28 15:31:34,eFSR,Service Engineer,Others/Remarks,KALA Care Global LLP - Pune,420435,KALA Care Global LLP - Kalaburagi,420435_13,Others/Remarks,Door injus right han,Sales Coordinator,Does Not Qualify,1-3GQPNXP,Bharti Airtel LDS-TNG,ZO_West (CS),213738726,HA494,30,RabaniShaik,Rani Barate,,,,,
1-14222463862,2026-07-28 15:43:54,eFSR,Service Engineer,Oil,KALA Care Global LLP - Pune,420435,KALA Care Global LLP - Ahmednagar,420435_2,Oil,15w40oil,Sales Coordinator,New,1-5DGN4V9,"Renuka Hospital,,",ZO_West (CS),213757673,3R550NA G1,15,ALSIFSHAIKH,,,,,,
1-14222463862,2026-07-28 15:43:54,eFSR,Service Engineer,Oil,KALA Care Global LLP - Pune,420435,KALA Care Global LLP - Ahmednagar,420435_2,Paid Services -PM,Service need,Sales Coordinator,New,1-5DGN4V9,"Renuka Hospital,,",ZO_West (CS),213757673,3R550NA G1,15,ALSIFSHAIKH,,,,,,
1-14222786121,2026-07-28 16:39:53,Manual,Sales Coordinator,Overhauling,KALA Care Global LLP - Pune,420435,KALA Care Global LLP - Kalaburagi,420435_13,Overhauling,OVERHAUL,Sales Coordinator,Converted,1-63O9CV2,MANOJ KUMAR,ZO_West (CS),,,,,Rani Barate,Q420435132700521,2026-07-28 16:51:55,,1-14222911271,2026-07-28 17:02:09
1-14222786122,2026-07-28 16:39:56,Manual,Sales Coordinator,,KALA Care Global LLP - Pune,420435,KALA Care Global LLP - Kalaburagi,420435_13,,,Sales Coordinator,In Progress,,,ZO_West (CS),,,,,,,,,,
1-14222871101,2026-07-28 16:48:50,Manual,Sales Coordinator,Others/Remarks,KALA Care Global LLP - Pune,420435,KALA Care Global LLP - Ahmednagar,420435_2,Others/Remarks,WIRING HARNESS,Sales Coordinator,Invoiced Generated,1-1NPC69Z,KALA GENSET PVT LTD,ZO_West (CS),,,,,Rani Barate,Q420435022700801,2026-07-28 16:52:08,,1-14222924601,2026-07-28 16:54:39
1-14222908662,2026-07-28 16:57:32,eFSR,Service Engineer,Others/Remarks,KALA Care Global LLP - Pune,420435,KALA Care Global LLP - Ahmednagar,420435_2,BD Spares,New Battery charger,Sales Coordinator,New,1-3XB3NR5,Shree Ganesh Enterprises,ZO_West (CS),209699184,EA16 G1,10,NavnathPatare,,,,,,
1-14222908662,2026-07-28 16:57:32,eFSR,Service Engineer,Others/Remarks,KALA Care Global LLP - Pune,420435,KALA Care Global LLP - Ahmednagar,420435_2,Others/Remarks,New Battery charger,Sales Coordinator,New,1-3XB3NR5,Shree Ganesh Enterprises,ZO_West (CS),209699184,EA16 G1,10,NavnathPatare,,,,,,
1-14222908682,2026-07-28 16:57:39,eFSR,Service Engineer,Oil,KALA Care Global LLP - Pune,420435,KALA Care Global LLP - Ahmednagar,420435_2,Oil,15w40premium,Sales Coordinator,New,1-3V40BRA,Aadhar Multispeciality Hospital,ZO_West (CS),213757647,3R1040T G1,35,ALSIFSHAIKH,,,,,,
1-14222908728,2026-07-28 17:01:42,eFSR,Service Engineer,Service AMC/Bandhan/Anubandhan,KALA Care Global LLP - Pune,420435,KALA Care Global LLP - Parbhani,420435_7,Service AMC/Bandhan/Anubandhan,Anubhadhan,Sales Coordinator,New,1-3T1SD25,YASH CONSTRUCTION COMPANY,ZO_West (CS),211554247,3R550TA 4G1,25,PRABHAKARUPHADE,,,,,,
1-14223143117,2026-07-28 18:53:42,eFSR,Service Engineer,BD Spares,KALA Care Global LLP - Pune,420435,KALA Care Global LLP - Parbhani,420435_7,BD Spares,Controler,Service Coordinator,New,1-65ETC3X,YASH CONSTRUCTION COMPANY,ZO_West (CS),212873345,CC418 G1.1,5.5,PRABHAKARUPHADE,,,,,,
1-14223143342,2026-07-28 21:05:41,eFSR,Service Engineer,Others/Remarks,KALA Care Global LLP - Pune,420435,KALA Care Global LLP - Belagavi,420435_9,Others/Remarks,Bandhan plus,Sales Coordinator,Does Not Qualify,1-5DCMWFG,Sankratti Childrens Hospital And New Born Care Centre,ZO_West (CS),213667081,3R1040T G1,35,PRAMODDHARIGOUD,VIDYA DHABALI,,,,,
1-14223143342,2026-07-28 21:05:41,eFSR,Service Engineer,Others/Remarks,KALA Care Global LLP - Pune,420435,KALA Care Global LLP - Belagavi,420435_9,Service AMC/Bandhan/Anubandhan,Bandhan plus,Sales Coordinator,Does Not Qualify,1-5DCMWFG,Sankratti Childrens Hospital And New Born Care Centre,ZO_West (CS),213667081,3R1040T G1,35,PRAMODDHARIGOUD,VIDYA DHABALI,,,,,
1-14223429588,2026-07-28 22:20:44,eFSR,Service Engineer,Others/Remarks,KALA Care Global LLP - Pune,420435,KALA Care Global LLP - Hubli,420435_8,Others/Remarks,Wiring work,Sales Coordinator,Does Not Qualify,1-3HVU21H,ACCURATE POWERTECH INDIA PVT LTD.,ZO_West (CS),213760127,3R1190ETA 4G1,45,KAREPPADOOPAD,NIKITA HIREMATH,,,,,
1-14224207631,2026-07-29 09:27:54,Manual,Sales Coordinator,Paid Services -PM,KALA Care Global LLP - Pune,420435,KALA Care Global LLP - Aurangabad,420435_1,Paid Services -PM,SERVICING REQUIRED,Sales Coordinator,Converted,1-1L1-877,ESSEN CONSTRUCTIONS,ZO_West (CS),,HA494,,,Rani Barate,Q420435012700711,2026-07-29 09:32:23,2026-07-29 09:51:17,212479473,2026-07-29 10:01:49
1-14224290651,2026-07-29 09:57:32,Manual,Sales Coordinator,Others/Remarks,KALA Care Global LLP - Pune,420435,KALA Care Global LLP - Belagavi,420435_9,Others/Remarks,parts required,Sales Coordinator,Invoiced Generated,1-5JUIA26,Kala Defence & Aerospace Systems Private Limited.,ZO_West (CS),,,,,VIDYA DHABALI,Q420435092700737,2026-07-29 10:02:06,,1-14224310441,2026-07-29 10:05:37
1-14224303631,2026-07-29 10:00:21,Manual,Sales Coordinator,BD Spares,KALA Care Global LLP - Pune,420435,KALA Care Global LLP - Aurangabad,420435_1,Oil,DEF/OIL,Sales Coordinator,Invoiced Generated,1-65TK5DH,VIKAS KASHINATH SHIVALE,ZO_West (CS),,,,,Rani Barate,Q420435012700712,2026-07-29 10:06:40,2026-07-29 10:07:13,1-14224333891,2026-07-29 10:08:30
1-14224383601,2026-07-29 10:18:53,Manual,Sales Coordinator,Others/Remarks,KALA Care Global LLP - Pune,420435,KALA Care Global LLP - Belagavi,420435_9,Others/Remarks,RADIATOR ASSLY,Sales Coordinator,Invoiced Generated,1-5JUIA26,Kala Defence & Aerospace Systems Private Limited.,ZO_West (CS),,,,,VIDYA DHABALI,Q420435092700738,2026-07-29 10:22:09,,1-14224401611,2026-07-29 10:23:15
1-14224491591,2026-07-29 10:53:07,Manual,Sales Coordinator,Paid Services -PM,KALA Care Global LLP - Pune,420435,KALA Care Global LLP - Belagavi,420435_9,Others/Remarks,WET PM,Sales Coordinator,Not Converted,1-5JUIA26,Kala Defence & Aerospace Systems Private Limited.,ZO_West (CS),,,,,VIDYA DHABALI,Q420435092700739,2026-07-29 10:58:48,,1-14224574621,2026-07-29 10:59:21
1-14224652881,2026-07-29 11:16:13,Manual,Sales Coordinator,BD Spares,KALA Care Global LLP - Pune,420435,KALA Care Global LLP - Hospet,420435_10,BD Spares,OIL,Sales Coordinator,Invoiced Generated,1-5JQ54JU,SAFEWAY  CORP,ZO_West (CS),,,,,B Sneha Ballari,Q420435102700893,2026-07-29 11:22:38,,1-14224727426,2026-07-29 11:36:28
1-14224746578,2026-07-29 12:13:39,eFSR,Service Engineer,Service AMC/Bandhan/Anubandhan,KALA Care Global LLP - Pune,420435,KALA Care Global LLP - Vijayapura,420435_14,Service AMC/Bandhan/Anubandhan,Bandan pls,Sales Coordinator,New,1-3NXD346,Shree Durga Petroliums Nidagundi,ZO_West (CS),213758330,HA294 G1,15,MALLAPPA SADASHIVSANTI,,,,,,
1-14224774511,2026-07-29 11:51:03,Manual,Sales Coordinator,BD Spares,KALA Care Global LLP - Pune,420435,KALA Care Global LLP - Ahmednagar,420435_2,BD Spares,water pump assly,Sales Coordinator,Quotation Submitted,1-5WK0XEF,Yogayatan Constructions Private Limited,ZO_West (CS),,6SL90ETA 4G2,250,,Rani Barate,Q420435022700804,2026-07-29 12:09:03,,,
1-14225031530,2026-07-29 12:57:29,eFSR,Service Engineer,Others/Remarks,KALA Care Global LLP - Pune,420435,KALA Care Global LLP - Aurangabad,420435_1,Others/Remarks,Add blue,Sales Coordinator,Does Not Qualify,1-60U9OOR,SHREE SAMARTH INDUSTRIES,ZO_West (CS),213479560,6K1080ETA 4G1,160,SUDHIRMHASLEKAR,Rani Barate,,,,,
1-14225035311,2026-07-29 12:41:01,Manual,Sales Coordinator,BD Spares,KALA Care Global LLP - Pune,420435,KALA Care Global LLP - Hospet,420435_10,BD Spares,HOSE PIPE,Sales Coordinator,Invoiced Generated,1-DWE-115,A ONE STEELS INDIA  PVT LTD,ZO_West (CS),,,,,B Sneha Ballari,Q420435102700895,2026-07-29 12:45:50,,1-14225135834,2026-07-29 12:47:27
1-14225077361,2026-07-29 12:42:58,Manual,Sales Coordinator,Allied Oil,KALA Care Global LLP - Pune,420435,KALA Care Global LLP - Aurangabad,420435_1,Allied Oil,DEF REQUIRED,Sales Coordinator,Invoiced Generated,1-60U9OOR,SHREE SAMARTH INDUSTRIES,ZO_West (CS),,,,,Rani Barate,Q420435012700713,2026-07-29 12:48:38,,1-14227639200,2026-07-30 09:40:03
1-14225135192,2026-07-29 13:28:45,eFSR,Service Engineer,Others/Remarks,KALA Care Global LLP - Pune,420435,KALA Care Global LLP - Nanded,420435_4,Others/Remarks,Ok,Sales Coordinator,Does Not Qualify,1-67F53TL,Accurate Powertech India Private Limited.,ZO_West (CS),213445756,3R1190ENA 4G1,35,RAMESHWARAKOLE,Sareen Shaikh,,,,,
1-14225178927,2026-07-29 13:11:22,eFSR,Service Engineer,Others/Remarks,KALA Care Global LLP - Pune,420435,KALA Care Global LLP - Ahmednagar,420435_2,Coolant Change,All coolant chenge r,Sales Coordinator,New,1-4JKN2ZX,Shrijee Process Engineering Works Limited,ZO_West (CS),213578567,6SL9088T,125,RUSHIKESHMAGAR,,,,,,
1-14225178927,2026-07-29 13:11:22,eFSR,Service Engineer,Others/Remarks,KALA Care Global LLP - Pune,420435,KALA Care Global LLP - Ahmednagar,420435_2,Others/Remarks,"Needed Servicing, Co",Sales Coordinator,New,1-4JKN2ZX,Shrijee Process Engineering Works Limited,ZO_West (CS),213578567,6SL9088T,125,RUSHIKESHMAGAR,,,,,,
1-14225441695,2026-07-29 14:07:25,eFSR,Service Engineer,Others/Remarks,KALA Care Global LLP - Pune,420435,KALA Care Global LLP - Aurangabad,420435_1,Others/Remarks,No,Sales Coordinator,Does Not Qualify,1-1JS-4814,Shraddha Hospital & Critical Care Center,ZO_West (CS),213318273,3R1040,30,SUDHIRMHASLEKAR,Rani Barate,,,,,
1-14225460184,2026-07-29 14:48:04,eFSR,Service Engineer,Battery,KALA Care Global LLP - Pune,420435,KALA Care Global LLP - Belagavi,420435_9,Battery,Required,Sales Coordinator,Does Not Qualify,1-3KMXJT,ICICI Bank Limited,ZO_West (CS),213711036,2R1040 G1,20,AMITMEKKALIKE,VIDYA DHABALI,,,,,
1-14225460184,2026-07-29 14:48:04,eFSR,Service Engineer,Battery,KALA Care Global LLP - Pune,420435,KALA Care Global LLP - Belagavi,420435_9,Coolant Change,Required,Sales Coordinator,Does Not Qualify,1-3KMXJT,ICICI Bank Limited,ZO_West (CS),213711036,2R1040 G1,20,AMITMEKKALIKE,VIDYA DHABALI,,,,,
1-14225460359,2026-07-29 14:59:57,eFSR,Service Engineer,Others/Remarks,KALA Care Global LLP - Pune,420435,KALA Care Global LLP - Beed,420435_3,BD Spares,Engine overhaul,Sales Coordinator,New,1-3VWTPDT,The India Cements Limited,ZO_West (CS),210008195,6KL12TASR1,320,BALASAHEBGADHAVE,,,,,,
1-14225460359,2026-07-29 14:59:57,eFSR,Service Engineer,Others/Remarks,KALA Care Global LLP - Pune,420435,KALA Care Global LLP - Beed,420435_3,Others/Remarks,Engine,Sales Coordinator,New,1-3VWTPDT,The India Cements Limited,ZO_West (CS),210008195,6KL12TASR1,320,BALASAHEBGADHAVE,,,,,,
1-14225468781,2026-07-29 14:09:00,Manual,Sales Coordinator,Others/Remarks,KALA Care Global LLP - Pune,420435,KALA Care Global LLP - Ahmednagar,420435_2,Others/Remarks,SYNCHRONIZATION CONTROLLER,Sales Coordinator,Invoiced Generated,1-3DS2MA,KALA GENSET PVT. LTD.,ZO_West (CS),,,,,Rani Barate,Q420435022700807,2026-07-29 14:25:05,,1-14225546006,2026-07-29 14:25:28
1-14226131648,2026-07-29 16:17:24,eFSR,Service Engineer,Battery,KALA Care Global LLP - Pune,420435,KALA Care Global LLP - Aurangabad,420435_1,Battery,Battery required,Sales Coordinator,Quotation Submitted,1-TPI-43,DR BABASAHEB AMBEDKAR MARATHWADA UNIVERSITY AURANGABAD,ZO_West (CS),213761828,4K1080TA G2,125.4,PARVEZSAYED,Rani Barate,Q420435012700719,2026-07-30 16:47:09,,,
1-14226306895,2026-07-29 17:10:16,eFSR,Service Engineer,Others/Remarks,KALA Care Global LLP - Pune,420435,KALA Care Global LLP - Aurangabad,420435_1,Others/Remarks,Ok,Sales Coordinator,Nurturing,1-65TK5DH,VIKAS KASHINATH SHIVALE,ZO_West (CS),213763372,4R1190,,HabeebShaikh,Rani Barate,,,,,
1-14226309011,2026-07-29 16:51:16,Manual,Sales Coordinator,BD Spares,KALA Care Global LLP - Pune,420435,KALA Care Global LLP - Belagavi,420435_9,Others/Remarks,PART REQUIRED,Sales Coordinator,Quotation Submitted,1-3R0MUVY,"The chief  divisional manager, Indian Oil Corporation Ltd,",ZO_West (CS),,HA494TCI G1,40,,VIDYA DHABALI,Q420435092700740,2026-07-29 17:08:52,,213766217,2026-07-30 10:18:43
1-14226431909,2026-07-29 17:15:55,Manual,Sales Coordinator,Oil,KALA Care Global LLP - Pune,420435,KALA Care Global LLP - Nanded,420435_4,Paid Services -PM,OIL,Sales Coordinator,Awaiting Approval,1-5X6DX4I,Azaz Kha Aman Kha Pathan,ZO_West (CS),,4R810,,,Sareen Shaikh,Q420435042700490,2026-07-29 17:22:33,,,
1-14226727803,2026-07-29 17:55:41,eFSR,Service Engineer,Oil,KALA Care Global LLP - Pune,420435,KALA Care Global LLP - Belagavi,420435_9,BD Spares,Oil service air filt,Sales Coordinator,Converted,1-5VTF05V,MANJUNATH PUNDALIK AJJAPPANAVAR,ZO_West (CS),213759758,4R810,,SameerHumayun,VIDYA DHABALI,Q420435092700743,2026-07-30 15:12:56,,213754008,2026-08-01 10:09:12
1-14226727803,2026-07-29 17:55:41,eFSR,Service Engineer,Oil,KALA Care Global LLP - Pune,420435,KALA Care Global LLP - Belagavi,420435_9,Coolant Change,Need to replace,Sales Coordinator,Converted,1-5VTF05V,MANJUNATH PUNDALIK AJJAPPANAVAR,ZO_West (CS),213759758,4R810,,SameerHumayun,VIDYA DHABALI,Q420435092700743,2026-07-30 15:12:56,,213754008,2026-08-01 10:09:12
1-14226727803,2026-07-29 17:55:41,eFSR,Service Engineer,Oil,KALA Care Global LLP - Pune,420435,KALA Care Global LLP - Belagavi,420435_9,Oil,Oil oil filter Fuel,Sales Coordinator,Converted,1-5VTF05V,MANJUNATH PUNDALIK AJJAPPANAVAR,ZO_West (CS),213759758,4R810,,SameerHumayun,VIDYA DHABALI,Q420435092700743,2026-07-30 15:12:56,,213754008,2026-08-01 10:09:12
1-14226727803,2026-07-29 17:55:41,eFSR,Service Engineer,Oil,KALA Care Global LLP - Pune,420435,KALA Care Global LLP - Belagavi,420435_9,Paid Services -PM,Fuel pump repair oil,Sales Coordinator,Converted,1-5VTF05V,MANJUNATH PUNDALIK AJJAPPANAVAR,ZO_West (CS),213759758,4R810,,SameerHumayun,VIDYA DHABALI,Q420435092700743,2026-07-30 15:12:56,,213754008,2026-08-01 10:09:12
1-14226997946,2026-07-29 20:55:45,eFSR,Service Engineer,Overhauling,KALA Care Global LLP - Pune,420435,KALA Care Global LLP - Hospet,420435_10,BD Spares,Engine parts,Service Coordinator,New,1-22D-1015,HERITAGE FOODS (INDIA) LTD,ZO_West (CS),213760603,6R1080TA,125,MOHAMMED JAFERKALUR,,,,,,
1-14226997946,2026-07-29 20:55:45,eFSR,Service Engineer,Overhauling,KALA Care Global LLP - Pune,420435,KALA Care Global LLP - Hospet,420435_10,Overhauling,Engine top overallin,Service Coordinator,New,1-22D-1015,HERITAGE FOODS (INDIA) LTD,ZO_West (CS),213760603,6R1080TA,125,MOHAMMED JAFERKALUR,,,,,,
1-14228177621,2026-07-30 11:32:41,Manual,Sales Coordinator,Others/Remarks,KALA Care Global LLP - Pune,420435,KALA Care Global LLP - Babhleshwar,420435_5,Others/Remarks,Engine spares for servicing,Sales Coordinator,Qualifying,1-37MCE8W,B. D.YADAV,ZO_West (CS),,4R1190,,,Rani Barate,,,,,
1-14228366359,2026-07-30 12:19:53,eFSR,Service Engineer,Others/Remarks,KALA Care Global LLP - Pune,420435,KALA Care Global LLP - Belagavi,420435_9,Others/Remarks,Rediator clean and c,Sales Coordinator,New,1-4DZJ8K8,S G CHIKKAMATH PETROLEUM,ZO_West (CS),213738506,3R550NA G1,15,PRASHANTPATIL,,,,,,
1-14228684791,2026-07-30 13:08:20,Manual,Sales Coordinator,Oil,KALA Care Global LLP - Pune,420435,KALA Care Global LLP - Kalaburagi,420435_13,Oil,Engine Oil Service,Sales Coordinator,Quotation Submitted,1-3SOJDBN,B N Policepatil,ZO_West (CS),,4R1040TA4,,,Rani Barate,Q420435132700522,2026-07-30 13:33:17,,,
1-14228704625,2026-07-30 13:11:48,eFSR,Service Engineer,Others/Remarks,KALA Care Global LLP - Pune,420435,KALA Care Global LLP - Parbhani,420435_7,Oil,Need to   pm Service,Sales Coordinator,New,1-4EMS7NY,RIDDHI SIDDHI INFOTECH,ZO_West (CS),213766346,HA294 G1,15,MaheshHolge,,,,,,
1-14228704625,2026-07-30 13:11:48,eFSR,Service Engineer,Others/Remarks,KALA Care Global LLP - Pune,420435,KALA Care Global LLP - Parbhani,420435_7,Others/Remarks,Service Required,Sales Coordinator,New,1-4EMS7NY,RIDDHI SIDDHI INFOTECH,ZO_West (CS),213766346,HA294 G1,15,MaheshHolge,,,,,,
1-14228829161,2026-07-30 13:34:21,Manual,Sales Coordinator,Battery,KALA Care Global LLP - Pune,420435,KALA Care Global LLP - Hospet,420435_10,Battery,Need 180 AH  bttery,Sales Coordinator,Invoiced Generated,1-5KJ9SJ2,Kirloskar Ferrous Industries Limited,ZO_West (CS),,,,,B Sneha Ballari,Q420435102700903,2026-07-30 13:59:16,,1-14229278388,2026-07-30 15:42:46
1-14228919531,2026-07-30 14:02:43,Manual,Sales Coordinator,Battery,KALA Care Global LLP - Pune,420435,KALA Care Global LLP - Hospet,420435_10,Battery,Battery,Sales Coordinator,Invoiced Generated,1-5KJ9SJ2,Kirloskar Ferrous Industries Limited,ZO_West (CS),,,,,B Sneha Ballari,Q420435102700904,2026-07-30 15:41:14,,1-14229278358,2026-07-30 15:41:28
1-14228986883,2026-07-30 14:13:58,eFSR,Service Engineer,Others/Remarks,KALA Care Global LLP - Pune,420435,KALA Care Global LLP - Aurangabad,420435_1,Battery,100 ah,Sales Coordinator,Does Not Qualify,1-3EFEF73,IDFC First Bank Ltd,ZO_West (CS),213759228,4R810TA G1,62.5,AkashWagh,Rani Barate,,,,,
1-14228986883,2026-07-30 14:13:58,eFSR,Service Engineer,Others/Remarks,KALA Care Global LLP - Pune,420435,KALA Care Global LLP - Aurangabad,420435_1,Others/Remarks,Battery 100 Ah,Sales Coordinator,Does Not Qualify,1-3EFEF73,IDFC First Bank Ltd,ZO_West (CS),213759228,4R810TA G1,62.5,AkashWagh,Rani Barate,,,,,
1-14229157172,2026-07-30 15:08:48,eFSR,Service Engineer,Oil,KALA Care Global LLP - Pune,420435,KALA Care Global LLP - Beed,420435_3,BD Spares,Required,Sales Coordinator,Does Not Qualify,1-K0G-99,Goodwill  Auto,ZO_West (CS),213765010,4R1040,40,BALASAHEBGADHAVE,Rani Barate,,,,,
1-14229157172,2026-07-30 15:08:48,eFSR,Service Engineer,Oil,KALA Care Global LLP - Pune,420435,KALA Care Global LLP - Beed,420435_3,Coolant Change,Radiator coolant,Sales Coordinator,Does Not Qualify,1-K0G-99,Goodwill  Auto,ZO_West (CS),213765010,4R1040,40,BALASAHEBGADHAVE,Rani Barate,,,,,
1-14229157172,2026-07-30 15:08:48,eFSR,Service Engineer,Oil,KALA Care Global LLP - Pune,420435,KALA Care Global LLP - Beed,420435_3,Oil,13 ltr,Sales Coordinator,Does Not Qualify,1-K0G-99,Goodwill  Auto,ZO_West (CS),213765010,4R1040,40,BALASAHEBGADHAVE,Rani Barate,,,,,
1-14229157172,2026-07-30 15:08:48,eFSR,Service Engineer,Oil,KALA Care Global LLP - Pune,420435,KALA Care Global LLP - Beed,420435_3,Paid Services -PM,Required paid servic,Sales Coordinator,Does Not Qualify,1-K0G-99,Goodwill  Auto,ZO_West (CS),213765010,4R1040,40,BALASAHEBGADHAVE,Rani Barate,,,,,
1-14229233882,2026-07-30 15:20:04,eFSR,Service Engineer,Coolant Change,KALA Care Global LLP - Pune,420435,KALA Care Global LLP - Belagavi,420435_9,Coolant Change,2 ltr collant,Sales Coordinator,Does Not Qualify,1-6DK0U8C,Navajeevan Hospital,ZO_West (CS),213759323,6K1080ETA 4G1,160,SANTOSHKUNIKAR,VIDYA DHABALI,,,,,
1-14229234266,2026-07-30 15:26:09,eFSR,Service Engineer,Others/Remarks,KALA Care Global LLP - Pune,420435,KALA Care Global LLP - Kalaburagi,420435_13,Others/Remarks,Not required,Sales Coordinator,Does Not Qualify,1-6IX1D6C,KIRAN.,ZO_West (CS),213735704,4R810,,Haneef KhanKHAN,Rani Barate,,,,,
1-14230011119,2026-07-30 17:45:42,eFSR,Service Engineer,Paid Services -PM,KALA Care Global LLP - Pune,420435,KALA Care Global LLP - Vijayapura,420435_14,Paid Services -PM,Oil service,Service Coordinator,Quotation Submitted,1-5XDP7S6,ANNAPURNA SUPER MARKET,ZO_West (CS),213762323,3R1040T G1,30,AkshayNatikar,Rani Barate,Q420435142700216,2026-07-31 11:00:57,,,
1-14230045031,2026-07-30 17:41:34,Manual,Sales Coordinator,Diesel Exhaust Fluid,KALA Care Global LLP - Pune,420435,KALA Care Global LLP - Ahmednagar,420435_2,Diesel Exhaust Fluid,DEF 210 LTR BARREL,Sales Coordinator,Invoiced Generated,1-5UBULAC,BALASON INFRASTRUCTURE SOLUTIONS PRIVATE,ZO_West (CS),,,,,Rani Barate,Q420435022700812,2026-07-31 14:58:57,,1-14232633620,2026-07-31 14:59:02
1-14230168042,2026-07-30 18:55:24,eFSR,Service Engineer,Others/Remarks,KALA Care Global LLP - Pune,420435,KALA Care Global LLP - Hospet,420435_10,Others/Remarks,Need oil seal and fl,Sales Coordinator,Converted,1-33Z42IJ,Raj Residency,ZO_West (CS),213766265,4R1040,40,DadapeerDadapeer,B Sneha Ballari,Q420435102700911,2026-07-31 14:31:06,,213768771,2026-07-30 16:34:09
1-14231550941,2026-07-31 11:21:28,Manual,Sales Coordinator,Paid Services -PM,KALA Care Global LLP - Pune,420435,KALA Care Global LLP - Aurangabad,420435_1,Paid Services -PM,SERVCING REQUIRED,Sales Coordinator,Converted,1-2SGW19N,ROHAN BUILDERS INDIA PVT LTD,ZO_West (CS),,HA494,,,Rani Barate,Q420435012700721,2026-07-31 11:29:45,,213118465,2026-08-04 15:15:50
1-14231571721,2026-07-31 11:28:27,Manual,Sales Coordinator,RECD,KALA Care Global LLP - Pune,420435,KALA Care Global LLP - Beed,420435_3,RECD,RECD,Sales Coordinator,Quotation Submitted,1-3VWTPDT,The India Cements Limited,ZO_West (CS),,6KL12TASR1,320,,Priyanka Dinesh,Q420435032700267,2026-07-31 13:12:24,,,
1-14231574071,2026-07-31 11:36:28,Manual,Sales Coordinator,Others/Remarks,KALA Care Global LLP - Pune,420435,KALA Care Global LLP - Hubli,420435_8,Others/Remarks,REQUIRED OIL SERVICE PARTS,Sales Coordinator,Quotation Submitted,1-67F23I8,Crownstone Constructions Private Limited,ZO_West (CS),,,,,NIKITA HIREMATH,Q420435082700471,2026-07-31 12:20:11,,,
1-14231588771,2026-07-31 11:27:55,Manual,Sales Coordinator,Others/Remarks,KALA Care Global LLP - Pune,420435,KALA Care Global LLP - Ahmednagar,420435_2,Others/Remarks,ENGINE SPARES,Sales Coordinator,Invoiced Generated,1-67CYFCZ,.JAGTAP INFRA VENTURES INDIA PVT LTD,ZO_West (CS),,,,,Rani Barate,Q420435022700813,2026-07-31 14:03:19,,1-14279181801,2026-08-17 11:11:17
1-14231655315,2026-07-31 11:43:57,Manual,Sales Coordinator,Paid Services -PM,KALA Care Global LLP - Pune,420435,KALA Care Global LLP - Aurangabad,420435_1,Paid Services -PM,SERVCING REQUIRED,Sales Coordinator,Qualifying,1-5PJLY8K,Manipal Payment and Identity Solutions Limited,ZO_West (CS),,3R1040T G1,35,,Rani Barate,Q420435012700722,2026-07-31 11:52:05,,,
1-14231792772,2026-07-31 12:07:10,Manual,Sales Coordinator,BD Spares,KALA Care Global LLP - Pune,420435,KALA Care Global LLP - Belagavi,420435_9,BD Spares,belt required,Sales Coordinator,Invoiced Generated,1-5LSGZUA,SHIVSHAKTI INFRASTRUCTURE,ZO_West (CS),,HA494,,,VIDYA DHABALI,Q420435092700747,2026-07-31 12:09:26,,1-14232775681,2026-07-31 15:28:08
1-14231818121,2026-07-31 12:17:19,Manual,Sales Coordinator,Oil,KALA Care Global LLP - Pune,420435,KALA Care Global LLP - Belagavi,420435_9,Others/Remarks,PARTS REQUIRED,Sales Coordinator,Invoiced Generated,1-5R70LNH,MKC INFRASTRUCTURE LIMITED,ZO_West (CS),,4K1080ETA4G1,125,,VIDYA DHABALI,Q420435092700751,2026-07-31 15:48:59,,1-14235643601,2026-08-01 12:28:47
1-14231823131,2026-07-31 12:15:28,Manual,Sales Coordinator,BD Spares,KALA Care Global LLP - Pune,420435,KALA Care Global LLP - Hospet,420435_10,BD Spares,OIL,Sales Coordinator,Converted,1-2W66ZKE,Chanabasappagaud Shikhareshwara Nyamannavar,ZO_West (CS),,4R1040TA2,,,B Sneha Ballari,Q420435102700910,2026-07-31 12:43:09,,210764731,2026-07-23 13:48:44
1-14231950851,2026-07-31 12:34:59,Manual,Sales Coordinator,Others/Remarks,KALA Care Global LLP - Pune,420435,KALA Care Global LLP - Hubli,420435_8,Others/Remarks,OIL SERVICE PARTS MATERIAL,Sales Coordinator,Quotation Submitted,1-67F23I8,Crownstone Constructions Private Limited,ZO_West (CS),,,,,NIKITA HIREMATH,Q420435082700472,2026-07-31 12:43:01,,,
1-14232035381,2026-07-31 12:55:45,Manual,Sales Coordinator,Others/Remarks,KALA Care Global LLP - Pune,420435,KALA Care Global LLP - Hubli,420435_8,Others/Remarks,OIL SERVICE PARTS,Sales Coordinator,Quotation Submitted,1-67F23I8,Crownstone Constructions Private Limited,ZO_West (CS),,,,,NIKITA HIREMATH,Q420435082700473,2026-07-31 13:01:31,,,
1-14232158541,2026-07-31 13:25:50,Manual,Sales Coordinator,Oil,KALA Care Global LLP - Pune,420435,KALA Care Global LLP - Kalaburagi,420435_13,Oil,Engine Oil Service,Sales Coordinator,Quotation Submitted,1-39D5AP1,Gada Enterprises,ZO_West (CS),,6R1080TA,125,,Rani Barate,Q420435132700525,2026-07-31 13:29:18,,210210943,2026-07-31 11:37:37
1-14232200931,2026-07-31 13:28:26,eFSR,Service Engineer,Coolant Change,KALA Care Global LLP - Pune,420435,KALA Care Global LLP - Ahmednagar,420435_2,Coolant Change,K cool coolent need,Sales Coordinator,New,1-4UOTEY2,Cornerstone Automobiles.,ZO_West (CS),213771323,3R1190ENA 4G1,35,ALSIFSHAIKH,,,,,,
1-14232390614,2026-07-31 14:11:21,eFSR,Service Engineer,BD Spares,KALA Care Global LLP - Pune,420435,KALA Care Global LLP - Belagavi,420435_9,BD Spares,Exstu packing and bo,Service Coordinator,In Progress,1-1KP-1186,HATSUN AGRO PRODUCT LIMITED,ZO_West (CS),213770799,DV12TA G1,600,SATISHNAVAGEKAR,,,,,,
1-14232390614,2026-07-31 14:11:21,eFSR,Service Engineer,BD Spares,KALA Care Global LLP - Pune,420435,KALA Care Global LLP - Belagavi,420435_9,BD Spares,Turbo pipe,Service Coordinator,In Progress,1-1KP-1186,HATSUN AGRO PRODUCT LIMITED,ZO_West (CS),213770799,DV12TA G1,600,SATISHNAVAGEKAR,,,,,,
1-14232390614,2026-07-31 14:11:21,eFSR,Service Engineer,BD Spares,KALA Care Global LLP - Pune,420435,KALA Care Global LLP - Belagavi,420435_9,Coolant Change,120,Service Coordinator,In Progress,1-1KP-1186,HATSUN AGRO PRODUCT LIMITED,ZO_West (CS),213770799,DV12TA G1,600,SATISHNAVAGEKAR,,,,,,
1-14232390614,2026-07-31 14:11:21,eFSR,Service Engineer,BD Spares,KALA Care Global LLP - Pune,420435,KALA Care Global LLP - Belagavi,420435_9,Paid Services -PM,Required urgently,Service Coordinator,In Progress,1-1KP-1186,HATSUN AGRO PRODUCT LIMITED,ZO_West (CS),213770799,DV12TA G1,600,SATISHNAVAGEKAR,,,,,,
1-14232395311,2026-07-31 14:24:12,Manual,Sales Coordinator,Others/Remarks,KALA Care Global LLP - Pune,420435,KALA Care Global LLP - Ahmednagar,420435_2,Others/Remarks,ENGINE SPARES,Sales Coordinator,Invoiced Generated,1-36XLRS7,DK TRACTORS & NUTBOLTS,ZO_West (CS),,,,,Rani Barate,Q420435022700816,2026-07-31 14:29:12,,1-14244339221,2026-08-04 17:05:57
1-14232519782,2026-07-31 14:43:36,eFSR,Service Engineer,Others/Remarks,KALA Care Global LLP - Pune,420435,KALA Care Global LLP - Hubli,420435_8,BD Spares,Flywheel oil seal,Sales Coordinator,Does Not Qualify,1-3PPGPUH,The Karnataka Bank  Limited.,ZO_West (CS),213721403,EA16 G1,10,IRFNMULLA,NIKITA HIREMATH,,,,,
1-14232519782,2026-07-31 14:43:36,eFSR,Service Engineer,Others/Remarks,KALA Care Global LLP - Pune,420435,KALA Care Global LLP - Hubli,420435_8,Others/Remarks,AMF Auto panel requi,Sales Coordinator,Does Not Qualify,1-3PPGPUH,The Karnataka Bank  Limited.,ZO_West (CS),213721403,EA16 G1,10,IRFNMULLA,NIKITA HIREMATH,,,,,
1-14232566251,2026-07-31 14:57:26,Manual,Sales Coordinator,Others/Remarks,KALA Care Global LLP - Pune,420435,KALA Care Global LLP - Belagavi,420435_9,Others/Remarks,PARTS REQUIRED,Sales Coordinator,Invoiced Generated,1-5LO9544,ISHA HYDRO POWER,ZO_West (CS),,,,,VIDYA DHABALI,Q420435092700750,2026-07-31 15:06:00,,1-14232618371,2026-07-31 15:10:27
1-14232858061,2026-07-31 15:49:36,Manual,Sales Coordinator,Paid Services -PM,KALA Care Global LLP - Pune,420435,KALA Care Global LLP - Belagavi,420435_9,Paid Services -PM,PARTS REQUIRED,Sales Coordinator,Invoiced Generated,1-5R70LNH,MKC INFRASTRUCTURE LIMITED,ZO_West (CS),,4K1080ETA4G1,125,,VIDYA DHABALI,Q420435092700752,2026-07-31 15:54:21,,1-14233020561,2026-07-31 16:18:20
1-14232858558,2026-07-31 15:54:55,Manual,Sales Coordinator,Paid Services -PM,KALA Care Global LLP - Pune,420435,KALA Care Global LLP - Belagavi,420435_9,Paid Services -PM,PARTS REQUIRED,Sales Coordinator,Invoiced Generated,1-5R70LNH,MKC INFRASTRUCTURE LIMITED,ZO_West (CS),,4K1080ETA4G1,125,,VIDYA DHABALI,Q420435092700753,2026-07-31 16:00:46,,1-14233020103,2026-07-31 16:16:28
1-14232928129,2026-07-31 16:01:15,Manual,Sales Coordinator,Paid Services -PM,KALA Care Global LLP - Pune,420435,KALA Care Global LLP - Belagavi,420435_9,Paid Services -PM,PARTS REQUIRED,Sales Coordinator,Invoiced Generated,1-5R70LNH,MKC INFRASTRUCTURE LIMITED,ZO_West (CS),,4K1080ETA4G1,125,,VIDYA DHABALI,Q420435092700754,2026-07-31 16:06:05,,1-14232990802,2026-07-31 16:09:43
1-14233041841,2026-07-31 16:20:16,Manual,Sales Coordinator,Others/Remarks,KALA Care Global LLP - Pune,420435,KALA Care Global LLP - Hubli,420435_8,Others/Remarks,THROT VALVE,Sales Coordinator,Order/SR Generated,1-5SJIDEI,MAHAVEER ELECTROMECH PVT LTD,ZO_West (CS),,Engines,,,NIKITA HIREMATH,Q420435082700474,2026-07-31 16:25:17,,213733214,2026-07-22 10:34:46
1-14233067401,2026-07-31 16:25:40,Manual,Sales Coordinator,Paid Services -PM,KALA Care Global LLP - Pune,420435,KALA Care Global LLP - Belagavi,420435_9,Paid Services -PM,PARTS REQUIRED,Sales Coordinator,Invoiced Generated,1-4BG9Q30,SHREE KEDAR GENERATOR,ZO_West (CS),,3R1040TA G1,40,,VIDYA DHABALI,Q420435092700756,2026-07-31 16:27:56,,1-14233053113,2026-07-31 16:29:29
1-14233381530,2026-07-31 18:15:37,eFSR,Service Engineer,Others/Remarks,KALA Care Global LLP - Pune,420435,KALA Care Global LLP - Hospet,420435_10,Others/Remarks,No,Sales Coordinator,New,1-4KIZV4Q,Nava Bharath Fertilizers LLP,ZO_West (CS),213772377,3R1040T G1,30,Krishna kumarG,,,,,,
1-14233384587,2026-07-31 17:47:25,eFSR,Service Engineer,Oil,KALA Care Global LLP - Pune,420435,KALA Care Global LLP - Vijayapura,420435_14,Oil,1020646,Sales Coordinator,Quotation Submitted,1-5VR-3006,Shrimata Diesels A/c Sai Babaa Petro Station,ZO_West (CS),213773049,HA294,15,MOHD ABUSUFIYANJAHAGIRDAR,Rani Barate,Q420435142700218,2026-08-05 16:10:22,,,
1-14233587690,2026-07-31 17:52:59,eFSR,Service Engineer,Oil,KALA Care Global LLP - Pune,420435,KALA Care Global LLP - Hubli,420435_8,Coolant Change,10 letter,Sales Coordinator,Does Not Qualify,1-358H95Z,Jubilant FoodWorks Limited,ZO_West (CS),213762436,4R810TA G1,62.5,KHURSHIDHAVARAGI,NIKITA HIREMATH,,,,,
1-14233587690,2026-07-31 17:52:59,eFSR,Service Engineer,Oil,KALA Care Global LLP - Pune,420435,KALA Care Global LLP - Hubli,420435_8,Oil,Oil service,Sales Coordinator,Does Not Qualify,1-358H95Z,Jubilant FoodWorks Limited,ZO_West (CS),213762436,4R810TA G1,62.5,KHURSHIDHAVARAGI,NIKITA HIREMATH,,,,,
1-14233889931,2026-07-31 19:03:04,eFSR,Service Engineer,Others/Remarks,KALA Care Global LLP - Pune,420435,KALA Care Global LLP - Ahmednagar,420435_2,Others/Remarks,Ok,Sales Coordinator,New,1-5NZVMI5,BBK ASSOCIATES (IVY BLOSSOM),ZO_West (CS),213772923,3R1040TA G1,40,ALSIFSHAIKH,,,,,,
1-14233889985,2026-07-31 19:25:38,eFSR,Service Engineer,Others/Remarks,KALA Care Global LLP - Pune,420435,KALA Care Global LLP - Hubli,420435_8,Oil,Oil,Sales Coordinator,Nurturing,1-40HZK73,NMR Medical Institute Pvt Ltd,ZO_West (CS),213769111,6SL1500TA G2,200,KAREPPADOOPAD,NIKITA HIREMATH,,,,,
1-14233889985,2026-07-31 19:25:38,eFSR,Service Engineer,Others/Remarks,KALA Care Global LLP - Pune,420435,KALA Care Global LLP - Hubli,420435_8,Others/Remarks,Oil service,Sales Coordinator,Nurturing,1-40HZK73,NMR Medical Institute Pvt Ltd,ZO_West (CS),213769111,6SL1500TA G2,200,KAREPPADOOPAD,NIKITA HIREMATH,,,,,
1-14233890574,2026-07-31 21:00:25,eFSR,Service Engineer,Oil,KALA Care Global LLP - Pune,420435,KALA Care Global LLP - Hubli,420435_8,Oil,Oil service,Sales Coordinator,Nurturing,1-4C25J70,Shri Beereshwar Abhivruddhi Seva Samiti,ZO_West (CS),213773202,3R550NA G1,15,KHURSHIDHAVARAGI,NIKITA HIREMATH,,,,,
1-14234323631,2026-07-31 21:11:46,eFSR,Service Engineer,Others/Remarks,KALA Care Global LLP - Pune,420435,KALA Care Global LLP - Hospet,420435_10,Others/Remarks,Coolent leakage from,Sales Coordinator,New,1-4PZMC6I,SHOBHA  ENTERPRISES,ZO_West (CS),213770596,6SL1500TA G2,200,DADAPEERM,,,,,,
1-14234323845,2026-07-31 23:19:36,eFSR,Service Engineer,Others/Remarks,KALA Care Global LLP - Pune,420435,KALA Care Global LLP - Belagavi,420435_9,Others/Remarks,No,Sales Coordinator,New,1-6HN3BS4,NOOR AHMED,ZO_West (CS),213765078,EA10 G1,7.5,DINANATHLOHAR,,,,,,
1-14234963235,2026-08-01 10:15:40,eFSR,Service Engineer,Battery,KALA Care Global LLP - Pune,420435,KALA Care Global LLP - Bagalkote,420435_12,Battery,Battery issue,Sales Coordinator,New,1-6654BLX,Riti Lifecare Hospital,ZO_West (CS),213771251,4K1080ETA4G1,125.4,MohammedismailDhalayat,,,,,,
1-14235375132,2026-08-01 12:06:48,eFSR,Service Engineer,Others/Remarks,KALA Care Global LLP - Pune,420435,KALA Care Global LLP - Aurangabad,420435_1,Others/Remarks,Coolant required,Sales Coordinator,Awaiting Approval,1-3EP8FM1,Aurangabad Gastro Private Limited,ZO_West (CS),211503414,6R1080TA G1,125.6,HabeebShaikh,Rani Barate,Q420435012700734,2026-08-03 12:34:00,,,
1-14235473641,2026-08-01 11:53:08,Manual,Sales Coordinator,Paid Services -PM,KALA Care Global LLP - Pune,420435,KALA Care Global LLP - Aurangabad,420435_1,Paid Services -PM,SERVICING REQUIRED,Sales Coordinator,Quotation Submitted,1-605M9R8,PRAGATI INFRA PRIVATE LIMITED,ZO_West (CS),,4K1080TA G2,125.4,,Rani Barate,Q420435012700727,2026-08-05 10:52:49,,,
1-14235642183,2026-08-01 12:55:38,eFSR,Service Engineer,Others/Remarks,KALA Care Global LLP - Pune,420435,KALA Care Global LLP - Babhleshwar,420435_5,Others/Remarks,Ok,Sales Coordinator,New,1-4BA7QX6,Mudra Realities,ZO_West (CS),213779936,3GK550TC 4SR1,20,RUSHIKESHKHURUD,,,,,,
1-14235700483,2026-08-01 13:34:52,eFSR,Service Engineer,Paid Services -PM,KALA Care Global LLP - Pune,420435,KALA Care Global LLP - Aurangabad,420435_1,Paid Services -PM,Servicing,Service Coordinator,Quotation Submitted,1-3NPK47Y,Tukaram Rangnath Ekhande,ZO_West (CS),211656790,4R810ETA4G1,58.5,KANHAIYADUBE,Rani Barate,Q420435012700735,2026-08-03 12:45:46,,,
1-14235700485,2026-08-01 13:36:11,eFSR,Service Engineer,Others/Remarks,KALA Care Global LLP - Pune,420435,KALA Care Global LLP - Aurangabad,420435_1,Battery,Battery Required,Sales Coordinator,Does Not Qualify,1-4MW46B,IDBI BANK LTD.,ZO_West (CS),213780352,3R1040,30,AkashWagh,Rani Barate,,,,,
1-14235700485,2026-08-01 13:36:11,eFSR,Service Engineer,Others/Remarks,KALA Care Global LLP - Pune,420435,KALA Care Global LLP - Aurangabad,420435_1,Others/Remarks,Battery,Sales Coordinator,Does Not Qualify,1-4MW46B,IDBI BANK LTD.,ZO_West (CS),213780352,3R1040,30,AkashWagh,Rani Barate,,,,,
1-14235703384,2026-08-01 13:46:24,eFSR,Service Engineer,Battery,KALA Care Global LLP - Pune,420435,KALA Care Global LLP - Belagavi,420435_9,Battery,Battery required,Sales Coordinator,Converted,1-1R6FIYS,Vasudev Pandurang Chhatre,ZO_West (CS),213365283,EA16 G1,10,RAJUTALWAR,VIDYA DHABALI,Q420435092700758,2026-08-01 16:30:41,,213792016,2026-08-04 12:17:38
1-14235721231,2026-08-01 13:00:42,Manual,Sales Coordinator,Oil,KALA Care Global LLP - Pune,420435,KALA Care Global LLP - Kalaburagi,420435_13,Oil,Engine Oil Service,Sales Coordinator,Converted,1-5SRJKOL,SUPER FUNCTION HALL,ZO_West (CS),,3R1190ENA 4G1,30,,Rani Barate,Q420435132700528,2026-08-01 13:04:36,,211746661,2026-08-19 18:25:09
1-14235801621,2026-08-01 13:05:26,Manual,Sales Coordinator,Oil,KALA Care Global LLP - Pune,420435,KALA Care Global LLP - Kalaburagi,420435_13,Oil,Engine Oil Service,Sales Coordinator,Quotation Submitted,1-60O70DT,SHREE SAI RAM HOSPITAL,ZO_West (CS),,3R1190ENA 4G1,35,,Rani Barate,Q420435132700529,2026-08-01 13:08:16,,,
1-14235802157,2026-08-01 13:09:48,Manual,Sales Coordinator,Oil,KALA Care Global LLP - Pune,420435,KALA Care Global LLP - Kalaburagi,420435_13,Oil,Engine Oil Service,Sales Coordinator,Quotation Submitted,1-5SU3HGZ,Gyanasudha Education Society,ZO_West (CS),,4K1080ETA4G1,125.4,,Rani Barate,Q420435132700530,2026-08-01 13:13:21,,,
1-14235802469,2026-08-01 13:14:21,Manual,Sales Coordinator,Oil,KALA Care Global LLP - Pune,420435,KALA Care Global LLP - Kalaburagi,420435_13,Oil,Engine Oil Service,Sales Coordinator,Quotation Submitted,1-60NYELK,Shree Shyam Hospitality,ZO_West (CS),,4R1190ETA 4G1,82.5,,Rani Barate,Q420435132700531,2026-08-01 13:17:46,,,
1-14235853031,2026-08-01 13:24:04,Manual,Sales Coordinator,BD Spares,KALA Care Global LLP - Pune,420435,KALA Care Global LLP - Kalaburagi,420435_13,BD Spares,BD SPARES,Sales Coordinator,Quotation Submitted,1-3Q26ZJB,DATTA CRANE SERVICE,ZO_West (CS),,,,,Rani Barate,Q420435132700532,2026-08-01 13:28:32,,,
1-14235865079,2026-08-01 13:56:48,eFSR,Service Engineer,Diesel Exhaust Fluid,KALA Care Global LLP - Pune,420435,KALA Care Global LLP - Vijayapura,420435_14,Coolant Change,Coolant required,Sales Coordinator,Quotation Submitted,1-62507OF,ADARSH GENSETS,ZO_West (CS),213779928,4K1080ETA4G1,125,MUTHURAJ MADIVALAPPANATIKAR,Rani Barate,Q420435142700219,2026-08-05 16:23:46,,,
1-14235865079,2026-08-01 13:56:48,eFSR,Service Engineer,Diesel Exhaust Fluid,KALA Care Global LLP - Pune,420435,KALA Care Global LLP - Vijayapura,420435_14,DF Kit,DEF required,Sales Coordinator,Quotation Submitted,1-62507OF,ADARSH GENSETS,ZO_West (CS),213779928,4K1080ETA4G1,125,MUTHURAJ MADIVALAPPANATIKAR,Rani Barate,Q420435142700219,2026-08-05 16:23:46,,,
1-14235865079,2026-08-01 13:56:48,eFSR,Service Engineer,Diesel Exhaust Fluid,KALA Care Global LLP - Pune,420435,KALA Care Global LLP - Vijayapura,420435_14,Diesel Exhaust Fluid,Required,Sales Coordinator,Quotation Submitted,1-62507OF,ADARSH GENSETS,ZO_West (CS),213779928,4K1080ETA4G1,125,MUTHURAJ MADIVALAPPANATIKAR,Rani Barate,Q420435142700219,2026-08-05 16:23:46,,,
1-14235865079,2026-08-01 13:56:48,eFSR,Service Engineer,Diesel Exhaust Fluid,KALA Care Global LLP - Pune,420435,KALA Care Global LLP - Vijayapura,420435_14,Oil,Engine oil required,Sales Coordinator,Quotation Submitted,1-62507OF,ADARSH GENSETS,ZO_West (CS),213779928,4K1080ETA4G1,125,MUTHURAJ MADIVALAPPANATIKAR,Rani Barate,Q420435142700219,2026-08-05 16:23:46,,,
1-14235870001,2026-08-01 13:25:43,Manual,Sales Coordinator,BD Spares,KALA Care Global LLP - Pune,420435,KALA Care Global LLP - Babhleshwar,420435_5,BD Spares,RADIATOR ASSLY,Sales Coordinator,Quotation Submitted,1-6BV-2064,Shirdi Country Inns. Pvt. Ltd.,ZO_West (CS),,DV10,500,,Rani Barate,Q420435052700184,2026-08-01 13:32:21,,,
1-14235955889,2026-08-01 14:08:32,eFSR,Service Engineer,Others/Remarks,KALA Care Global LLP - Pune,420435,KALA Care Global LLP - Nanded,420435_4,Others/Remarks,Ok,Sales Coordinator,Does Not Qualify,1-5EE5RPV,Gargi Developers.,ZO_West (CS),213459073,4R1040TA G1,82.5,RAMESHWARAKOLE,Sareen Shaikh,,,,,
1-14235956286,2026-08-01 14:45:38,eFSR,Service Engineer,Paid Services -PM,KALA Care Global LLP - Pune,420435,KALA Care Global LLP - Belagavi,420435_9,Paid Services -PM,Required,Service Coordinator,Does Not Qualify,1-5YR82AX,Shri Hari Roasters,ZO_West (CS),213780396,4R810ETA4G1,58.5,SATISHNAVAGEKAR,VIDYA DHABALI,,,,,
1-14236081968,2026-08-01 14:44:19,eFSR,Service Engineer,Paid Services -PM,KALA Care Global LLP - Pune,420435,KALA Care Global LLP - Belagavi,420435_9,Paid Services -PM,Oil service,Service Coordinator,Does Not Qualify,1-3SURIDN,Marakumbi Petroleums,ZO_West (CS),213779912,EA16 G1,10,SANTOSHKUNIKAR,VIDYA DHABALI,,,,,
1-14236142451,2026-08-01 14:40:21,Manual,Sales Coordinator,Oil,KALA Care Global LLP - Pune,420435,KALA Care Global LLP - Aurangabad,420435_1,Oil,SERVCING,Sales Coordinator,Invoiced Generated,1-380R5YN,AJAY TRADING COMPANY,ZO_West (CS),,,,,Rani Barate,Q420435012700730,2026-08-01 14:44:25,,1-14236157401,2026-08-01 14:44:58
1-14236202771,2026-08-01 14:47:16,Manual,Sales Coordinator,Paid Services -PM,KALA Care Global LLP - Pune,420435,KALA Care Global LLP - Ahmednagar,420435_2,Paid Services -PM,paid servicing,Sales Coordinator,Quotation Submitted,1-5ZJ3T8Q,Rushikesh Tarthe,ZO_West (CS),,HA494,,,Rani Barate,Q420435022700821,2026-08-01 14:52:51,,,
1-14236247330,2026-08-01 15:40:25,eFSR,Service Engineer,Others/Remarks,KALA Care Global LLP - Pune,420435,KALA Care Global LLP - Hubli,420435_8,Battery,Battery,Sales Coordinator,Nurturing,1-5YGCOQL,JAWAHAR NAVODAYA VIDYALAYA,ZO_West (CS),212296168,3R1040T G1,25,KAREPPADOOPAD,NIKITA HIREMATH,,,,,
1-14236247330,2026-08-01 15:40:25,eFSR,Service Engineer,Others/Remarks,KALA Care Global LLP - Pune,420435,KALA Care Global LLP - Hubli,420435_8,Others/Remarks,Fuel gauge issue,Sales Coordinator,Nurturing,1-5YGCOQL,JAWAHAR NAVODAYA VIDYALAYA,ZO_West (CS),212296168,3R1040T G1,25,KAREPPADOOPAD,NIKITA HIREMATH,,,,,
1-14236297149,2026-08-01 15:49:12,eFSR,Service Engineer,Oil,KALA Care Global LLP - Pune,420435,KALA Care Global LLP - Vijayapura,420435_14,Coolant Change,Required,Sales Coordinator,New,1-5WL5E3T,Monument properties private limited,ZO_West (CS),212243924,3R550TA 4G1,25,UmarfaruqBagayat,,,,,,
1-14236297149,2026-08-01 15:49:12,eFSR,Service Engineer,Oil,KALA Care Global LLP - Pune,420435,KALA Care Global LLP - Vijayapura,420435_14,Oil,Required,Sales Coordinator,New,1-5WL5E3T,Monument properties private limited,ZO_West (CS),212243924,3R550TA 4G1,25,UmarfaruqBagayat,,,,,,
1-14236338621,2026-08-01 15:21:27,Manual,Sales Coordinator,Paid Services -PM,KALA Care Global LLP - Pune,420435,KALA Care Global LLP - Ahmednagar,420435_2,Paid Services -PM,PAID SERVICING,Sales Coordinator,Quotation Submitted,1-5ZJ3T8Q,Rushikesh Tarthe,ZO_West (CS),,HA494,,,Rani Barate,Q420435022700823,2026-08-01 15:29:12,,,
1-14236419671,2026-08-01 15:47:54,Manual,Sales Coordinator,Oil,KALA Care Global LLP - Pune,420435,KALA Care Global LLP - Kalaburagi,420435_13,Oil,Engine Oil Service,Sales Coordinator,Converted,1-5UKBCK1,DR AMBRISH BIRADAR,ZO_West (CS),,4R810ETA4G1,58.5,,Rani Barate,Q420435132700533,2026-08-01 15:52:12,,212395405,2026-08-19 14:07:40
1-14236420088,2026-08-01 15:52:50,Manual,Sales Coordinator,Oil,KALA Care Global LLP - Pune,420435,KALA Care Global LLP - Kalaburagi,420435_13,Oil,Engine Oil Service,Sales Coordinator,Converted,1-5WGANTD,RN Valse Filling Station,ZO_West (CS),,3R550TA 4G1,20,,Rani Barate,Q420435132700534,2026-08-01 15:55:45,,211694010,2026-08-19 11:16:49
1-14236455864,2026-08-01 16:06:56,eFSR,Service Engineer,Paid Services -PM,KALA Care Global LLP - Pune,420435,KALA Care Global LLP - Belagavi,420435_9,Paid Services -PM,Required,Service Coordinator,Quotation Submitted,1-5YR82AX,Shri Hari Roasters,ZO_West (CS),213781047,3R550TC 4G1 CPCB4+,15,SATISHNAVAGEKAR,VIDYA DHABALI,Q420435092700823,2026-08-11 15:08:36,,,
1-14236501991,2026-08-01 16:05:16,Manual,Sales Coordinator,Oil,KALA Care Global LLP - Pune,420435,KALA Care Global LLP - Kalaburagi,420435_13,Oil,Engine Oil Service,Sales Coordinator,Quotation Submitted,1-5Z90OND,CHANNABASAVESHWARA FUNCTION HALL,ZO_West (CS),,3R550TA 4G1,25,,Rani Barate,Q420435132700535,2026-08-01 16:08:07,,,
1-14236502318,2026-08-01 16:08:31,Manual,Sales Coordinator,Oil,KALA Care Global LLP - Pune,420435,KALA Care Global LLP - Kalaburagi,420435_13,Oil,Engine Oil Service.,Sales Coordinator,Quotation Submitted,1-5Z3FY2P,Sri Subrahmanya Fuels,ZO_West (CS),,3R550TA 4G1,25,,Rani Barate,Q420435132700536,2026-08-01 16:13:03,,,
1-14236594980,2026-08-01 16:45:19,eFSR,Service Engineer,Others/Remarks,KALA Care Global LLP - Pune,420435,KALA Care Global LLP - Hubli,420435_8,Others/Remarks,Required oil service,Sales Coordinator,Nurturing,1-36P8OFP,Mecolam Engineering Private Limited,ZO_West (CS),213211186,3R1040TA G1,40,VITTALSATANNAVAR,NIKITA HIREMATH,,,,,
1-14236594990,2026-08-01 16:48:15,eFSR,Service Engineer,Others/Remarks,KALA Care Global LLP - Pune,420435,KALA Care Global LLP - Ahmednagar,420435_2,Coolant Change,K cool,Sales Coordinator,New,1-34TC29H,Axis Bank Ltd,ZO_West (CS),213704571,3R1190ENA 4G1,30,ALSIFSHAIKH,,,,,,
1-14236594990,2026-08-01 16:48:15,eFSR,Service Engineer,Others/Remarks,KALA Care Global LLP - Pune,420435,KALA Care Global LLP - Ahmednagar,420435_2,Others/Remarks,K cool coolent need,Sales Coordinator,New,1-34TC29H,Axis Bank Ltd,ZO_West (CS),213704571,3R1190ENA 4G1,30,ALSIFSHAIKH,,,,,,
1-14236623881,2026-08-01 16:36:27,Manual,Sales Coordinator,BD Spares,KALA Care Global LLP - Pune,420435,KALA Care Global LLP - Hospet,420435_10,BD Spares,OIL,Sales Coordinator,Converted,1-5UAE65O,HEGDE GROUP OF CONSTRUCTION.,ZO_West (CS),,4R 1040 (LTK no. X861002330),,,B Sneha Ballari,Q420435102700920,2026-08-01 16:49:28,,213184366,2026-07-29 11:37:35
1-14236856455,2026-08-01 18:24:43,eFSR,Service Engineer,Others/Remarks,KALA Care Global LLP - Pune,420435,KALA Care Global LLP - Babhleshwar,420435_5,Others/Remarks,Ok,Sales Coordinator,New,1-5NMWC2U,New Vaishnavi Electricals,ZO_West (CS),213780045,3R1190ETA 4G1,40,RUSHIKESHKHURUD,,,,,,
1-14238226784,2026-08-02 12:56:41,eFSR,Service Engineer,Others/Remarks,KALA Care Global LLP - Pune,420435,KALA Care Global LLP - Nanded,420435_4,Oil,Oil sarviceg quotati,Sales Coordinator,Awaiting Approval,1-4CRIYZB,MYARA TRADE & SERVICES PRIVATE LIMITED,ZO_West (CS),213763682,DV10TA G1,500,RAFIQSHAIKH,Jyoti Mangesh,Q420435042700505,2026-08-03 16:11:44,,,
1-14238226784,2026-08-02 12:56:41,eFSR,Service Engineer,Others/Remarks,KALA Care Global LLP - Pune,420435,KALA Care Global LLP - Nanded,420435_4,Others/Remarks,Oil sarvice required,Sales Coordinator,Awaiting Approval,1-4CRIYZB,MYARA TRADE & SERVICES PRIVATE LIMITED,ZO_West (CS),213763682,DV10TA G1,500,RAFIQSHAIKH,Jyoti Mangesh,Q420435042700505,2026-08-03 16:11:44,,,
1-14239209801,2026-08-03 10:27:16,Manual,Sales Coordinator,Others/Remarks,KALA Care Global LLP - Pune,420435,KALA Care Global LLP - Belagavi,420435_9,BD Spares,pm parts required,Sales Coordinator,Invoiced Generated,1-3N3AI1O,GURU RAGHAVENDRA TRADERS,ZO_West (CS),,,,,VIDYA DHABALI,Q420435092700761,2026-08-03 10:37:54,,1-14240152513,2026-08-03 13:55:35
1-14239469231,2026-08-03 11:13:32,Manual,Sales Coordinator,Paid Services -PM,KALA Care Global LLP - Pune,420435,KALA Care Global LLP - Aurangabad,420435_1,Paid Services -PM,SEERVCING REQUIRED,Sales Coordinator,Converted,1-613YLC5,S R Construction,ZO_West (CS),,3R550TA 4G1,20,,Rani Barate,Q420435012700733,2026-08-03 11:17:48,,213800108,2026-08-06 09:38:25
1-14239740260,2026-08-03 12:28:55,eFSR,Service Engineer,Others/Remarks,KALA Care Global LLP - Pune,420435,KALA Care Global LLP - Aurangabad,420435_1,Others/Remarks,Not required,Sales Coordinator,Does Not Qualify,1-3U8YXQA,The Cosmos Co-Operative Bank Ltd,ZO_West (CS),213684953,2R1040 G1,20,KANHAIYADUBE,Rani Barate,,,,,
1-14239740346,2026-08-03 12:32:44,eFSR,Service Engineer,BD Spares,KALA Care Global LLP - Pune,420435,KALA Care Global LLP - Aurangabad,420435_1,BD Spares,Cantolar and dg rile,Service Coordinator,Does Not Qualify,1-4MW46B,IDBI BANK LTD.,ZO_West (CS),213685647,3R1040TA G1,35,GANESHPATTHE,Rani Barate,,,,,
1-14239868809,2026-08-03 12:51:35,eFSR,Service Engineer,Others/Remarks,KALA Care Global LLP - Pune,420435,KALA Care Global LLP - Ballari,420435_11,Allied Oil,Engine oil,Sales Coordinator,Does Not Qualify,1-63ZKIB6,PATHANGE ANVAYA,ZO_West (CS),213786232,4K1080ETA4G1,125,NOOR MOHAMMEDSK,B Sneha Ballari,,,,,
1-14239868809,2026-08-03 12:51:35,eFSR,Service Engineer,Others/Remarks,KALA Care Global LLP - Pune,420435,KALA Care Global LLP - Ballari,420435_11,Others/Remarks,Engine oil,Sales Coordinator,Does Not Qualify,1-63ZKIB6,PATHANGE ANVAYA,ZO_West (CS),213786232,4K1080ETA4G1,125,NOOR MOHAMMEDSK,B Sneha Ballari,,,,,
1-14240451101,2026-08-03 14:46:04,Manual,Sales Coordinator,Others/Remarks,KALA Care Global LLP - Pune,420435,KALA Care Global LLP - Ahmednagar,420435_2,Others/Remarks,fuel filter,Sales Coordinator,Invoiced Generated,1-4PXV7ZV,RUSHIKESH WALUNJKAR,ZO_West (CS),,,,,Rani Barate,Q420435022700829,2026-08-03 14:51:32,,1-14240458001,2026-08-03 14:52:13
1-14240545157,2026-08-03 15:29:10,eFSR,Service Engineer,Others/Remarks,KALA Care Global LLP - Pune,420435,KALA Care Global LLP - Ahmednagar,420435_2,Coolant Change,K cool,Sales Coordinator,New,1-34TC29H,Axis Bank Ltd,ZO_West (CS),213704572,3R1190ENA 4G1,30,ALSIFSHAIKH,,,,,,
1-14240545157,2026-08-03 15:29:10,eFSR,Service Engineer,Others/Remarks,KALA Care Global LLP - Pune,420435,KALA Care Global LLP - Ahmednagar,420435_2,Others/Remarks,K cool coolent,Sales Coordinator,New,1-34TC29H,Axis Bank Ltd,ZO_West (CS),213704572,3R1190ENA 4G1,30,ALSIFSHAIKH,,,,,,
1-14240588721,2026-08-03 15:13:02,Manual,Sales Coordinator,Others/Remarks,KALA Care Global LLP - Pune,420435,KALA Care Global LLP - Belagavi,420435_9,Others/Remarks,PARTS REQUIRED,Sales Coordinator,Invoiced Generated,1-33DSIAB,Belgaum Engineering and Service,ZO_West (CS),,,,,VIDYA DHABALI,Q420435092700762,2026-08-03 15:15:46,,1-14240527148,2026-08-03 15:16:15
1-14240589323,2026-08-03 15:17:43,Manual,Sales Coordinator,Others/Remarks,KALA Care Global LLP - Pune,420435,KALA Care Global LLP - Belagavi,420435_9,Overhauling,PARTS REQUIRED,Sales Coordinator,Quotation Submitted,1-5LO9544,ISHA HYDRO POWER,ZO_West (CS),,,,,VIDYA DHABALI,Q420435092700763,2026-08-03 15:25:00,,1-14248019148,2026-08-05 17:49:41
1-14240604694,2026-08-03 15:23:47,eFSR,Service Engineer,BD Spares,KALA Care Global LLP - Pune,420435,KALA Care Global LLP - Vijayapura,420435_14,BD Spares,Display showing no,Service Coordinator,Quotation Submitted,1-4FAOF5Q,KARABASAPPA SOMALINGAPPA ARAKERI,ZO_West (CS),213786596,3R550NA G1,15,UMESHPatil,Rani Barate,Q420435142700220,2026-08-05 16:40:09,,,
1-14240664911,2026-08-03 15:31:07,Manual,Sales Coordinator,Overhauling,KALA Care Global LLP - Pune,420435,KALA Care Global LLP - Ahmednagar,420435_2,Overhauling,engine top overhaull,Sales Coordinator,Quotation Submitted,1-1L1-39,INSTITUTE OF MANAGEMENT & BUSINESS ADMINISTRATION,ZO_West (CS),,3R1040,30,,Rani Barate,Q420435022700830,2026-08-03 16:29:46,,,
1-14240930821,2026-08-03 16:19:49,Manual,Sales Coordinator,Paid Services -PM,KALA Care Global LLP - Pune,420435,KALA Care Global LLP - Ahmednagar,420435_2,Paid Services -PM,PAID SERVICING,Sales Coordinator,Quotation Submitted,1-5ZPKHQU,Executive Engineer,ZO_West (CS),,6SL1500TA G3,250,,Rani Barate,Q420435022700831,2026-08-04 15:15:18,,,
1-14240968557,2026-08-03 16:59:31,eFSR,Service Engineer,Others/Remarks,KALA Care Global LLP - Pune,420435,KALA Care Global LLP - Ahmednagar,420435_2,Coolant Change,K cool required,Sales Coordinator,New,1-34TC29H,Axis Bank Ltd,ZO_West (CS),213704538,3R1190ENA 4G1,30,ALSIFSHAIKH,,,,,,
1-14240968557,2026-08-03 16:59:31,eFSR,Service Engineer,Others/Remarks,KALA Care Global LLP - Pune,420435,KALA Care Global LLP - Ahmednagar,420435_2,Others/Remarks,K cool coolent,Sales Coordinator,New,1-34TC29H,Axis Bank Ltd,ZO_West (CS),213704538,3R1190ENA 4G1,30,ALSIFSHAIKH,,,,,,
1-14241167409,2026-08-03 18:08:42,eFSR,Service Engineer,Oil,KALA Care Global LLP - Pune,420435,KALA Care Global LLP - Vijayapura,420435_14,Oil,0701222,Sales Coordinator,Quotation Submitted,1-1WI-1283,Sriram Hospital,ZO_West (CS),213781254,RB33,30,MOHD ABUSUFIYANJAHAGIRDAR,Rani Barate,Q420435142700221,2026-08-05 16:54:45,,,
1-14241167537,2026-08-03 18:26:29,eFSR,Service Engineer,Oil,KALA Care Global LLP - Pune,420435,KALA Care Global LLP - Vijayapura,420435_14,Oil,Oil service,Sales Coordinator,Quotation Submitted,1-361D26G,VEERESHWARA CONSTRUCTIONS PRIVATE LIMITED,ZO_West (CS),213786342,Engines,,MALLAPPA SADASHIVSANTI,Rani Barate,Q420435142700222,2026-08-05 17:13:13,,,
1-14241167537,2026-08-03 18:26:29,eFSR,Service Engineer,Oil,KALA Care Global LLP - Pune,420435,KALA Care Global LLP - Vijayapura,420435_14,Paid Services -PM,Engine oil service r,Sales Coordinator,Quotation Submitted,1-361D26G,VEERESHWARA CONSTRUCTIONS PRIVATE LIMITED,ZO_West (CS),213786342,Engines,,MALLAPPA SADASHIVSANTI,Rani Barate,Q420435142700222,2026-08-05 17:13:13,,,
1-14242349391,2026-08-04 10:15:01,Manual,Sales Coordinator,Others/Remarks,KALA Care Global LLP - Pune,420435,KALA Care Global LLP - Ahmednagar,420435_2,Others/Remarks,Engine spares,Sales Coordinator,Invoiced Generated,1-4O8LOME,BRILLIANCE POWER SOLUTIONS,ZO_West (CS),,,,,Rani Barate,Q420435022700834,2026-08-05 12:52:53,,1-14246696611,2026-08-05 13:34:04
1-14242378191,2026-08-04 10:30:19,Manual,Sales Coordinator,Others/Remarks,KALA Care Global LLP - Pune,420435,KALA Care Global LLP - Ahmednagar,420435_2,Others/Remarks,Water Pump & joint,Sales Coordinator,Invoiced Generated,1-3QV75GE,AMAR ELECTRICALS,ZO_West (CS),,,,,Rani Barate,Q420435022700835,2026-08-04 10:34:23,,1-14252801391,2026-08-07 11:05:36
1-14242526641,2026-08-04 10:48:30,Manual,Sales Coordinator,Others/Remarks,KALA Care Global LLP - Pune,420435,KALA Care Global LLP - Nanded,420435_4,Paid Services -PM,oil servicing,Sales Coordinator,Invoiced Generated,1-3NANEPW,Dattaraj Contractors PVT LTD,ZO_West (CS),,,,,NIKITA HIREMATH,Q420435042700510,2026-08-04 11:01:26,,1-14242544951,2026-08-04 11:02:19
1-14242956671,2026-08-04 12:14:19,Manual,Sales Coordinator,BD Spares,KALA Care Global LLP - Pune,420435,KALA Care Global LLP - Aurangabad,420435_1,Overhauling,PARTS,Sales Coordinator,Invoiced Generated,1-5WH554D,S. D. DOUNDE INFRA PRIVATE LIMITED,ZO_West (CS),,,,,Rani Barate,Q420435012700740,2026-08-04 12:23:46,,1-14242988411,2026-08-04 12:25:12
1-14243020461,2026-08-04 12:45:14,Manual,Sales Coordinator,Paid Services -PM,KALA Care Global LLP - Pune,420435,KALA Care Global LLP - Hubli,420435_8,Paid Services -PM,OIL SERVICE,Sales Coordinator,Order/SR Generated,1-2HC38DR,Kalyani Klaassic Premises Owener Association,ZO_West (CS),,3R1040T G1,30,,NIKITA HIREMATH,Q420435082700488,2026-08-04 12:56:48,2026-08-04 17:10:29,212731440,2026-08-04 14:00:15
1-14243052901,2026-08-04 12:34:43,Manual,Sales Coordinator,Diesel Exhaust Fluid,KALA Care Global LLP - Pune,420435,KALA Care Global LLP - Aurangabad,420435_1,Diesel Exhaust Fluid,CAN,Sales Coordinator,Invoiced Generated,1-6EKIV2F,FAIZ E MOULAINOORUDDIN SAHEB TRUST,ZO_West (CS),,,,,Rani Barate,Q420435012700741,2026-08-04 12:40:06,,1-14243126621,2026-08-04 12:41:00
1-14243173691,2026-08-04 12:52:03,Manual,Sales Coordinator,,KALA Care Global LLP - Pune,420435,KALA Care Global LLP - Kalaburagi,420435_13,Oil,OIL,Sales Coordinator,Qualifying,1-6JEFCSN,Bhargav Earth Movers,ZO_West (CS),,4R1040,,,Rani Barate,,,,,
1-14243296622,2026-08-04 13:23:33,eFSR,Service Engineer,Battery,KALA Care Global LLP - Pune,420435,KALA Care Global LLP - Belagavi,420435_9,Battery,Battery charger,Sales Coordinator,Quotation Submitted,1-1KM-1934,RENUKA PETROLEUM,ZO_West (CS),211880334,HA294,15,SameerHumayun,VIDYA DHABALI,Q420435092700771,2026-08-05 10:33:46,,,
1-14243695279,2026-08-04 15:30:06,eFSR,Service Engineer,Battery,KALA Care Global LLP - Pune,420435,KALA Care Global LLP - Aurangabad,420435_1,Battery,Battery required,Sales Coordinator,Quotation Submitted,1-3JZGJWR,M/s Raj Cloth Stores,ZO_West (CS),208013451,DV8TA G1,320,PARVEZSAYED,Rani Barate,,,,,
1-14243701785,2026-08-04 15:11:15,eFSR,Service Engineer,Others/Remarks,KALA Care Global LLP - Pune,420435,KALA Care Global LLP - Nanded,420435_4,Others/Remarks,Controller required,Sales Coordinator,Does Not Qualify,1-4MW46B,IDBI BANK LTD.,ZO_West (CS),213685468,3R1040TA G1,40,RAFIQSHAIKH,Sareen Shaikh,,,,,
1-14243870771,2026-08-04 15:29:14,Manual,Sales Coordinator,Paid Services -PM,KALA Care Global LLP - Pune,420435,KALA Care Global LLP - Ahmednagar,420435_2,Paid Services -PM,PAID SERVICING,Sales Coordinator,Quotation Submitted,1-1DPVFAY,"Shri Jagdamba Devi Sarvajanik Trust , Mohate",ZO_West (CS),,4K1080TA G2,125.4,,Rani Barate,Q420435022700846,2026-08-07 12:46:48,,,
1-14243928932,2026-08-04 15:52:43,eFSR,Service Engineer,Others/Remarks,KALA Care Global LLP - Pune,420435,KALA Care Global LLP - Ahmednagar,420435_2,Oil,15w40 oil need,Sales Coordinator,New,1-LDG6ZF,Niramay Hospital,ZO_West (CS),209752233,4R810TA G1,62.5,ALSIFSHAIKH,,,,,,
1-14243928932,2026-08-04 15:52:43,eFSR,Service Engineer,Others/Remarks,KALA Care Global LLP - Pune,420435,KALA Care Global LLP - Ahmednagar,420435_2,Others/Remarks,Servicing need,Sales Coordinator,New,1-LDG6ZF,Niramay Hospital,ZO_West (CS),209752233,4R810TA G1,62.5,ALSIFSHAIKH,,,,,,
1-14243928932,2026-08-04 15:52:43,eFSR,Service Engineer,Others/Remarks,KALA Care Global LLP - Pune,420435,KALA Care Global LLP - Ahmednagar,420435_2,Paid Services -PM,"Oil ,oil filter,wate",Sales Coordinator,New,1-LDG6ZF,Niramay Hospital,ZO_West (CS),209752233,4R810TA G1,62.5,ALSIFSHAIKH,,,,,,
1-14243969556,2026-08-04 16:35:52,eFSR,Service Engineer,Others/Remarks,KALA Care Global LLP - Pune,420435,KALA Care Global LLP - Ahmednagar,420435_2,Coolant Change,K cool,Sales Coordinator,New,1-45ZFZ2U,Alterno Green Energy Pvt Ltd,ZO_West (CS),212956822,6SL1500TA G2,200,ALSIFSHAIKH,,,,,,
1-14243969556,2026-08-04 16:35:52,eFSR,Service Engineer,Others/Remarks,KALA Care Global LLP - Pune,420435,KALA Care Global LLP - Ahmednagar,420435_2,Oil,15w40,Sales Coordinator,New,1-45ZFZ2U,Alterno Green Energy Pvt Ltd,ZO_West (CS),212956822,6SL1500TA G2,200,ALSIFSHAIKH,,,,,,
1-14243969556,2026-08-04 16:35:52,eFSR,Service Engineer,Others/Remarks,KALA Care Global LLP - Pune,420435,KALA Care Global LLP - Ahmednagar,420435_2,Others/Remarks,Coolent and servicin,Sales Coordinator,New,1-45ZFZ2U,Alterno Green Energy Pvt Ltd,ZO_West (CS),212956822,6SL1500TA G2,200,ALSIFSHAIKH,,,,,,
1-14244121477,2026-08-04 17:01:07,eFSR,Service Engineer,Others/Remarks,KALA Care Global LLP - Pune,420435,KALA Care Global LLP - Belagavi,420435_9,Others/Remarks,Air filter,Sales Coordinator,Quotation Submitted,1-4LM0CTQ,Patson Automobiles Pvt. Ltd.,ZO_West (CS),212617920,3R550NA G1,15,PRASHANTPATIL,VIDYA DHABALI,Q420435092700818,2026-08-08 10:11:32,,,
1-14244389321,2026-08-04 17:08:48,Manual,Sales Coordinator,Oil,KALA Care Global LLP - Pune,420435,KALA Care Global LLP - Kalaburagi,420435_13,Oil,OIL,Sales Coordinator,In Progress,,,ZO_West (CS),,,,,,,,,,
1-14244503190,2026-08-04 21:30:33,eFSR,Service Engineer,Paid Services -PM,KALA Care Global LLP - Pune,420435,KALA Care Global LLP - Ahmednagar,420435_2,Paid Services -PM,Servicing and fan be,Service Coordinator,New,1-4KN0XSO,Hotel Data Digamber,ZO_West (CS),213794671,3R1040T G1,35,NILESHSALUNKE,,,,,,
1-14244510637,2026-08-04 17:37:56,eFSR,Service Engineer,Others/Remarks,KALA Care Global LLP - Pune,420435,KALA Care Global LLP - Beed,420435_3,Others/Remarks,Not required,Sales Coordinator,New,1-3ZAGE5K,Samarth CT Scan Dr. Rita Shahane Ghode,ZO_West (CS),213791169,4R1040TA G1,82.5,LAHUDOIFODE,,,,,,
1-14244624041,2026-08-04 17:53:03,Manual,Sales Coordinator,BD Spares,KALA Care Global LLP - Pune,420435,KALA Care Global LLP - Hospet,420435_10,BD Spares,OIL FILTER,Sales Coordinator,Converted,1-3W1O4PT,Mr. STRATEGIC OUTSOURCING PVT LTD,ZO_West (CS),,4R 1040 (LTK no. X861002330),,,B Sneha Ballari,Q420435102700939,2026-08-04 18:03:46,,211305471,2026-08-03 14:06:17
1-14244714201,2026-08-04 18:47:39,eFSR,Service Engineer,BD Spares,KALA Care Global LLP - Pune,420435,KALA Care Global LLP - Ahmednagar,420435_2,BD Spares,Stop Sony lait,Service Coordinator,New,1-1BQSO5L,Navjeevan Hospital,ZO_West (CS),213790529,CC418G1,5,NILESHSALUNKE,,,,,,
1-14245758560,2026-08-05 11:07:00,eFSR,Service Engineer,Others/Remarks,KALA Care Global LLP - Pune,420435,KALA Care Global LLP - Belagavi,420435_9,Others/Remarks,Ecu flash required,Sales Coordinator,Does Not Qualify,1-4IR5OB2,Laxmi Prakash Jorapur,ZO_West (CS),213785271,3R550NA G1,15,PRASHANTPATIL,VIDYA DHABALI,,,,,
1-14245828543,2026-08-05 10:59:00,eFSR,Service Engineer,BD Spares,KALA Care Global LLP - Pune,420435,KALA Care Global LLP - Ahmednagar,420435_2,BD Spares,FLEET GUARD FULE STR,Service Coordinator,New,1-4WAMFGO,RAJLAXMI  CONSTRUCTION,ZO_West (CS),211778822,4R1190TA,,RUSHIKESHMAGAR,,,,,,
1-14246068631,2026-08-05 11:21:16,Manual,Sales Coordinator,Overhauling,KALA Care Global LLP - Pune,420435,KALA Care Global LLP - Belagavi,420435_9,Overhauling,OVERHAULING PARTS REQUIRED,Sales Coordinator,Invoiced Generated,1-2NR8VV,Deshpande industries,ZO_West (CS),,,,,VIDYA DHABALI,Q420435092700774,2026-08-05 12:04:38,,1-14246815861,2026-08-05 13:57:27
1-14246127548,2026-08-05 12:14:31,eFSR,Service Engineer,BD Spares,KALA Care Global LLP - Pune,420435,KALA Care Global LLP - Aurangabad,420435_1,BD Spares,Panal lok,Service Coordinator,Nurturing,1-4JR9V4B,SAIKRISHNA TRADERS,ZO_West (CS),213663126,HA294 G1,15,GANESHPATTHE,Rani Barate,,,,,
1-14246151733,2026-08-05 11:40:41,Manual,Sales Coordinator,Coolant Change,KALA Care Global LLP - Pune,420435,KALA Care Global LLP - Belagavi,420435_9,Coolant Change,Coolant Change,Sales Coordinator,Not Converted,1-3GNWMA5,REC Flow Technologies LLP,ZO_West (CS),,4R1040TA G1,82.5,,VIDYA DHABALI,Q420435092700775,2026-08-07 16:30:47,,,
1-14246250601,2026-08-05 12:01:16,Manual,Sales Coordinator,Oil,KALA Care Global LLP - Pune,420435,KALA Care Global LLP - Kalaburagi,420435_13,Oil,OIL SERVICE,Sales Coordinator,Converted,1-36OKH5U,BASAVARAJA NANDAPPAGOWDA POLICEPATIL,ZO_West (CS),,,,,Rani Barate,Q420435132700541,2026-08-05 12:07:26,,1-14246359981,2026-08-05 12:33:11
1-14246344811,2026-08-05 12:21:23,Manual,Sales Coordinator,Coolant Change,KALA Care Global LLP - Pune,420435,KALA Care Global LLP - Belagavi,420435_9,Coolant Change,COOLANT REQUIRED,Sales Coordinator,Order/SR Generated,1-30KPVMF,Indian Oil Corporation,ZO_West (CS),,DV12ETA G11,750,,VIDYA DHABALI,Q420435092700777,2026-08-05 12:24:08,,213802225,2026-08-06 16:11:03
1-14246461751,2026-08-05 12:42:44,Manual,Sales Coordinator,Paid Services -PM,KALA Care Global LLP - Pune,420435,KALA Care Global LLP - Belagavi,420435_9,Paid Services -PM,PM REQUIRED,Sales Coordinator,Quotation Submitted,1-5N3L0KD,KMP INFRATECH PRIVATE LIMITED .,ZO_West (CS),,HA494,,,VIDYA DHABALI,Q420435092700779,2026-08-05 12:46:25,,,
1-14246462128,2026-08-05 12:50:11,Manual,Sales Coordinator,Paid Services -PM,KALA Care Global LLP - Pune,420435,KALA Care Global LLP - Belagavi,420435_9,Paid Services -PM,PM REQUIRED,Sales Coordinator,Quotation Submitted,1-5N3L0KD,KMP INFRATECH PRIVATE LIMITED .,ZO_West (CS),,HA494,,,VIDYA DHABALI,Q420435092700780,2026-08-13 17:11:21,,,
1-14246544143,2026-08-05 13:26:03,eFSR,Service Engineer,Oil,KALA Care Global LLP - Pune,420435,KALA Care Global LLP - Belagavi,420435_9,BD Spares,O ring,Sales Coordinator,Order/SR Generated,1-5ZYICTO,MSRT INDUSTRIES PRIVATE LIMITED,ZO_West (CS),213793710,DV12ETA G11,750,RAJUMAGUND,VIDYA DHABALI,Q420435092700936,2026-08-22 15:00:00,,211946091,2026-08-22 14:49:43
1-14246544143,2026-08-05 13:26:03,eFSR,Service Engineer,Oil,KALA Care Global LLP - Pune,420435,KALA Care Global LLP - Belagavi,420435_9,Oil,Wet pm,Sales Coordinator,Order/SR Generated,1-5ZYICTO,MSRT INDUSTRIES PRIVATE LIMITED,ZO_West (CS),213793710,DV12ETA G11,750,RAJUMAGUND,VIDYA DHABALI,Q420435092700936,2026-08-22 15:00:00,,211946091,2026-08-22 14:49:43
1-14246544143,2026-08-05 13:26:03,eFSR,Service Engineer,Oil,KALA Care Global LLP - Pune,420435,KALA Care Global LLP - Belagavi,420435_9,Paid Services -PM,Wet pm,Sales Coordinator,Order/SR Generated,1-5ZYICTO,MSRT INDUSTRIES PRIVATE LIMITED,ZO_West (CS),213793710,DV12ETA G11,750,RAJUMAGUND,VIDYA DHABALI,Q420435092700936,2026-08-22 15:00:00,,211946091,2026-08-22 14:49:43
1-14246569711,2026-08-05 13:09:34,Manual,Sales Coordinator,Others/Remarks,KALA Care Global LLP - Pune,420435,KALA Care Global LLP - Belagavi,420435_9,Others/Remarks,COOLANT REQUIRED,Sales Coordinator,Invoiced Generated,1-5ZYICTO,MSRT INDUSTRIES PRIVATE LIMITED,ZO_West (CS),,DV12ETA G11,750,,VIDYA DHABALI,Q420435092700782,2026-08-05 13:13:04,,1-14248250611,2026-08-05 18:32:45
1-14246596921,2026-08-05 13:14:14,Manual,Sales Coordinator,Oil,KALA Care Global LLP - Pune,420435,KALA Care Global LLP - Kalaburagi,420435_13,Oil,Engine Oil Service,Sales Coordinator,Converted,1-4JKG9US,HARILAL CHAVAN CIVIL CONTRACTOR,ZO_West (CS),,4R810,,,Rani Barate,Q420435132700543,2026-08-07 13:48:39,,213513568,2026-08-07 11:15:49
1-14246609951,2026-08-05 13:15:46,Manual,Sales Coordinator,Others/Remarks,KALA Care Global LLP - Pune,420435,KALA Care Global LLP - Hubli,420435_8,Others/Remarks,SERVICE PARTS,Sales Coordinator,Invoiced Generated,1-5YGRWYR,The Divisional Controller,ZO_West (CS),,,,,NIKITA HIREMATH,Q420435082700492,2026-08-05 13:22:35,2026-08-05 13:24:14,1-14246599061,2026-08-05 13:25:32
1-14246664081,2026-08-05 13:31:51,Manual,Sales Coordinator,Others/Remarks,KALA Care Global LLP - Pune,420435,KALA Care Global LLP - Hubli,420435_8,Others/Remarks,SERVICE PARTS,Sales Coordinator,Invoiced Generated,1-5YGRWYR,The Divisional Controller,ZO_West (CS),,,,,NIKITA HIREMATH,Q420435082700494,2026-08-05 13:38:07,2026-08-05 13:38:21,1-14246719941,2026-08-05 13:38:52
1-14246809681,2026-08-05 13:51:48,Manual,Sales Coordinator,Diesel Exhaust Fluid,KALA Care Global LLP - Pune,420435,KALA Care Global LLP - Aurangabad,420435_1,Diesel Exhaust Fluid,DEF,Sales Coordinator,Invoiced Generated,1-6EKHU0M,Golokdham apartment owner association,ZO_West (CS),,,,,Rani Barate,Q420435012700746,2026-08-05 13:55:40,,1-14247506317,2026-08-05 16:29:50
1-14246818092,2026-08-05 14:15:12,eFSR,Service Engineer,Battery,KALA Care Global LLP - Pune,420435,KALA Care Global LLP - Belagavi,420435_9,Battery,Required,Sales Coordinator,Does Not Qualify,1-1DLU4YX,Equitas Small Finance Bank Ltd,ZO_West (CS),213781330,3R1040TA G1,40,SATISHNAVAGEKAR,VIDYA DHABALI,,,,,
1-14247032071,2026-08-05 14:46:08,Manual,Sales Coordinator,Others/Remarks,KALA Care Global LLP - Pune,420435,KALA Care Global LLP - Ahmednagar,420435_2,Others/Remarks,ENGINE SPARES,Sales Coordinator,Invoiced Generated,1-918ZQ7,MANISHA INFRACON PROJECT PVT LTD,ZO_West (CS),,,,,Rani Barate,Q420435022700840,2026-08-05 14:49:36,,1-14247141096,2026-08-05 15:14:16
1-14247039394,2026-08-05 15:25:10,eFSR,Service Engineer,Battery,KALA Care Global LLP - Pune,420435,KALA Care Global LLP - Belagavi,420435_9,Battery,Battery,Sales Coordinator,Does Not Qualify,1-61T8Y3X,M/s. MSRT INDUSTRIES PRIVATE LIMITED,ZO_West (CS),213796456,DV8ETA 4G3,500,RAJUMAGUND,VIDYA DHABALI,,,,,
1-14247039400,2026-08-05 15:26:02,eFSR,Service Engineer,Others/Remarks,KALA Care Global LLP - Pune,420435,KALA Care Global LLP - Ahmednagar,420435_2,Battery,Kg88ah battery,Sales Coordinator,New,1-4MW46B,IDBI BANK LTD.,ZO_West (CS),213794495,3R1040,30,SunilGujaba,,,,,,
1-14247039400,2026-08-05 15:26:02,eFSR,Service Engineer,Others/Remarks,KALA Care Global LLP - Pune,420435,KALA Care Global LLP - Ahmednagar,420435_2,Coolant Change,K cool coolent need,Sales Coordinator,New,1-4MW46B,IDBI BANK LTD.,ZO_West (CS),213794495,3R1040,30,SunilGujaba,,,,,,
1-14247039400,2026-08-05 15:26:02,eFSR,Service Engineer,Others/Remarks,KALA Care Global LLP - Pune,420435,KALA Care Global LLP - Ahmednagar,420435_2,Others/Remarks,"K cool coolent,Kg88a",Sales Coordinator,New,1-4MW46B,IDBI BANK LTD.,ZO_West (CS),213794495,3R1040,30,SunilGujaba,,,,,,
1-14247051931,2026-08-05 14:48:52,Manual,Sales Coordinator,Allied Oil,KALA Care Global LLP - Pune,420435,KALA Care Global LLP - Kalaburagi,420435_13,Allied Oil,ALLIED OIL,Sales Coordinator,Qualifying,1-5XK0VG4,RAJARAJESHWARI FOOD SUPPLIERS,ZO_West (CS),,,,,Rani Barate,,,,,
1-14247174601,2026-08-05 15:15:24,Manual,Sales Coordinator,Others/Remarks,KALA Care Global LLP - Pune,420435,KALA Care Global LLP - Ahmednagar,420435_2,Others/Remarks,Engine spares,Sales Coordinator,Invoiced Generated,1-3FHCEFD,JITENDRA AABASAHEB DHUS,ZO_West (CS),,,,,Rani Barate,Q420435022700841,2026-08-07 12:05:07,,1-14253181997,2026-08-07 12:05:13
1-14247313423,2026-08-05 16:22:08,eFSR,Service Engineer,Others/Remarks,KALA Care Global LLP - Pune,420435,KALA Care Global LLP - Belagavi,420435_9,BD Spares,Coolent display cove,Sales Coordinator,Quotation Submitted,1-3GNWMA5,REC Flow Technologies LLP,ZO_West (CS),213797630,4R1040TA G1,82.5,SUNILHUMBARWADI,VIDYA DHABALI,Q420435092700805,2026-08-07 11:59:56,,,
1-14247313423,2026-08-05 16:22:08,eFSR,Service Engineer,Others/Remarks,KALA Care Global LLP - Pune,420435,KALA Care Global LLP - Belagavi,420435_9,Battery,New battery required,Sales Coordinator,Quotation Submitted,1-3GNWMA5,REC Flow Technologies LLP,ZO_West (CS),213797630,4R1040TA G1,82.5,SUNILHUMBARWADI,VIDYA DHABALI,Q420435092700805,2026-08-07 11:59:56,,,
1-14247313423,2026-08-05 16:22:08,eFSR,Service Engineer,Others/Remarks,KALA Care Global LLP - Pune,420435,KALA Care Global LLP - Belagavi,420435_9,Coolant Change,Coolent required,Sales Coordinator,Quotation Submitted,1-3GNWMA5,REC Flow Technologies LLP,ZO_West (CS),213797630,4R1040TA G1,82.5,SUNILHUMBARWADI,VIDYA DHABALI,Q420435092700805,2026-08-07 11:59:56,,,
1-14247313423,2026-08-05 16:22:08,eFSR,Service Engineer,Others/Remarks,KALA Care Global LLP - Pune,420435,KALA Care Global LLP - Belagavi,420435_9,Others/Remarks,Radiator clining coo,Sales Coordinator,Quotation Submitted,1-3GNWMA5,REC Flow Technologies LLP,ZO_West (CS),213797630,4R1040TA G1,82.5,SUNILHUMBARWADI,VIDYA DHABALI,Q420435092700805,2026-08-07 11:59:56,,,
1-14247994641,2026-08-05 17:35:02,Manual,Sales Coordinator,Others/Remarks,KALA Care Global LLP - Pune,420435,KALA Care Global LLP - Belagavi,420435_9,Others/Remarks,PARTS REQUIRED,Sales Coordinator,Invoiced Generated,1-5LO9544,ISHA HYDRO POWER,ZO_West (CS),,,,,VIDYA DHABALI,Q420435092700783,2026-08-05 17:45:03,,1-14248019041,2026-08-05 17:47:17
1-14248034651,2026-08-05 17:45:29,Manual,Sales Coordinator,Oil,KALA Care Global LLP - Pune,420435,KALA Care Global LLP - Kalaburagi,420435_13,Oil,Engine Oil Service.,Sales Coordinator,Converted,1-3HVU21H,ACCURATE POWERTECH INDIA PVT LTD.,ZO_West (CS),,3R1190ETA 4G1,45,,Rani Barate,Q420435132700547,2026-08-06 14:16:08,,213797540,2026-08-07 11:48:18
1-14248077271,2026-08-05 18:06:56,Manual,Sales Coordinator,Oil,KALA Care Global LLP - Pune,420435,KALA Care Global LLP - Kalaburagi,420435_13,Oil,oil service,Sales Coordinator,Quotation Submitted,1-45IO17G,Bhimraya Parshuram Algoor,ZO_West (CS),,,,,Rani Barate,Q420435132700545,2026-08-05 18:13:02,,,
1-14248262111,2026-08-05 20:32:07,eFSR,Service Engineer,Overhauling,KALA Care Global LLP - Pune,420435,KALA Care Global LLP - Hospet,420435_10,Overhauling,Majer overalling spr,Service Coordinator,Order/SR Generated,1-4V5D8LW,SUPRADA CONSTRUCTIONS PRIVATE LIMITED.,ZO_West (CS),213797130,4R810NA1,,MOHAMMED JAFERKALUR,B Sneha Ballari,Q420435102701010,2026-08-12 18:12:01,,213786229,2026-08-12 16:51:29
1-14248262268,2026-08-05 22:14:09,eFSR,Service Engineer,Service AMC/Bandhan/Anubandhan,KALA Care Global LLP - Pune,420435,KALA Care Global LLP - Hospet,420435_10,Service AMC/Bandhan/Anubandhan,Approached to bandha,Sales Coordinator,New,1-1KM-4720,SRI LAKSHMI POULTRY COMPLEX,ZO_West (CS),213799228,3R1040TA G1,40,MDAsifMDAsif,,,,,,
1-14248262371,2026-08-05 23:03:20,eFSR,Service Engineer,Service AMC/Bandhan/Anubandhan,KALA Care Global LLP - Pune,420435,KALA Care Global LLP - Hospet,420435_10,Service AMC/Bandhan/Anubandhan,Bandhan plus,Sales Coordinator,New,1-3T1SCEY,Vijaya Laxmi Poultry Complex,ZO_West (CS),213799195,4R810TA G1,62.5,MOHAMMED JAFERKALUR,,,,,,
1-14248262403,2026-08-05 23:43:44,eFSR,Service Engineer,Others/Remarks,KALA Care Global LLP - Pune,420435,KALA Care Global LLP - Hospet,420435_10,Others/Remarks,Approach the Bandhan,Sales Coordinator,New,1-1O3HHPV,Pwd Office Sandur,ZO_West (CS),213797446,HA394,25,DadapeerDadapeer,,,,,,
1-14248921621,2026-08-06 07:53:47,eFSR,Service Engineer,Others/Remarks,KALA Care Global LLP - Pune,420435,KALA Care Global LLP - Belagavi,420435_9,Diesel Exhaust Fluid,1 barrel,Sales Coordinator,Quotation Submitted,1-6G5NSDW,KRESTON INDUSTRIAL & INFRA PROJECTS LLP,ZO_West (CS),213789050,DV8ETA 4G3,500,PRAMODDHARIGOUD,VIDYA DHABALI,Q420435092700845,2026-08-11 12:35:56,,,
1-14248921621,2026-08-06 07:53:47,eFSR,Service Engineer,Others/Remarks,KALA Care Global LLP - Pune,420435,KALA Care Global LLP - Belagavi,420435_9,Others/Remarks,Adblue barrel,Sales Coordinator,Quotation Submitted,1-6G5NSDW,KRESTON INDUSTRIAL & INFRA PROJECTS LLP,ZO_West (CS),213789050,DV8ETA 4G3,500,PRAMODDHARIGOUD,VIDYA DHABALI,Q420435092700845,2026-08-11 12:35:56,,,
1-14248942567,2026-08-06 09:44:04,eFSR,Service Engineer,Oil,KALA Care Global LLP - Pune,420435,KALA Care Global LLP - Vijayapura,420435_14,Oil,Engine oil service r,Sales Coordinator,Quotation Submitted,1-4BF13TD,M/s  Katti Constructions.,ZO_West (CS),213794755,HA694,,SANGAPPA BANNATTIBANNATTI,Rani Barate,Q420435142700223,2026-08-06 16:39:40,,,
1-14248955055,2026-08-06 09:50:32,eFSR,Service Engineer,Service AMC/Bandhan/Anubandhan,KALA Care Global LLP - Pune,420435,KALA Care Global LLP - Hospet,420435_10,Service AMC/Bandhan/Anubandhan,Approached bandhan p,Sales Coordinator,New,1-1KM-2141,SRI LAKSHMI POULTRY COMPLEX,ZO_West (CS),213799091,4R1040T,62.5,Krishna kumarG,,,,,,
1-14249066261,2026-08-06 10:07:43,Manual,Sales Coordinator,BD Spares,KALA Care Global LLP - Pune,420435,KALA Care Global LLP - Kalaburagi,420435_13,BD Spares,BD SPARES,Sales Coordinator,Quotation Submitted,1-3MHMBT4,DILIP BUILDCON LIMITED,ZO_West (CS),,,,,Rani Barate,Q420435132700546,2026-08-06 10:12:11,,,
1-14249131545,2026-08-06 10:36:33,eFSR,Service Engineer,Others/Remarks,KALA Care Global LLP - Pune,420435,KALA Care Global LLP - Ahmednagar,420435_2,Others/Remarks,Immediately required,Sales Coordinator,Quotation Submitted,1-2DIJE7,P. N. Gadgil Jewellers Pvt. Ltd.,ZO_West (CS),213680512,4K1080TA1,125,RUSHIKESHMAGAR,Rani Barate,Q420435022700857,2026-08-08 14:38:55,,,
1-14249131561,2026-08-06 10:36:46,eFSR,Service Engineer,BD Spares,KALA Care Global LLP - Pune,420435,KALA Care Global LLP - Aurangabad,420435_1,BD Spares,Hi sarvis mi aanleli,Service Coordinator,Does Not Qualify,1-40NGX5M,Ajinkya Enterprises,ZO_West (CS),212910819,4R810TA G1,62.5,GANESHPATTHE,Rani Barate,,,,,
1-14249438499,2026-08-06 12:28:41,eFSR,Service Engineer,Others/Remarks,KALA Care Global LLP - Pune,420435,KALA Care Global LLP - Belagavi,420435_9,Others/Remarks,Oil service due,Sales Coordinator,Quotation Submitted,1-61YR1V4,ADVANCE ADHESIVES PRIVATE LIMITED,ZO_West (CS),213765605,6R1080TA G1,125.6,PRASHANTPATIL,VIDYA DHABALI,Q420435092700943,2026-08-24 11:58:37,,,
1-14250023922,2026-08-06 13:12:07,eFSR,Service Engineer,Others/Remarks,KALA Care Global LLP - Pune,420435,KALA Care Global LLP - Babhleshwar,420435_5,Others/Remarks,Ok,Sales Coordinator,New,1-2Z0LJMP,Reliance Jio Infocomm Limited,ZO_West (CS),213793346,HA294 G1,10,SACHINPATHARE,,,,,,
1-14250105352,2026-08-06 14:03:20,eFSR,Service Engineer,Coolant Change,KALA Care Global LLP - Pune,420435,KALA Care Global LLP - Babhleshwar,420435_5,Coolant Change,Coolant,Sales Coordinator,New,1-5VLBAXD,SHATAYUSHI ORGANIC PRIVATE LIMITED,ZO_West (CS),212227618,3R550TC 4G1 CPCB4+,15,SANDIPGAGARE,,,,,,
1-14250255787,2026-08-06 14:13:22,eFSR,Service Engineer,Coolant Change,KALA Care Global LLP - Pune,420435,KALA Care Global LLP - Babhleshwar,420435_5,Coolant Change,Coolant,Sales Coordinator,New,1-5VLBAXD,SHATAYUSHI ORGANIC PRIVATE LIMITED,ZO_West (CS),212224987,3R550TC 4G1 CPCB4+,15,SANDIPGAGARE,,,,,,
1-14250296191,2026-08-06 14:18:39,Manual,Sales Coordinator,Oil,KALA Care Global LLP - Pune,420435,KALA Care Global LLP - Kalaburagi,420435_13,Oil,Engine Oil Service,Sales Coordinator,Converted,1-6JEFCSN,Bhargav Earth Movers,ZO_West (CS),,4R1040,,,Rani Barate,Q420435132700548,2026-08-06 14:24:14,,213780448,2026-08-06 14:30:31
1-14250310242,2026-08-06 14:36:45,eFSR,Service Engineer,BD Spares,KALA Care Global LLP - Pune,420435,KALA Care Global LLP - Aurangabad,420435_1,BD Spares,Sentrifugal filter a,Service Coordinator,New,1-3N2OJV8,SANJEEV AUTO  PARTS MANUFACTURERS PRIVATE LIMITED,ZO_West (CS),208442512,DV12ETA G11,750,DATTAKAMBLE,,,,,,
1-14250346221,2026-08-06 14:27:11,Manual,Sales Coordinator,Oil,KALA Care Global LLP - Pune,420435,KALA Care Global LLP - Kalaburagi,420435_13,Oil,Engine Oil Service.,Sales Coordinator,Converted,1-4KK9OG4,S S PARAGE SPEAKER AND MANTAP PUBLICITY,ZO_West (CS),,3R550TA 4G1,20,,Rani Barate,Q420435132700549,2026-08-06 14:29:42,,212819991,2026-08-06 14:25:28
1-14250366021,2026-08-06 14:31:41,Manual,Sales Coordinator,Oil,KALA Care Global LLP - Pune,420435,KALA Care Global LLP - Nanded,420435_4,Oil,OIL OIL FILTER  FUEL FILTER AIR FILTER,Sales Coordinator,Invoiced Generated,1-3WTRMVB,TSR INFRA PROJECTS,ZO_West (CS),,,,,Jyoti Mangesh,Q420435042700517,2026-08-06 14:40:08,,1-14250367521,2026-08-06 14:40:58
1-14250379161,2026-08-06 14:41:58,Manual,Sales Coordinator,Battery,KALA Care Global LLP - Pune,420435,KALA Care Global LLP - Kalaburagi,420435_13,Battery,Battery,Sales Coordinator,Quotation Submitted,1-1PNKJZN,M/S Balaji Construction,ZO_West (CS),,4K1080TA G2,125.4,,Rani Barate,Q420435132700551,2026-08-06 14:56:42,,,
1-14250379161,2026-08-06 14:41:58,Manual,Sales Coordinator,Battery,KALA Care Global LLP - Pune,420435,KALA Care Global LLP - Kalaburagi,420435_13,Oil,Engine Oil Service,Sales Coordinator,Quotation Submitted,1-1PNKJZN,M/S Balaji Construction,ZO_West (CS),,4K1080TA G2,125.4,,Rani Barate,Q420435132700551,2026-08-06 14:56:42,,,
1-14250393831,2026-08-06 14:35:49,Manual,Sales Coordinator,Oil,KALA Care Global LLP - Pune,420435,KALA Care Global LLP - Kalaburagi,420435_13,Oil,OIL,Sales Coordinator,Converted,1-2E6A0C7,"A.K. ENGINEERS, GULBARGA",ZO_West (CS),,,,,Rani Barate,Q420435132700550,2026-08-06 14:39:51,,1-14250379051,2026-08-06 14:40:25
1-14250753071,2026-08-06 15:45:40,Manual,Sales Coordinator,Others/Remarks,KALA Care Global LLP - Pune,420435,KALA Care Global LLP - Belagavi,420435_9,Others/Remarks,PARTS REQUIRED,Sales Coordinator,Invoiced Generated,1-3N3AI1O,GURU RAGHAVENDRA TRADERS,ZO_West (CS),,,,,VIDYA DHABALI,Q420435092700797,2026-08-06 15:50:42,,1-14250840016,2026-08-06 15:58:59
1-14250767251,2026-08-06 15:54:01,Manual,Sales Coordinator,Allied Oil,KALA Care Global LLP - Pune,420435,KALA Care Global LLP - Kalaburagi,420435_13,Allied Oil,QUOTATION,Sales Coordinator,Converted,1-5XK0VG4,RAJARAJESHWARI FOOD SUPPLIERS,ZO_West (CS),,,,,Rani Barate,Q420435132700552,2026-08-06 15:58:42,,1-14251165611,2026-08-06 16:50:02
1-14250776606,2026-08-06 15:43:47,eFSR,Service Engineer,Others/Remarks,KALA Care Global LLP - Pune,420435,KALA Care Global LLP - Hospet,420435_10,Others/Remarks,Approched customer f,Sales Coordinator,New,1-5JE8LDS,The Office Of Assistant Director Of Agriculture.,ZO_West (CS),213801071,EA16 G1,10,JilanShekshavali,,,,,,
1-14251124254,2026-08-06 17:05:18,eFSR,Service Engineer,Others/Remarks,KALA Care Global LLP - Pune,420435,KALA Care Global LLP - Nanded,420435_4,Oil,Oil sarviceg,Sales Coordinator,Awaiting Approval,1-6EOA3BN,S.S.D.CONSTRUCTION,ZO_West (CS),213801143,4R810ETA4G1,58.5,RAFIQSHAIKH,Jyoti Mangesh,Q420435042700520,2026-08-07 09:40:44,,,
1-14251124254,2026-08-06 17:05:18,eFSR,Service Engineer,Others/Remarks,KALA Care Global LLP - Pune,420435,KALA Care Global LLP - Nanded,420435_4,Others/Remarks,5 litre,Sales Coordinator,Awaiting Approval,1-6EOA3BN,S.S.D.CONSTRUCTION,ZO_West (CS),213801143,4R810ETA4G1,58.5,RAFIQSHAIKH,Jyoti Mangesh,Q420435042700520,2026-08-07 09:40:44,,,
1-14251165631,2026-08-06 16:50:33,Manual,Sales Coordinator,Oil,KALA Care Global LLP - Pune,420435,KALA Care Global LLP - Vijayapura,420435_14,Oil,KOEL BANDHAN WITH OIL SERVICE,Sales Coordinator,Quotation Submitted,1-36C85F7,Sasnur Hospital,ZO_West (CS),,4K1080TA G2,125,,Rani Barate,Q420435142700224,2026-08-06 17:07:05,,,
1-14251181901,2026-08-06 16:56:32,Manual,Sales Coordinator,Others/Remarks,KALA Care Global LLP - Pune,420435,KALA Care Global LLP - Hubli,420435_8,Others/Remarks,FUEL FILTER,Sales Coordinator,Invoiced Generated,1-3B87PS1,V TECH HYDRO SOLUTION,ZO_West (CS),,,,,NIKITA HIREMATH,Q420435082700499,2026-08-06 17:01:01,2026-08-07 15:19:38,1-14254080191,2026-08-07 15:20:14
1-14251189811,2026-08-06 16:57:26,Manual,Sales Coordinator,Diesel Exhaust Fluid,KALA Care Global LLP - Pune,420435,KALA Care Global LLP - Belagavi,420435_9,Diesel Exhaust Fluid,Diesel Exhaust Fluid,Sales Coordinator,Quotation Submitted,1-5R70LNH,MKC INFRASTRUCTURE LIMITED,ZO_West (CS),,4K1080ETA4G1,125,,VIDYA DHABALI,Q420435092700800,2026-08-06 16:59:56,,,
1-14251223907,2026-08-06 17:21:56,eFSR,Service Engineer,Oil,KALA Care Global LLP - Pune,420435,KALA Care Global LLP - Belagavi,420435_9,Battery,Need Battery 88 Ah,Sales Coordinator,Quotation Submitted,1-3NN768P,PRATIK ENTERPRISES,ZO_West (CS),213799394,3R1040T G1,30,SameerHumayun,VIDYA DHABALI,Q420435092700844,2026-08-19 17:31:10,,,
1-14251223907,2026-08-06 17:21:56,eFSR,Service Engineer,Oil,KALA Care Global LLP - Pune,420435,KALA Care Global LLP - Belagavi,420435_9,Coolant Change,Coolant 15 letter ne,Sales Coordinator,Quotation Submitted,1-3NN768P,PRATIK ENTERPRISES,ZO_West (CS),213799394,3R1040T G1,30,SameerHumayun,VIDYA DHABALI,Q420435092700844,2026-08-19 17:31:10,,,
1-14251223907,2026-08-06 17:21:56,eFSR,Service Engineer,Oil,KALA Care Global LLP - Pune,420435,KALA Care Global LLP - Belagavi,420435_9,Oil,Need oil service v b,Sales Coordinator,Quotation Submitted,1-3NN768P,PRATIK ENTERPRISES,ZO_West (CS),213799394,3R1040T G1,30,SameerHumayun,VIDYA DHABALI,Q420435092700844,2026-08-19 17:31:10,,,
1-14251247881,2026-08-06 17:07:05,Manual,Sales Coordinator,Paid Services -PM,KALA Care Global LLP - Pune,420435,KALA Care Global LLP - Belagavi,420435_9,Paid Services -PM,OIL SERVICE,Sales Coordinator,Converted,1-3ILSC01,SHREE BANASHANKARI STONE CRUSHER,ZO_West (CS),,HA494,,,VIDYA DHABALI,Q420435092700801,2026-08-06 17:16:14,,213634172,2026-08-14 15:27:58
1-14251248570,2026-08-06 17:19:19,Manual,Sales Coordinator,Paid Services -PM,KALA Care Global LLP - Pune,420435,KALA Care Global LLP - Belagavi,420435_9,Paid Services -PM,PM PARTS REQUIRED,Sales Coordinator,Converted,1-3ILSC01,SHREE BANASHANKARI STONE CRUSHER,ZO_West (CS),,HA494,,,VIDYA DHABALI,Q420435092700802,2026-08-06 17:22:40,,213634168,2026-08-14 15:33:18
1-14251305601,2026-08-06 17:14:27,Manual,Sales Coordinator,Oil,KALA Care Global LLP - Pune,420435,KALA Care Global LLP - Vijayapura,420435_14,Oil,KOEL BANDHAN WITH ENGINE OIL SERVICE,Sales Coordinator,Quotation Submitted,1-3T672JM,Hotel Le Grande,ZO_West (CS),,6K1080TA G2,160,,Rani Barate,Q420435142700225,2026-08-06 17:25:32,,,
1-14251306281,2026-08-06 17:25:26,Manual,Sales Coordinator,Oil,KALA Care Global LLP - Pune,420435,KALA Care Global LLP - Kalaburagi,420435_13,Oil,OIL,Sales Coordinator,Converted,1-33UK2DM,APANA EARTH MOVERS,ZO_West (CS),,,,,Rani Barate,Q420435132700554,2026-08-06 17:30:26,,1-14251355461,2026-08-06 17:31:25
1-14251310601,2026-08-06 17:14:52,Manual,Sales Coordinator,BD Spares,KALA Care Global LLP - Pune,420435,KALA Care Global LLP - Kalaburagi,420435_13,BD Spares,BD SPARES,Sales Coordinator,Converted,1-5X5NTT8,PRADEEP SAJJAN,ZO_West (CS),,,,,Rani Barate,Q420435132700553,2026-08-06 17:21:01,,1-14251349621,2026-08-06 17:22:19
1-14251332774,2026-08-06 17:35:02,eFSR,Service Engineer,Others/Remarks,KALA Care Global LLP - Pune,420435,KALA Care Global LLP - Kalaburagi,420435_13,Others/Remarks,No,Sales Coordinator,Does Not Qualify,1-4SBTALQ,RHC. Constructions Unit-II UP.,ZO_West (CS),213801704,3R1190ENA 4G1,30,Shakeel AshrafChowdhari,Rani Barate,,,,,
1-14251354421,2026-08-06 17:38:43,Manual,Sales Coordinator,Others/Remarks,KALA Care Global LLP - Pune,420435,KALA Care Global LLP - Belagavi,420435_9,Others/Remarks,PARTS REQUIRED,Sales Coordinator,Invoiced Generated,1-3PSGFNL,J H Fabricators,ZO_West (CS),,4R810TA G1,62.5,,VIDYA DHABALI,Q420435092700803,2026-08-06 17:44:57,,1-14252556091,2026-08-07 10:02:50
1-14251381911,2026-08-06 17:32:47,Manual,Sales Coordinator,Oil,KALA Care Global LLP - Pune,420435,KALA Care Global LLP - Vijayapura,420435_14,Oil,B CHECK WITH  OIL SERVICE,Sales Coordinator,Quotation Submitted,1-61IU5AJ,Parimala petroleums,ZO_West (CS),,3R550TA 4G1,25,,Rani Barate,Q420435142700226,2026-08-06 17:47:50,,,
1-14251422310,2026-08-06 18:43:23,eFSR,Service Engineer,Oil,KALA Care Global LLP - Pune,420435,KALA Care Global LLP - Vijayapura,420435_14,Oil,Oil service needs,Sales Coordinator,Quotation Submitted,1-643UOF7,Mahatesh S,ZO_West (CS),213801624,3R1190ENA 4G1,35,UMESHPatil,Rani Barate,Q420435142700228,2026-08-07 13:21:20,,,
1-14251509951,2026-08-06 17:56:11,Manual,Sales Coordinator,Diesel Exhaust Fluid,KALA Care Global LLP - Pune,420435,KALA Care Global LLP - Nanded,420435_4,Diesel Exhaust Fluid,DEF,Sales Coordinator,Invoiced Generated,1-5WUQ2JH,SHRI MAHARISHI GAUTAM AGENCIES,ZO_West (CS),,,,,Sareen Shaikh,Q420435042700519,2026-08-07 11:47:43,,1-14258522981,2026-08-08 18:08:58
1-14251705331,2026-08-06 22:11:51,eFSR,Service Engineer,Others/Remarks,KALA Care Global LLP - Pune,420435,KALA Care Global LLP - Hospet,420435_10,Oil,Required,Sales Coordinator,New,1-DVW-2262,South West Mining Limited,ZO_West (CS),213801184,HA294 G1,15,Parashuram GGouripurada,,,,,,
1-14251705331,2026-08-06 22:11:51,eFSR,Service Engineer,Others/Remarks,KALA Care Global LLP - Pune,420435,KALA Care Global LLP - Hospet,420435_10,Others/Remarks,Engine overhalling,Sales Coordinator,New,1-DVW-2262,South West Mining Limited,ZO_West (CS),213801184,HA294 G1,15,Parashuram GGouripurada,,,,,,
1-14251705331,2026-08-06 22:11:51,eFSR,Service Engineer,Others/Remarks,KALA Care Global LLP - Pune,420435,KALA Care Global LLP - Hospet,420435_10,Overhauling,Engine overhalling,Sales Coordinator,New,1-DVW-2262,South West Mining Limited,ZO_West (CS),213801184,HA294 G1,15,Parashuram GGouripurada,,,,,,
1-14251705331,2026-08-06 22:11:51,eFSR,Service Engineer,Others/Remarks,KALA Care Global LLP - Pune,420435,KALA Care Global LLP - Hospet,420435_10,Service AMC/Bandhan/Anubandhan,Engine overhalling,Sales Coordinator,New,1-DVW-2262,South West Mining Limited,ZO_West (CS),213801184,HA294 G1,15,Parashuram GGouripurada,,,,,,
1-14251707281,2026-08-06 20:34:30,eFSR,Service Engineer,Oil,KALA Care Global LLP - Pune,420435,KALA Care Global LLP - Belagavi,420435_9,Oil,Need oil service,Sales Coordinator,Quotation Submitted,1-D88HH0,Gokak Friends Club.,ZO_West (CS),213802743,HA294 G1,15,SameerHumayun,VIDYA DHABALI,Q420435092700842,2026-08-11 12:15:46,,,
1-14252481581,2026-08-07 09:51:19,Manual,Sales Coordinator,Paid Services -PM,KALA Care Global LLP - Pune,420435,KALA Care Global LLP - Belagavi,420435_9,Paid Services -PM,AIR CLEANER REQUIRED,Sales Coordinator,Invoiced Generated,1-3K7X6BL,B.G.GODSE,ZO_West (CS),,,,,VIDYA DHABALI,Q420435092700804,2026-08-07 09:54:06,,1-14252527841,2026-08-07 09:54:32
1-14252648439,2026-08-07 11:02:18,eFSR,Service Engineer,Others/Remarks,KALA Care Global LLP - Pune,420435,KALA Care Global LLP - Ahmednagar,420435_2,Others/Remarks,REQUIRED QUESTION: A,Sales Coordinator,Quotation Submitted,1-3ZUPCC3,Amol Shinde,ZO_West (CS),212385188,3R1040TA G1,45,RUSHIKESHMAGAR,Rani Barate,Q420435022700858,2026-08-08 15:36:41,,,
1-14252932320,2026-08-07 11:44:31,eFSR,Service Engineer,Others/Remarks,KALA Care Global LLP - Pune,420435,KALA Care Global LLP - Belagavi,420435_9,Coolant Change,New coolent required,Sales Coordinator,Quotation Submitted,1-3HJRF69,Patson Motors Private Limited,ZO_West (CS),210791487,4R1040TA,82.5,SUNILHUMBARWADI,VIDYA DHABALI,Q420435092700817,2026-08-07 17:36:24,,,
1-14252932320,2026-08-07 11:44:31,eFSR,Service Engineer,Others/Remarks,KALA Care Global LLP - Pune,420435,KALA Care Global LLP - Belagavi,420435_9,Others/Remarks,Radiator clining hos,Sales Coordinator,Quotation Submitted,1-3HJRF69,Patson Motors Private Limited,ZO_West (CS),210791487,4R1040TA,82.5,SUNILHUMBARWADI,VIDYA DHABALI,Q420435092700817,2026-08-07 17:36:24,,,
1-14253242601,2026-08-07 12:11:27,Manual,Sales Coordinator,Oil,KALA Care Global LLP - Pune,420435,KALA Care Global LLP - Vijayapura,420435_14,Oil,ENGINE OIL SERVICE REQUIRED,Sales Coordinator,Quotation Submitted,1-3B5YGQI,Hotel Pearl,ZO_West (CS),,4R1040,40,,Rani Barate,Q420435142700227,2026-08-07 12:31:45,,,
1-14253288807,2026-08-07 12:26:45,eFSR,Service Engineer,BD Spares,KALA Care Global LLP - Pune,420435,KALA Care Global LLP - Hubli,420435_8,BD Spares,Really,Service Coordinator,Does Not Qualify,1-6C8TOTL,Enerspark Power and Infrastrucutre Private Limited,ZO_West (CS),213804601,3R1190ETA 4G1,45,VITTALSATANNAVAR,NIKITA HIREMATH,,,,,
1-14253289292,2026-08-07 12:45:54,eFSR,Service Engineer,Battery,KALA Care Global LLP - Pune,420435,KALA Care Global LLP - Belagavi,420435_9,Battery,Battery is discharge,Sales Coordinator,In Progress,1-3XUC3PA,Yashoda Hospital.,ZO_West (CS),213804909,HA394,25,RAJUTALWAR,,,,,,
1-14253300293,2026-08-07 12:32:29,Manual,Sales Coordinator,Battery,KALA Care Global LLP - Pune,420435,KALA Care Global LLP - Belagavi,420435_9,Battery,Battery,Sales Coordinator,Converted,1-3XUC3PA,Yashoda Hospital.,ZO_West (CS),,HA394,25,,VIDYA DHABALI,Q420435092700810,2026-08-07 12:37:29,,213804909,2026-08-07 11:13:04
1-14253360601,2026-08-07 12:35:29,Manual,Sales Coordinator,Oil,KALA Care Global LLP - Pune,420435,KALA Care Global LLP - Kalaburagi,420435_13,Oil,Engine Oil Service.,Sales Coordinator,Order/SR Generated,1-3L8POIO,SRI K.CHOWDER REDDY & CO,ZO_West (CS),,4R1190,,,Rani Barate,Q420435132700556,2026-08-07 12:49:59,,213105578,2026-08-13 12:34:40
1-14253409416,2026-08-07 14:03:24,eFSR,Service Engineer,Others/Remarks,KALA Care Global LLP - Pune,420435,KALA Care Global LLP - Hospet,420435_10,Others/Remarks,Need oil service and,Sales Coordinator,Converted,1-3TQEBGB,MS. POPULAR SHOE MART-I,ZO_West (CS),213804798,CC418G1,5,DadapeerDadapeer,B Sneha Ballari,Q420435102700964,2026-08-08 14:54:16,,213801010,2026-08-07 13:31:31
1-14253459391,2026-08-07 13:10:35,Manual,Sales Coordinator,BD Spares,KALA Care Global LLP - Pune,420435,KALA Care Global LLP - Ahmednagar,420435_2,BD Spares,spare,Sales Coordinator,Converted,1-6JOL4DG,H.U.GUGLE AGRO BIOTECH CO.,ZO_West (CS),,6SL8800TA,250,,Jyoti Mangesh,Q420435022700847,2026-08-07 13:27:04,,213805707,2026-08-07 13:25:33
1-14253798708,2026-08-07 14:11:25,eFSR,Service Engineer,Oil,KALA Care Global LLP - Pune,420435,KALA Care Global LLP - Belagavi,420435_9,Oil,Need oil service,Sales Coordinator,Quotation Submitted,1-4OJFL3Z,Master Bliss Solutions,ZO_West (CS),209891203,6K1080TA G2,160,SameerHumayun,VIDYA DHABALI,Q420435092700942,2026-08-24 11:48:12,,,
1-14253799471,2026-08-07 14:39:07,eFSR,Service Engineer,Others/Remarks,KALA Care Global LLP - Pune,420435,KALA Care Global LLP - Aurangabad,420435_1,Others/Remarks,Diesel supply pipe,Sales Coordinator,Does Not Qualify,1-2Z0LJMP,Reliance Jio Infocomm Limited,ZO_West (CS),213791524,3R550TA 4G1,20,AkashWagh,Rani Barate,,,,,
1-14253974079,2026-08-07 14:59:50,eFSR,Service Engineer,Others/Remarks,KALA Care Global LLP - Pune,420435,KALA Care Global LLP - Hospet,420435_10,Others/Remarks,Please give quetatio,Sales Coordinator,Converted,1-46ATAPK,M/s PATIL TRADERS,ZO_West (CS),213802787,Engines,,VIJAYKUMAR,B Sneha Ballari,Q420435102700967,2026-08-08 15:34:56,,213231664,2026-08-08 15:28:14
1-14253974079,2026-08-07 14:59:50,eFSR,Service Engineer,Others/Remarks,KALA Care Global LLP - Pune,420435,KALA Care Global LLP - Hospet,420435_10,Paid Services -PM,Please given to quat,Sales Coordinator,Converted,1-46ATAPK,M/s PATIL TRADERS,ZO_West (CS),213802787,Engines,,VIJAYKUMAR,B Sneha Ballari,Q420435102700967,2026-08-08 15:34:56,,213231664,2026-08-08 15:28:14
1-14254066611,2026-08-07 15:06:31,Manual,Sales Coordinator,BD Spares,KALA Care Global LLP - Pune,420435,KALA Care Global LLP - Babhleshwar,420435_5,BD Spares,PAID SERVICING,Sales Coordinator,Quotation Submitted,1-2D21699,Wellness Forever Lifestyle Chemist,ZO_West (CS),,CC418G1,5,,Rani Barate,Q420435052700187,2026-08-07 15:15:19,,,
1-14254111611,2026-08-07 15:16:03,Manual,Sales Coordinator,,KALA Care Global LLP - Pune,420435,KALA Care Global LLP - Ahmednagar,420435_2,BD Spares,WATER PUMP,Sales Coordinator,In Progress,,,ZO_West (CS),,,,,,,,,,
1-14254159841,2026-08-07 15:29:12,Manual,Sales Coordinator,Others/Remarks,KALA Care Global LLP - Pune,420435,KALA Care Global LLP - Belagavi,420435_9,Others/Remarks,Others/Remarks,Sales Coordinator,Converted,1-4CIJIL9,S.C. Panchakattimath Prop. S.C.Panchakattimath Petroleums.,ZO_West (CS),,HA394,25,,VIDYA DHABALI,Q420435092700815,2026-08-07 15:34:54,,213753893,2026-07-27 12:46:38
1-14254442619,2026-08-07 16:25:29,eFSR,Service Engineer,Oil,KALA Care Global LLP - Pune,420435,KALA Care Global LLP - Vijayapura,420435_14,Oil,1921640,Sales Coordinator,New,1-3QJME5O,EXCELENT PU COLLEGE,ZO_West (CS),213802424,HA294 G1,15,MOHD ABUSUFIYANJAHAGIRDAR,,,,,,
1-14254442619,2026-08-07 16:25:29,eFSR,Service Engineer,Oil,KALA Care Global LLP - Pune,420435,KALA Care Global LLP - Vijayapura,420435_14,Paid Services -PM,1921640,Sales Coordinator,New,1-3QJME5O,EXCELENT PU COLLEGE,ZO_West (CS),213802424,HA294 G1,15,MOHD ABUSUFIYANJAHAGIRDAR,,,,,,
1-14254578161,2026-08-07 16:50:53,Manual,Sales Coordinator,Others/Remarks,KALA Care Global LLP - Pune,420435,KALA Care Global LLP - Belagavi,420435_9,Others/Remarks,PARTS REQUIRED,Sales Coordinator,Quotation Submitted,1-SRQRC7,Balaji concrete Halaga,ZO_West (CS),,HA494,,,VIDYA DHABALI,Q420435092700816,2026-08-07 17:04:22,,,
1-14254754850,2026-08-07 17:23:09,eFSR,Service Engineer,Coolant Change,KALA Care Global LLP - Pune,420435,KALA Care Global LLP - Ahmednagar,420435_2,BD Spares,"Head gasket , RC joi",Sales Coordinator,In Progress,1-6JOL4DG,H.U.GUGLE AGRO BIOTECH CO.,ZO_West (CS),213805707,6SL8800TA,250,NavnathPatare,,,,,,
1-14254754850,2026-08-07 17:23:09,eFSR,Service Engineer,Coolant Change,KALA Care Global LLP - Pune,420435,KALA Care Global LLP - Ahmednagar,420435_2,Coolant Change,Coolant change req,Sales Coordinator,In Progress,1-6JOL4DG,H.U.GUGLE AGRO BIOTECH CO.,ZO_West (CS),213805707,6SL8800TA,250,NavnathPatare,,,,,,
1-14254755473,2026-08-07 18:00:42,eFSR,Service Engineer,Oil,KALA Care Global LLP - Pune,420435,KALA Care Global LLP - Belagavi,420435_9,Oil,Dev oil service,Sales Coordinator,Quotation Submitted,1-5XKRW09,Rajshekhar Hanamant Kalal,ZO_West (CS),213806350,4R1040TA,82.5,SameerHumayun,VIDYA DHABALI,Q420435092700941,2026-08-24 11:38:57,,,
1-14254860603,2026-08-07 17:26:30,Manual,Sales Coordinator,Others/Remarks,KALA Care Global LLP - Pune,420435,KALA Care Global LLP - Ahmednagar,420435_2,Others/Remarks,VALVE PAIR,Sales Coordinator,Invoiced Generated,1-4YY8PL,Om Sai Hydrolicks,ZO_West (CS),,,,,Rani Barate,Q420435022700849,2026-08-10 15:28:27,,1-14261714142,2026-08-10 15:28:32
1-14254917056,2026-08-07 18:22:46,eFSR,Service Engineer,Others/Remarks,KALA Care Global LLP - Pune,420435,KALA Care Global LLP - Ahmednagar,420435_2,BD Spares,Air filter required.,Sales Coordinator,New,1-3DVOIWF,New Age Fuel World,ZO_West (CS),213805949,HA394,25,RUSHIKESHMAGAR,,,,,,
1-14254917056,2026-08-07 18:22:46,eFSR,Service Engineer,Others/Remarks,KALA Care Global LLP - Pune,420435,KALA Care Global LLP - Ahmednagar,420435_2,Others/Remarks,New Air filter.,Sales Coordinator,New,1-3DVOIWF,New Age Fuel World,ZO_West (CS),213805949,HA394,25,RUSHIKESHMAGAR,,,,,,
1-14254947377,2026-08-07 20:30:25,eFSR,Service Engineer,Others/Remarks,KALA Care Global LLP - Pune,420435,KALA Care Global LLP - Hospet,420435_10,Others/Remarks,It's required coolen,Sales Coordinator,Qualifying,1-6DS2URV,Vamsha vruksha Hospital,ZO_West (CS),213519490,4R810ETA 4G1,58.5,VIJAYKUMAR,B Sneha Ballari,,,,,
1-14254966351,2026-08-08 04:30:52,eFSR,Service Engineer,Others/Remarks,KALA Care Global LLP - Pune,420435,KALA Care Global LLP - Hospet,420435_10,Others/Remarks,AMC,Sales Coordinator,New,1-1KM-2141,SRI LAKSHMI POULTRY COMPLEX,ZO_West (CS),213805796,4R1040TA,82.5,Parashuram GGouripurada,,,,,,
1-14254966351,2026-08-08 04:30:52,eFSR,Service Engineer,Others/Remarks,KALA Care Global LLP - Pune,420435,KALA Care Global LLP - Hospet,420435_10,Service AMC/Bandhan/Anubandhan,AMC,Sales Coordinator,New,1-1KM-2141,SRI LAKSHMI POULTRY COMPLEX,ZO_West (CS),213805796,4R1040TA,82.5,Parashuram GGouripurada,,,,,,
1-14255054263,2026-08-07 20:09:54,eFSR,Service Engineer,Others/Remarks,KALA Care Global LLP - Pune,420435,KALA Care Global LLP - Hubli,420435_8,Others/Remarks,Oil service,Sales Coordinator,New,1-2HC38DR,Kalyani Klaassic Premises Owener Association,ZO_West (CS),213800559,3R1040T G1,30,KAREPPADOOPAD,,,,,,
1-14255443612,2026-08-07 20:37:38,eFSR,Service Engineer,Oil,KALA Care Global LLP - Pune,420435,KALA Care Global LLP - Belagavi,420435_9,Oil,Oil servsing due,Sales Coordinator,Quotation Submitted,1-W288I3,Sri Galeshwar Education Society,ZO_West (CS),212979844,HA294 G1,15,RAJUTALWAR,VIDYA DHABALI,Q420435092700832,2026-08-10 12:50:56,,,
1-14255443612,2026-08-07 20:37:38,eFSR,Service Engineer,Oil,KALA Care Global LLP - Pune,420435,KALA Care Global LLP - Belagavi,420435_9,Paid Services -PM,Oil servsing due,Sales Coordinator,Quotation Submitted,1-W288I3,Sri Galeshwar Education Society,ZO_West (CS),212979844,HA294 G1,15,RAJUTALWAR,VIDYA DHABALI,Q420435092700832,2026-08-10 12:50:56,,,
1-14255443612,2026-08-07 20:37:38,eFSR,Service Engineer,Oil,KALA Care Global LLP - Pune,420435,KALA Care Global LLP - Belagavi,420435_9,Service AMC/Bandhan/Anubandhan,Bandhan plus request,Sales Coordinator,Quotation Submitted,1-W288I3,Sri Galeshwar Education Society,ZO_West (CS),212979844,HA294 G1,15,RAJUTALWAR,VIDYA DHABALI,Q420435092700832,2026-08-10 12:50:56,,,
1-14255532695,2026-08-07 22:20:59,eFSR,Service Engineer,Others/Remarks,KALA Care Global LLP - Pune,420435,KALA Care Global LLP - Hospet,420435_10,Others/Remarks,AMC,Sales Coordinator,New,1-1KM-4720,SRI LAKSHMI POULTRY COMPLEX,ZO_West (CS),213799086,6K1080TA,160,Parashuram GGouripurada,,,,,,
1-14255532695,2026-08-07 22:20:59,eFSR,Service Engineer,Others/Remarks,KALA Care Global LLP - Pune,420435,KALA Care Global LLP - Hospet,420435_10,Service AMC/Bandhan/Anubandhan,AMC,Sales Coordinator,New,1-1KM-4720,SRI LAKSHMI POULTRY COMPLEX,ZO_West (CS),213799086,6K1080TA,160,Parashuram GGouripurada,,,,,,
1-14255908871,2026-08-08 09:38:05,Manual,Sales Coordinator,BD Spares,KALA Care Global LLP - Pune,420435,KALA Care Global LLP - Aurangabad,420435_1,BD Spares,PM,Sales Coordinator,Quotation Submitted,1-61ZWU9G,PVK Builders and developers Private Limited,ZO_West (CS),,4R1040T BSIII,,,Rani Barate,Q420435012700754,2026-08-08 09:48:07,,,
1-14256258601,2026-08-08 10:58:26,Manual,Sales Coordinator,Oil,KALA Care Global LLP - Pune,420435,KALA Care Global LLP - Kalaburagi,420435_13,Oil,oil service,Sales Coordinator,Quotation Submitted,1-6EA7NNV,M/s .SMC Projects,ZO_West (CS),,HA694,,,Rani Barate,Q420435132700560,2026-08-08 11:02:28,,,
1-14256265952,2026-08-08 11:02:41,Manual,Sales Coordinator,Oil,KALA Care Global LLP - Pune,420435,KALA Care Global LLP - Kalaburagi,420435_13,Oil,Oil Service,Sales Coordinator,Quotation Submitted,1-6JIEM07,SMC Ready Mix Concrete,ZO_West (CS),,HA494,,,Rani Barate,Q420435132700561,2026-08-08 11:05:09,,,
1-14256266281,2026-08-08 11:05:16,Manual,Sales Coordinator,Oil,KALA Care Global LLP - Pune,420435,KALA Care Global LLP - Kalaburagi,420435_13,Oil,Engine Oil Service.,Sales Coordinator,Quotation Submitted,1-6JIEM07,SMC Ready Mix Concrete,ZO_West (CS),,HA494,,,Rani Barate,Q420435132700562,2026-08-08 11:08:14,,,
1-14256584791,2026-08-08 11:45:12,Manual,Sales Coordinator,Others/Remarks,KALA Care Global LLP - Pune,420435,KALA Care Global LLP - Belagavi,420435_9,Paid Services -PM,Paid Services -PM,Sales Coordinator,Converted,1-6JQKWVS,TAKSHCON PRIVATE LIMITED,ZO_West (CS),,HA494,,,VIDYA DHABALI,Q420435092700819,2026-08-08 11:58:00,,213808241,2026-08-08 10:30:12
1-14256936671,2026-08-08 12:42:16,Manual,Sales Coordinator,Others/Remarks,KALA Care Global LLP - Pune,420435,KALA Care Global LLP - Ahmednagar,420435_2,BD Spares,ENGINE WORK,Sales Coordinator,Quotation Submitted,1-6JOL4DG,H.U.GUGLE AGRO BIOTECH CO.,ZO_West (CS),,6SL8800TA,250,,Rani Barate,Q420435022700853,2026-08-08 12:58:10,,,
1-14257010901,2026-08-08 13:15:07,eFSR,Service Engineer,Others/Remarks,KALA Care Global LLP - Pune,420435,KALA Care Global LLP - Belagavi,420435_9,Others/Remarks,Coolant required,Sales Coordinator,Quotation Submitted,1-610M7AX,Shiva Petroleum,ZO_West (CS),213808448,3R550TA 4G1,20,PRASHANTPATIL,VIDYA DHABALI,Q420435092700846,2026-08-11 12:41:15,,,
1-14257011161,2026-08-08 13:34:14,eFSR,Service Engineer,Oil,KALA Care Global LLP - Pune,420435,KALA Care Global LLP - Vijayapura,420435_14,Oil,4H.3031/0920407,Sales Coordinator,New,1-3B5YGQI,Hotel Pearl,ZO_West (CS),213805274,4R1040,40,MOHD ABUSUFIYANJAHAGIRDAR,,,,,,
1-14257011161,2026-08-08 13:34:14,eFSR,Service Engineer,Oil,KALA Care Global LLP - Pune,420435,KALA Care Global LLP - Vijayapura,420435_14,Paid Services -PM,4H.3031/0920407,Sales Coordinator,New,1-3B5YGQI,Hotel Pearl,ZO_West (CS),213805274,4R1040,40,MOHD ABUSUFIYANJAHAGIRDAR,,,,,,
1-14257011586,2026-08-08 14:04:53,eFSR,Service Engineer,Oil,KALA Care Global LLP - Pune,420435,KALA Care Global LLP - Aurangabad,420435_1,Oil,Engine Oil,Sales Coordinator,Does Not Qualify,1-5YXT1WR,M/s Perennial Technologies Pvt Ltd,ZO_West (CS),213809001,3R1190ETA 4G1,45,KAMLAKARMORE,Rani Barate,,,,,
1-14257117441,2026-08-08 13:25:44,Manual,Sales Coordinator,Oil,KALA Care Global LLP - Pune,420435,KALA Care Global LLP - Nanded,420435_4,Oil,OIL & AVR,Sales Coordinator,Invoiced Generated,1-1W6-4423,Shinde & Sons,ZO_West (CS),,,,,Sareen Shaikh,Q420435042700527,2026-08-08 13:40:35,,1-14257183521,2026-08-08 13:42:55
1-14257237091,2026-08-08 14:00:26,Manual,Sales Coordinator,Oil,KALA Care Global LLP - Pune,420435,KALA Care Global LLP - Kalaburagi,420435_13,Oil,Engine Oil Service,Sales Coordinator,Converted,1-2JNWLIE,KUNDUR CONSTRUCTIONS PRIVATE LIMITED,ZO_West (CS),,4R1040TA4,,,Rani Barate,Q420435132700564,2026-08-08 14:04:28,,213805561,2026-08-08 11:31:03
1-14257305808,2026-08-08 14:18:52,eFSR,Service Engineer,Oil,KALA Care Global LLP - Pune,420435,KALA Care Global LLP - Vijayapura,420435_14,Coolant Change,Top-up,Sales Coordinator,New,1-36C85F7,Sasnur Hospital,ZO_West (CS),207427019,4K1080TA G2,125,UMESHPatil,,,,,,
1-14257305808,2026-08-08 14:18:52,eFSR,Service Engineer,Oil,KALA Care Global LLP - Pune,420435,KALA Care Global LLP - Vijayapura,420435_14,Oil,Needs to be oil seiv,Sales Coordinator,New,1-36C85F7,Sasnur Hospital,ZO_West (CS),207427019,4K1080TA G2,125,UMESHPatil,,,,,,
1-14257339660,2026-08-08 14:15:26,Manual,Sales Coordinator,Paid Services -PM,KALA Care Global LLP - Pune,420435,KALA Care Global LLP - Belagavi,420435_9,Paid Services -PM,Paid Services -PM,Sales Coordinator,Converted,1-6AV0VMN,S.S.KANAMUCHANAL CONTRACTOR,ZO_West (CS),,HA494,,,VIDYA DHABALI,Q420435092700824,2026-08-08 14:28:01,,213633118,2026-08-07 17:20:16
1-14257339724,2026-08-08 14:20:30,Manual,Sales Coordinator,Paid Services -PM,KALA Care Global LLP - Pune,420435,KALA Care Global LLP - Belagavi,420435_9,Paid Services -PM,Paid Services -PM,Sales Coordinator,Converted,1-6AV0VMN,S.S.KANAMUCHANAL CONTRACTOR,ZO_West (CS),,HA494,,,VIDYA DHABALI,Q420435092700825,2026-08-08 14:29:45,,213806847,2026-08-07 17:24:41
1-14257350742,2026-08-08 14:18:29,Manual,Sales Coordinator,Paid Services -PM,KALA Care Global LLP - Pune,420435,KALA Care Global LLP - Hospet,420435_10,Paid Services -PM,oil service,Sales Coordinator,Converted,1-5YUGW6D,SV CONSTRUCTIONS,ZO_West (CS),,4R1190,,,B Sneha Ballari,Q420435102700963,2026-08-08 14:35:05,,213739978,2026-08-06 09:47:06
1-14257403341,2026-08-08 14:35:15,Manual,Sales Coordinator,BD Spares,KALA Care Global LLP - Pune,420435,KALA Care Global LLP - Kalaburagi,420435_13,BD Spares,BD SPARES,Sales Coordinator,Converted,1-604HA8S,ANAND. N. PARIT,ZO_West (CS),,,,,Rani Barate,Q420435132700565,2026-08-08 14:39:48,,1-14257446611,2026-08-08 14:42:33
1-14257580328,2026-08-08 15:37:47,eFSR,Service Engineer,Others/Remarks,KALA Care Global LLP - Pune,420435,KALA Care Global LLP - Belagavi,420435_9,Others/Remarks,Rediator clean and c,Sales Coordinator,Qualifying,1-5P5NRBP,Shri Shiddalinga Shivayogi Petroleaums,ZO_West (CS),213808409,2R1040 G1,20,PRASHANTPATIL,VIDYA DHABALI,Q420435092700864,,,,
1-14257621031,2026-08-08 15:28:47,Manual,Sales Coordinator,BD Spares,KALA Care Global LLP - Pune,420435,KALA Care Global LLP - Belagavi,420435_9,BD Spares,water pump required,Sales Coordinator,Invoiced Generated,1-1WC-4009,M/S V V VARDE,ZO_West (CS),,RV3,20,,VIDYA DHABALI,Q420435092700827,2026-08-08 15:32:45,,1-14257783931,2026-08-08 15:47:36
1-14257630601,2026-08-08 15:19:45,Manual,Sales Coordinator,Oil,KALA Care Global LLP - Pune,420435,KALA Care Global LLP - Kalaburagi,420435_13,Oil,Engine Oil Service.,Sales Coordinator,Quotation Submitted,1-5LWV42N,SNEHA FARMS PVT LTD(KARNATAKA),ZO_West (CS),,Engines,,,Rani Barate,Q420435132700566,2026-08-14 12:00:32,,,
1-14257631558,2026-08-08 15:29:41,Manual,Sales Coordinator,Oil,KALA Care Global LLP - Pune,420435,KALA Care Global LLP - Kalaburagi,420435_13,Oil,Oil Service.,Sales Coordinator,Quotation Submitted,1-5LWV42N,SNEHA FARMS PVT LTD(KARNATAKA),ZO_West (CS),,HA494,,,Rani Barate,Q420435132700567,2026-08-13 14:16:36,,,
1-14257952204,2026-08-08 16:25:13,Manual,Sales Coordinator,Oil,KALA Care Global LLP - Pune,420435,KALA Care Global LLP - Vijayapura,420435_14,Oil,ENGINE OIL SERVICE QUOTATION REQUIRED,Sales Coordinator,Quotation Submitted,1-4PDFXQF,VOVTEL ROOMS PRIVATE LIMITED,ZO_West (CS),,4K1080TA G2,125.4,,Rani Barate,Q420435142700231,2026-08-08 16:38:33,,,
1-14258032329,2026-08-08 16:43:42,Manual,Sales Coordinator,Oil,KALA Care Global LLP - Pune,420435,KALA Care Global LLP - Vijayapura,420435_14,Oil,ENGINE OIL SERVICE REQUIRED,Sales Coordinator,Converted,1-6JDVK1Y,KASARAGOD GANESH KUMAR,ZO_West (CS),,HA294,15,,Rani Barate,Q420435142700232,2026-08-08 17:02:38,,213810319,2026-08-19 09:31:57
1-14258121316,2026-08-08 17:46:41,eFSR,Service Engineer,Service AMC/Bandhan/Anubandhan,KALA Care Global LLP - Pune,420435,KALA Care Global LLP - Belagavi,420435_9,Service AMC/Bandhan/Anubandhan,Bandhan Plus,Sales Coordinator,Does Not Qualify,1-1W9-3768,Maruti Madir,ZO_West (CS),213289648,RV2,15,RAJUTALWAR,VIDYA DHABALI,,,,,
1-14258145151,2026-08-08 16:58:05,Manual,Sales Coordinator,,KALA Care Global LLP - Pune,420435,KALA Care Global LLP - Hospet,420435_10,,,Sales Coordinator,In Progress,,,ZO_West (CS),,,,,,,,,,
1-14258190751,2026-08-08 17:03:28,Manual,Sales Coordinator,BD Spares,KALA Care Global LLP - Pune,420435,KALA Care Global LLP - Hospet,420435_10,BD Spares,OIL FILTER,Sales Coordinator,Invoiced Generated,1-4IJAJLH,M/s.Shre Thirumala Constructions,ZO_West (CS),,,,,B Sneha Ballari,Q420435102701046,2026-08-14 17:38:03,,1-14276212601,2026-08-14 18:02:05
1-14258409351,2026-08-08 23:38:04,eFSR,Service Engineer,Others/Remarks,KALA Care Global LLP - Pune,420435,KALA Care Global LLP - Hospet,420435_10,Others/Remarks,Need oil service mat,Sales Coordinator,Invoiced Generated,1-47ANXN0,Mr.Ramaswamy V,ZO_West (CS),213808819,4R810T,,DadapeerDadapeer,B Sneha Ballari,Q420435102700996,2026-08-11 12:32:47,,1-14264496778,2026-08-11 12:32:54
1-14258409354,2026-08-08 23:55:38,eFSR,Service Engineer,Others/Remarks,KALA Care Global LLP - Pune,420435,KALA Care Global LLP - Hospet,420435_10,Others/Remarks,Not required,Sales Coordinator,Does Not Qualify,1-1MD72L,V A S P Salt Refineries,ZO_West (CS),213811029,4R810ETA4G1,58.5,DadapeerDadapeer,B Sneha Ballari,,,,,
1-14258512411,2026-08-08 18:28:14,Manual,Sales Coordinator,BD Spares,KALA Care Global LLP - Pune,420435,KALA Care Global LLP - Aurangabad,420435_1,BD Spares,PARTS,Sales Coordinator,Invoiced Generated,1-50L20TI,Yash Construction Company. .,ZO_West (CS),,,,,Rani Barate,Q420435012700759,2026-08-08 18:33:15,,1-14274556738,2026-08-14 12:27:40
1-14258537810,2026-08-08 19:49:13,eFSR,Service Engineer,BD Spares,KALA Care Global LLP - Pune,420435,KALA Care Global LLP - Beed,420435_3,BD Spares,2 pole mccb Schneide,Service Coordinator,New,1-2Z0LJMP,Reliance Jio Infocomm Limited,ZO_West (CS),213793441,HA294 G1,10,BALASAHEBGADHAVE,,,,,,
1-14258875712,2026-08-08 22:54:56,eFSR,Service Engineer,Service AMC/Bandhan/Anubandhan,KALA Care Global LLP - Pune,420435,KALA Care Global LLP - Hospet,420435_10,Service AMC/Bandhan/Anubandhan,Bandhan plus,Sales Coordinator,New,1-3T1SCEY,Vijaya Laxmi Poultry Complex,ZO_West (CS),213801365,4R810TA G1,62.5,MOHAMMED JAFERKALUR,,,,,,
1-14259572811,2026-08-09 21:42:19,eFSR,Service Engineer,Oil,KALA Care Global LLP - Pune,420435,KALA Care Global LLP - Nanded,420435_4,Oil,20L oil required,Sales Coordinator,Awaiting Approval,1-6E8GBV6,NEW BHARAT FANCY,ZO_West (CS),213748151,6K1080TA G2,160,SAGARPARDESHI,Sareen Shaikh,Q420435042700530,2026-08-11 10:12:22,,,
1-14260396431,2026-08-10 11:01:40,Manual,Sales Coordinator,BD Spares,KALA Care Global LLP - Pune,420435,KALA Care Global LLP - Kalaburagi,420435_13,BD Spares,BD SPARES,Sales Coordinator,Converted,1-6JTQUXK,MOHAMMED SHOED,ZO_West (CS),,,,,Rani Barate,Q420435132700569,2026-08-10 11:06:04,,1-14260486891,2026-08-10 11:07:25
1-14260502563,2026-08-10 11:18:25,Manual,Sales Coordinator,Oil,KALA Care Global LLP - Pune,420435,KALA Care Global LLP - Vijayapura,420435_14,Oil,ENGINE OIL SERVICE REQUIRED,Sales Coordinator,Quotation Submitted,1-6IC03AO,ARV Infra,ZO_West (CS),,HA494,,,Rani Barate,Q420435142700234,2026-08-10 11:24:07,,,
1-14260557844,2026-08-10 11:24:49,Manual,Sales Coordinator,Oil,KALA Care Global LLP - Pune,420435,KALA Care Global LLP - Vijayapura,420435_14,Oil,ENGINE OIL SERVICE REQUIRED,Sales Coordinator,Quotation Submitted,1-6IC03AO,ARV Infra,ZO_West (CS),,HA494,,,Rani Barate,Q420435142700235,2026-08-10 11:29:13,,,
1-14260558045,2026-08-10 11:29:56,Manual,Sales Coordinator,Oil,KALA Care Global LLP - Pune,420435,KALA Care Global LLP - Vijayapura,420435_14,Oil,ENGINE OIL SERVICE REQUIRED,Sales Coordinator,Quotation Submitted,1-6IC03AO,ARV Infra,ZO_West (CS),,HA494,,,Rani Barate,Q420435142700236,2026-08-10 11:36:54,,,
1-14260558244,2026-08-10 11:43:14,Manual,Sales Coordinator,Oil,KALA Care Global LLP - Pune,420435,KALA Care Global LLP - Vijayapura,420435_14,Oil,ENGINE OIL SERVICE REQUIRED,Sales Coordinator,Quotation Submitted,1-6IC03AO,ARV Infra,ZO_West (CS),,HA694,,,Rani Barate,Q420435142700237,2026-08-10 11:47:43,,,
1-14260558449,2026-08-10 11:51:23,Manual,Sales Coordinator,Oil,KALA Care Global LLP - Pune,420435,KALA Care Global LLP - Vijayapura,420435_14,Oil,ENGINE OIL SERVICE REQUIRED,Sales Coordinator,Quotation Submitted,1-6IC03AO,ARV Infra,ZO_West (CS),,HA494,,,Rani Barate,Q420435142700238,2026-08-10 11:56:03,,,
1-14260609601,2026-08-10 11:30:45,Manual,Sales Coordinator,Paid Services -PM,KALA Care Global LLP - Pune,420435,KALA Care Global LLP - Hubli,420435_8,Paid Services -PM,OIL SERVICE,Sales Coordinator,Converted,1-4H66I40,S. Lad Ventures,ZO_West (CS),,3R1040T G1,35,,NIKITA HIREMATH,Q420435082700515,2026-08-10 11:41:28,2026-08-10 16:59:31,213813695,2026-08-10 11:51:05
1-14260717648,2026-08-10 11:57:28,Manual,Sales Coordinator,Oil,KALA Care Global LLP - Pune,420435,KALA Care Global LLP - Vijayapura,420435_14,Oil,ENGINE OIL SERVICE REQUIRED,Sales Coordinator,Quotation Submitted,1-4JKG9Y3,MANJUNATH RAMANGOUDA PATIL,ZO_West (CS),,Engines,,,Rani Barate,Q420435142700240,2026-08-10 13:06:25,,,
1-14260774071,2026-08-10 12:10:16,Manual,Sales Coordinator,BD Spares,KALA Care Global LLP - Pune,420435,KALA Care Global LLP - Aurangabad,420435_1,BD Spares,PM,Sales Coordinator,Quotation Submitted,1-3G18L65,MOTIWALA SQUARE,ZO_West (CS),,6K1080TA G2,160,,Rani Barate,Q420435012700762,2026-08-10 15:40:48,,,
1-14260796395,2026-08-10 12:42:06,eFSR,Service Engineer,Others/Remarks,KALA Care Global LLP - Pune,420435,KALA Care Global LLP - Babhleshwar,420435_5,Oil,Sarvising required,Sales Coordinator,Nurturing,1-1MIB2LB,Shree Sai Nivas Megha Dharmashala,ZO_West (CS),211678833,6SL8800TA,250,SANDIPGAGARE,Rani Barate,,,,,
1-14260796395,2026-08-10 12:42:06,eFSR,Service Engineer,Others/Remarks,KALA Care Global LLP - Pune,420435,KALA Care Global LLP - Babhleshwar,420435_5,Others/Remarks,Sarvising required,Sales Coordinator,Nurturing,1-1MIB2LB,Shree Sai Nivas Megha Dharmashala,ZO_West (CS),211678833,6SL8800TA,250,SANDIPGAGARE,Rani Barate,,,,,
1-14260912731,2026-08-10 12:32:44,Manual,Sales Coordinator,Battery,KALA Care Global LLP - Pune,420435,KALA Care Global LLP - Aurangabad,420435_1,Battery,BATTERY,Sales Coordinator,Quotation Submitted,1-6BV-131,Automatic Hotels & Restaurants India Limited,ZO_West (CS),,,,,Rani Barate,Q420435012700763,2026-08-10 12:50:30,,,
1-14261036302,2026-08-10 13:20:17,eFSR,Service Engineer,Others/Remarks,KALA Care Global LLP - Pune,420435,KALA Care Global LLP - Latur,420435_6,Others/Remarks,V.M.R.and engine bel,Sales Coordinator,New,1-5IH06H3,Ssc And Hsc Divisional Board - Latur,ZO_West (CS),210915757,6R1080T,100,MAHALINGPATIL,,,,,,
1-14261206354,2026-08-10 15:48:17,eFSR,Service Engineer,Service AMC/Bandhan/Anubandhan,KALA Care Global LLP - Pune,420435,KALA Care Global LLP - Latur,420435_6,Service AMC/Bandhan/Anubandhan,Amc. Bandhan,Sales Coordinator,New,1-4H4H8QZ,Laxminarayan Petroleum Services & Vaibhav Traders & Hardware,ZO_West (CS),213814129,HA294,15,MAHALINGPATIL,,,,,,
1-14261235531,2026-08-10 13:33:29,Manual,Sales Coordinator,BD Spares,KALA Care Global LLP - Pune,420435,KALA Care Global LLP - Kalaburagi,420435_13,BD Spares,BD SPARES,Sales Coordinator,Converted,1-6B4ZZXK,SIDDI VINAYAKA CAR SERVICE,ZO_West (CS),,,,,Rani Barate,Q420435132700570,2026-08-10 13:38:52,,1-14266031611,2026-08-11 17:27:26
1-14261258240,2026-08-10 14:34:01,eFSR,Service Engineer,BD Spares,KALA Care Global LLP - Pune,420435,KALA Care Global LLP - Belagavi,420435_9,BD Spares,LVM and contactor,Service Coordinator,Does Not Qualify,1-4GNPAO5,Faizan Saith,ZO_West (CS),213813318,3R550NA G1,15,GAJANANBHOSALE,VIDYA DHABALI,,,,,
1-14261260183,2026-08-10 13:56:00,eFSR,Service Engineer,Overhauling,KALA Care Global LLP - Pune,420435,KALA Care Global LLP - Ahmednagar,420435_2,Overhauling,Overhauling,Service Coordinator,New,1-5RBI4TU,Elevar Digitel Infrastructure Pvt Ltd.,ZO_West (CS),213812886,3R550ETA 4G1,25,NILESHSALUNKE,,,,,,
1-14261357141,2026-08-10 14:08:14,Manual,Sales Coordinator,BD Spares,KALA Care Global LLP - Pune,420435,KALA Care Global LLP - Kalaburagi,420435_13,BD Spares,BD SPARES,Sales Coordinator,Does Not Qualify,1-DWN-3674,Anand,ZO_West (CS),,,,,Rani Barate,,,,,
1-14261446837,2026-08-10 14:31:58,Manual,Sales Coordinator,BD Spares,KALA Care Global LLP - Pune,420435,KALA Care Global LLP - Kalaburagi,420435_13,BD Spares,BD SPARES,Sales Coordinator,Converted,1-4TUALNK,PBR Automobiles,ZO_West (CS),,,,,Rani Barate,Q420435132700580,2026-08-10 14:37:07,,1-14261514621,2026-08-10 14:41:23
1-14261542861,2026-08-10 14:50:20,Manual,Sales Coordinator,BD Spares,KALA Care Global LLP - Pune,420435,KALA Care Global LLP - Kalaburagi,420435_13,BD Spares,CONVERSION KIT FROM KG 934 TO KG 645,Sales Coordinator,Order/SR Generated,1-44OQ3CC,Hyderabad Karnataka Education Society,ZO_West (CS),,4R1040TA,82.5,,Rani Barate,Q420435132700581,2026-08-10 14:56:51,,213805184,2026-08-07 11:59:04
1-14261548101,2026-08-10 15:02:37,Manual,Sales Coordinator,Others/Remarks,KALA Care Global LLP - Pune,420435,KALA Care Global LLP - Ahmednagar,420435_2,Others/Remarks,RADIATOR ASSLY,Sales Coordinator,Quotation Submitted,1-4P3UZ26,Sachin Generator,ZO_West (CS),,,,,Rani Barate,Q420435022700865,2026-08-10 15:08:45,,,
1-14261577001,2026-08-10 15:01:20,Manual,Sales Coordinator,BD Spares,KALA Care Global LLP - Pune,420435,KALA Care Global LLP - Kalaburagi,420435_13,BD Spares,BD SPARES,Sales Coordinator,Converted,1-697QG9X,MR Kariyappa,ZO_West (CS),,,,,Rani Barate,Q420435132700582,2026-08-10 15:05:33,,1-14261574011,2026-08-10 15:06:23
1-14261602198,2026-08-10 15:36:06,eFSR,Service Engineer,Oil,KALA Care Global LLP - Pune,420435,KALA Care Global LLP - Belagavi,420435_9,Oil,Oll service due,Sales Coordinator,Quotation Submitted,1-1W9-3364,Tarun Bharat Daily Pvt Ltd,ZO_West (CS),213813125,4R810TA G1,62.5,RAJUTALWAR,VIDYA DHABALI,Q420435092700863,2026-08-13 10:06:32,,,
1-14261740502,2026-08-10 16:14:19,eFSR,Service Engineer,Oil,KALA Care Global LLP - Pune,420435,KALA Care Global LLP - Aurangabad,420435_1,Battery,Takli aaj,Sales Coordinator,New,1-3G18L65,MOTIWALA SQUARE,ZO_West (CS),213812279,6K1080TA G2,160,GANESHPATTHE,,,,,,
1-14261740502,2026-08-10 16:14:19,eFSR,Service Engineer,Oil,KALA Care Global LLP - Pune,420435,KALA Care Global LLP - Aurangabad,420435_1,Oil,Tkle aaj,Sales Coordinator,New,1-3G18L65,MOTIWALA SQUARE,ZO_West (CS),213812279,6K1080TA G2,160,GANESHPATTHE,,,,,,
1-14261740502,2026-08-10 16:14:19,eFSR,Service Engineer,Oil,KALA Care Global LLP - Pune,420435,KALA Care Global LLP - Aurangabad,420435_1,Paid Services -PM,Toody keli,Sales Coordinator,New,1-3G18L65,MOTIWALA SQUARE,ZO_West (CS),213812279,6K1080TA G2,160,GANESHPATTHE,,,,,,
1-14261740502,2026-08-10 16:14:19,eFSR,Service Engineer,Oil,KALA Care Global LLP - Pune,420435,KALA Care Global LLP - Aurangabad,420435_1,Service AMC/Bandhan/Anubandhan,Call castmbar,Sales Coordinator,New,1-3G18L65,MOTIWALA SQUARE,ZO_West (CS),213812279,6K1080TA G2,160,GANESHPATTHE,,,,,,
1-14261802381,2026-08-10 15:46:38,Manual,Sales Coordinator,Paid Services -PM,KALA Care Global LLP - Pune,420435,KALA Care Global LLP - Belagavi,420435_9,Paid Services -PM,Paid Services -PM,Sales Coordinator,Quotation Submitted,1-34JCRAI,MG AUTOMOTIVE(BUS&COACH)PVT LTD,ZO_West (CS),,6SL8800TA,250,,VIDYA DHABALI,Q420435092700833,2026-08-10 15:56:46,,213813761,2026-08-10 11:51:28
1-14261927195,2026-08-10 16:36:33,eFSR,Service Engineer,Others/Remarks,KALA Care Global LLP - Pune,420435,KALA Care Global LLP - Kalaburagi,420435_13,Others/Remarks,Engine oil service r,Sales Coordinator,Converted,1-4QY40IF,IDEAL  ASSOCIATES,ZO_West (CS),213813593,Engines,,VijaykumarJadhav,Rani Barate,Q420435132700583,2026-08-10 17:55:42,,211441052,2026-08-15 08:45:13
1-14261927494,2026-08-10 16:56:15,eFSR,Service Engineer,Battery,KALA Care Global LLP - Pune,420435,KALA Care Global LLP - Kalaburagi,420435_13,Battery,Ok,Sales Coordinator,Does Not Qualify,1-1IEPLVV,Ikon Diagnostics,ZO_West (CS),212937776,3R1040T G1,30,Shakeel AshrafChowdhari,Rani Barate,,,,,
1-14262065199,2026-08-10 17:02:05,eFSR,Service Engineer,Oil,KALA Care Global LLP - Pune,420435,KALA Care Global LLP - Belagavi,420435_9,Coolant Change,15 litr,Sales Coordinator,Quotation Submitted,1-443L0T6,Gharpure Engineering And Contruction Pvt. Ltd.,ZO_West (CS),213815280,3R1040T G1,30,DINANATHLOHAR,VIDYA DHABALI,Q420435092700920,2026-08-21 10:40:47,,,
1-14262065199,2026-08-10 17:02:05,eFSR,Service Engineer,Oil,KALA Care Global LLP - Pune,420435,KALA Care Global LLP - Belagavi,420435_9,Oil,Oil services,Sales Coordinator,Quotation Submitted,1-443L0T6,Gharpure Engineering And Contruction Pvt. Ltd.,ZO_West (CS),213815280,3R1040T G1,30,DINANATHLOHAR,VIDYA DHABALI,Q420435092700920,2026-08-21 10:40:47,,,
1-14262286764,2026-08-10 17:10:26,eFSR,Service Engineer,Oil,KALA Care Global LLP - Pune,420435,KALA Care Global LLP - Ahmednagar,420435_2,Coolant Change,5 LTR REQUIRED,Sales Coordinator,New,1-3MREC3,HDFC Bank Limited,ZO_West (CS),213813274,3R1190ETA 4G1,45,NILESHSALUNKE,,,,,,
1-14262286764,2026-08-10 17:10:26,eFSR,Service Engineer,Oil,KALA Care Global LLP - Pune,420435,KALA Care Global LLP - Ahmednagar,420435_2,Oil,2 LTR,Sales Coordinator,New,1-3MREC3,HDFC Bank Limited,ZO_West (CS),213813274,3R1190ETA 4G1,45,NILESHSALUNKE,,,,,,
1-14262646651,2026-08-10 18:07:52,Manual,Sales Coordinator,Allied Oil,KALA Care Global LLP - Pune,420435,KALA Care Global LLP - Aurangabad,420435_1,Allied Oil,PARTS,Sales Coordinator,Invoiced Generated,1-2HQNWP,NATH HYDROLICS JALNA,ZO_West (CS),,,,,Rani Barate,Q420435012700767,2026-08-10 18:12:25,,1-14262617323,2026-08-10 18:12:29
1-14262704736,2026-08-10 18:34:03,eFSR,Service Engineer,Others/Remarks,KALA Care Global LLP - Pune,420435,KALA Care Global LLP - Belagavi,420435_9,Coolant Change,Coolent required,Sales Coordinator,Quotation Submitted,1-3I1UE0E,SHRIRAM RESTAURANT,ZO_West (CS),213813386,4R810TA G1,62.5,SUNILHUMBARWADI,VIDYA DHABALI,Q420435092700862,2026-08-13 10:00:21,,,
1-14262704736,2026-08-10 18:34:03,eFSR,Service Engineer,Others/Remarks,KALA Care Global LLP - Pune,420435,KALA Care Global LLP - Belagavi,420435_9,Others/Remarks,Radiator clining coo,Sales Coordinator,Quotation Submitted,1-3I1UE0E,SHRIRAM RESTAURANT,ZO_West (CS),213813386,4R810TA G1,62.5,SUNILHUMBARWADI,VIDYA DHABALI,Q420435092700862,2026-08-13 10:00:21,,,
1-14262704890,2026-08-10 19:06:12,eFSR,Service Engineer,Oil,KALA Care Global LLP - Pune,420435,KALA Care Global LLP - Belagavi,420435_9,Oil,Dev oil service,Sales Coordinator,Quotation Submitted,1-3NM64ZM,Atul Purohit Sweets,ZO_West (CS),213814934,EA16 G1,10,SameerHumayun,VIDYA DHABALI,Q420435092700861,2026-08-13 09:54:48,,,
1-14262705533,2026-08-11 00:00:38,eFSR,Service Engineer,Others/Remarks,KALA Care Global LLP - Pune,420435,KALA Care Global LLP - Hospet,420435_10,BD Spares,Required,Sales Coordinator,Invoiced Generated,1-3MZOQOV,MR.GOUDAPPA R BIRADAR PATIL,ZO_West (CS),213816001,4R1040TC BSIII,,Parashuram GGouripurada,B Sneha Ballari,Q420435102700995,2026-08-11 12:16:00,,1-14264437693,2026-08-11 12:16:19
1-14262705533,2026-08-11 00:00:38,eFSR,Service Engineer,Others/Remarks,KALA Care Global LLP - Pune,420435,KALA Care Global LLP - Hospet,420435_10,Others/Remarks,Oil service Spears,Sales Coordinator,Invoiced Generated,1-3MZOQOV,MR.GOUDAPPA R BIRADAR PATIL,ZO_West (CS),213816001,4R1040TC BSIII,,Parashuram GGouripurada,B Sneha Ballari,Q420435102700995,2026-08-11 12:16:00,,1-14264437693,2026-08-11 12:16:19
1-14263626111,2026-08-11 09:57:51,Manual,Sales Coordinator,Others/Remarks,KALA Care Global LLP - Pune,420435,KALA Care Global LLP - Ahmednagar,420435_2,Others/Remarks,ENGINE SPARES,Sales Coordinator,Invoiced Generated,1-3GR8RPG,SAI SHANTI HYDRAULICS SPARES & SERVICES,ZO_West (CS),,,,,Rani Barate,Q420435022700868,2026-08-11 12:31:27,,1-14265314011,2026-08-11 15:33:07
1-14263717651,2026-08-11 10:11:32,Manual,Sales Coordinator,Oil,KALA Care Global LLP - Pune,420435,KALA Care Global LLP - Belagavi,420435_9,Oil,pm required,Sales Coordinator,Order/SR Generated,1-3ZYIQ8N,GANESH HIREMATH. BELLARY,ZO_West (CS),,12K22TA,600,,VIDYA DHABALI,Q420435092700837,2026-08-11 10:35:38,,213681834,2026-08-21 12:30:51
1-14263938761,2026-08-11 10:55:50,Manual,Sales Coordinator,Paid Services -PM,KALA Care Global LLP - Pune,420435,KALA Care Global LLP - Belagavi,420435_9,Paid Services -PM,Paid Services -PM,Sales Coordinator,Quotation Submitted,1-3NYM559,Bank  of    India,ZO_West (CS),,HA294,15,,VIDYA DHABALI,Q420435092700839,2026-08-11 11:00:57,,,
1-14263965832,2026-08-11 11:04:29,Manual,Sales Coordinator,BD Spares,KALA Care Global LLP - Pune,420435,KALA Care Global LLP - Hospet,420435_10,BD Spares,OIL FILTER,Sales Coordinator,Invoiced Generated,1-34RG12Y,"M/s. RAMAKRISHY INFRASTRUCTURE PVT LTD.,",ZO_West (CS),,,,,B Sneha Ballari,Q420435102700992,2026-08-11 11:11:34,,1-14264048633,2026-08-11 11:14:02
1-14264113651,2026-08-11 11:21:32,Manual,Sales Coordinator,Oil,KALA Care Global LLP - Pune,420435,KALA Care Global LLP - Kalaburagi,420435_13,Oil,Engine Oil Service,Sales Coordinator,Converted,1-6AQYEST,MAHENDRAKAR PETROLEUM,ZO_West (CS),,3GK550ETA 4SR1,25,,Rani Barate,Q420435132700584,2026-08-11 11:24:05,,213388068,2026-08-11 12:22:42
1-14264115671,2026-08-11 11:23:15,Manual,Sales Coordinator,BD Spares,KALA Care Global LLP - Pune,420435,KALA Care Global LLP - Hospet,420435_10,BD Spares,ANTI VIBRATE,Sales Coordinator,Invoiced Generated,1-5JEGFFI,DSC ENGINEERING  Sandur Bypass Project Limited,ZO_West (CS),,,,,B Sneha Ballari,Q420435102700993,2026-08-11 11:27:53,,1-14264140726,2026-08-11 11:28:02
1-14264131087,2026-08-11 11:44:33,eFSR,Service Engineer,Others/Remarks,KALA Care Global LLP - Pune,420435,KALA Care Global LLP - Belagavi,420435_9,Others/Remarks,Rediator reserv tank,Sales Coordinator,Quotation Submitted,1-34JCRAI,MG AUTOMOTIVE(BUS&COACH)PVT LTD,ZO_West (CS),213813761,6SL8800TA,250,PRASHANTPATIL,VIDYA DHABALI,Q420435092700918,2026-08-21 10:55:37,,,
1-14264202561,2026-08-11 11:43:07,Manual,Sales Coordinator,BD Spares,KALA Care Global LLP - Pune,420435,KALA Care Global LLP - Hospet,420435_10,BD Spares,OIL  FILTER,Sales Coordinator,Invoiced Generated,1-4L40HJB,M/S THIRUMALA ENGINEERS,ZO_West (CS),,,,,B Sneha Ballari,Q420435102700994,2026-08-11 12:00:13,,1-14264299103,2026-08-11 12:00:27
1-14264219602,2026-08-11 11:36:35,Manual,Sales Coordinator,Oil,KALA Care Global LLP - Pune,420435,KALA Care Global LLP - Belagavi,420435_9,Oil,Oil,Sales Coordinator,Quotation Submitted,1-3GPJAW8,MR.DONGRISAB MAIBOOBSAB KADAPE,ZO_West (CS),,,,,VIDYA DHABALI,Q420435092700840,2026-08-13 10:24:06,,,
1-14264219751,2026-08-11 11:40:44,Manual,Sales Coordinator,Oil,KALA Care Global LLP - Pune,420435,KALA Care Global LLP - Belagavi,420435_9,Paid Services -PM,Paid Services -PM,Sales Coordinator,Quotation Submitted,1-443L0T6,Gharpure Engineering And Contruction Pvt. Ltd.,ZO_West (CS),,3R1040T G1,30,,VIDYA DHABALI,Q420435092700841,2026-08-11 11:50:47,,,
1-14264223371,2026-08-11 11:40:14,Manual,Sales Coordinator,BD Spares,KALA Care Global LLP - Pune,420435,KALA Care Global LLP - Hospet,420435_10,BD Spares,oil filter,Sales Coordinator,Invoiced Generated,1-47EJFJS,Hotel Madhu Shree,ZO_West (CS),,,,,B Sneha Ballari,Q420435102701045,2026-08-14 17:07:41,,1-14275881497,2026-08-14 17:07:51
1-14264263138,2026-08-11 12:01:50,eFSR,Service Engineer,Others/Remarks,KALA Care Global LLP - Pune,420435,KALA Care Global LLP - Ahmednagar,420435_2,Oil,Oil required,Sales Coordinator,New,1-HMU1RT,CHANDUKAKA JEWELS,ZO_West (CS),212714744,HA394,25,SunilGujaba,,,,,,
1-14264263138,2026-08-11 12:01:50,eFSR,Service Engineer,Others/Remarks,KALA Care Global LLP - Pune,420435,KALA Care Global LLP - Ahmednagar,420435_2,Others/Remarks,"oil, oil filter, die",Sales Coordinator,New,1-HMU1RT,CHANDUKAKA JEWELS,ZO_West (CS),212714744,HA394,25,SunilGujaba,,,,,,
1-14264429901,2026-08-11 12:18:48,Manual,Sales Coordinator,Paid Services -PM,KALA Care Global LLP - Pune,420435,KALA Care Global LLP - Ahmednagar,420435_2,Paid Services -PM,PAID SERVICING,Sales Coordinator,Quotation Submitted,1-4HCEFVX,Mr. Yashwant  Sabaji Kandalkar,ZO_West (CS),,4R1040T5,,,Rani Barate,Q420435022700872,2026-08-11 12:42:22,,,
1-14264506341,2026-08-11 12:46:04,Manual,Sales Coordinator,Paid Services -PM,KALA Care Global LLP - Pune,420435,KALA Care Global LLP - Ahmednagar,420435_2,Paid Services -PM,PAID SERVICING,Sales Coordinator,Quotation Submitted,1-4HCEFVX,Mr. Yashwant  Sabaji Kandalkar,ZO_West (CS),,4R1040T5,,,Rani Barate,Q420435022700874,2026-08-11 13:01:52,,,
1-14264564133,2026-08-11 13:05:31,eFSR,Service Engineer,Oil,KALA Care Global LLP - Pune,420435,KALA Care Global LLP - Aurangabad,420435_1,Oil,Aaj kele,Sales Coordinator,Does Not Qualify,1-61ZWU9G,PVK Builders and developers Private Limited,ZO_West (CS),213809323,4R1040T BSIII,,GANESHPATTHE,Rani Barate,,,,,
1-14264564133,2026-08-11 13:05:31,eFSR,Service Engineer,Oil,KALA Care Global LLP - Pune,420435,KALA Care Global LLP - Aurangabad,420435_1,Paid Services -PM,Aaj kele,Sales Coordinator,Does Not Qualify,1-61ZWU9G,PVK Builders and developers Private Limited,ZO_West (CS),213809323,4R1040T BSIII,,GANESHPATTHE,Rani Barate,,,,,
1-14264590071,2026-08-11 13:02:51,Manual,Sales Coordinator,Coolant Change,KALA Care Global LLP - Pune,420435,KALA Care Global LLP - Kalaburagi,420435_13,Coolant Change,COOLANT CHANGE,Sales Coordinator,Invoiced Generated,1-6IX1D6C,KIRAN.,ZO_West (CS),,,,,Rani Barate,Q420435132700585,2026-08-11 13:17:28,,1-14264703721,2026-08-11 13:19:04
1-14264620397,2026-08-11 13:32:17,eFSR,Service Engineer,Others/Remarks,KALA Care Global LLP - Pune,420435,KALA Care Global LLP - Ahmednagar,420435_2,Battery,100 mh battery  requ,Sales Coordinator,Qualifying,1-227-4714,Kalamkar Hospital.,ZO_West (CS),211815831,HA494T,40,SunilGujaba,Rani Barate,,,,,
1-14264620397,2026-08-11 13:32:17,eFSR,Service Engineer,Others/Remarks,KALA Care Global LLP - Pune,420435,KALA Care Global LLP - Ahmednagar,420435_2,Oil,Oil required,Sales Coordinator,Qualifying,1-227-4714,Kalamkar Hospital.,ZO_West (CS),211815831,HA494T,40,SunilGujaba,Rani Barate,,,,,
1-14264620397,2026-08-11 13:32:17,eFSR,Service Engineer,Others/Remarks,KALA Care Global LLP - Pune,420435,KALA Care Global LLP - Ahmednagar,420435_2,Others/Remarks,Belt required oil re,Sales Coordinator,Qualifying,1-227-4714,Kalamkar Hospital.,ZO_West (CS),211815831,HA494T,40,SunilGujaba,Rani Barate,,,,,
1-14264636071,2026-08-11 13:34:52,eFSR,Service Engineer,Others/Remarks,KALA Care Global LLP - Pune,420435,KALA Care Global LLP - Latur,420435_6,Coolant Change,Kirloskar,Sales Coordinator,New,1-3OWK1CF,Narsinha Agrotech,ZO_West (CS),208120837,4R1040TA G1,82.5,SHALIGRAMPOTDAR,,,,,,
1-14264636071,2026-08-11 13:34:52,eFSR,Service Engineer,Others/Remarks,KALA Care Global LLP - Pune,420435,KALA Care Global LLP - Latur,420435_6,Oil,,Sales Coordinator,New,1-3OWK1CF,Narsinha Agrotech,ZO_West (CS),208120837,4R1040TA G1,82.5,SHALIGRAMPOTDAR,,,,,,
1-14264636071,2026-08-11 13:34:52,eFSR,Service Engineer,Others/Remarks,KALA Care Global LLP - Pune,420435,KALA Care Global LLP - Latur,420435_6,Others/Remarks,Kirloskar,Sales Coordinator,New,1-3OWK1CF,Narsinha Agrotech,ZO_West (CS),208120837,4R1040TA G1,82.5,SHALIGRAMPOTDAR,,,,,,
1-14264664161,2026-08-11 13:10:59,Manual,Sales Coordinator,Battery,KALA Care Global LLP - Pune,420435,KALA Care Global LLP - Aurangabad,420435_1,Battery,BATTERY,Sales Coordinator,Invoiced Generated,1-3SO3HIV,SAPANA POLYWEAVE PVT LTD,ZO_West (CS),,6SL1500TA G3,250,,Rani Barate,Q420435012700768,2026-08-12 09:19:54,,1-14273990411,2026-08-14 10:26:20
1-14264758078,2026-08-11 14:05:32,eFSR,Service Engineer,Others/Remarks,KALA Care Global LLP - Pune,420435,KALA Care Global LLP - Aurangabad,420435_1,Others/Remarks,Engine oil and oil f,Sales Coordinator,New,1-5PJLY8K,Manipal Payment and Identity Solutions Limited,ZO_West (CS),213777657,3R1040T G1,35,SUDHIRMHASLEKAR,,,,,,
1-14264771811,2026-08-11 13:37:59,Manual,Sales Coordinator,BD Spares,KALA Care Global LLP - Pune,420435,KALA Care Global LLP - Hospet,420435_10,BD Spares,OIL FILTER,Sales Coordinator,Invoiced Generated,1-1LQ1VFB,The Sandur Manganese & Iron Ores Limited,ZO_West (CS),,,,,B Sneha Ballari,Q420435102700997,2026-08-11 13:43:52,,1-14264793803,2026-08-11 13:43:58
1-14264874921,2026-08-11 14:07:52,Manual,Sales Coordinator,Oil,KALA Care Global LLP - Pune,420435,KALA Care Global LLP - Nanded,420435_4,Oil,OIL,Sales Coordinator,Invoiced Generated,1-4WGKCCX,Shivshankar Construction,ZO_West (CS),,,,,Jyoti Mangesh,Q420435042700538,2026-08-11 14:17:15,,1-14265989915,2026-08-11 17:24:54
1-14264905522,2026-08-11 15:08:01,eFSR,Service Engineer,BD Spares,KALA Care Global LLP - Pune,420435,KALA Care Global LLP - Belagavi,420435_9,BD Spares,AVR Card,Service Coordinator,Order/SR Generated,1-3V1GPFD,Gagad Hospital,ZO_West (CS),213817371,DIESEL ENGINES,10,MAHAVEERBUSAVI,VIDYA DHABALI,Q420435092700856,2026-08-12 13:58:05,,213822755,2026-08-12 11:00:14
1-14265033651,2026-08-11 14:32:22,Manual,Sales Coordinator,Oil,KALA Care Global LLP - Pune,420435,KALA Care Global LLP - Belagavi,420435_9,Oil,OIL SERVICE PARTS,Sales Coordinator,Invoiced Generated,1-30Z0EZJ,N.G.GODSE,ZO_West (CS),,,,,VIDYA DHABALI,Q420435092700849,2026-08-11 14:36:16,,1-14265043101,2026-08-11 14:36:28
1-14265063839,2026-08-11 14:47:03,eFSR,Service Engineer,Coolant Change,KALA Care Global LLP - Pune,420435,KALA Care Global LLP - Nanded,420435_4,Coolant Change,Low coolent,Sales Coordinator,Does Not Qualify,1-3MREC3,HDFC Bank Limited,ZO_West (CS),213700304,3R1040TA G1,40,NareshTidke,Jyoti Mangesh,,,,,
1-14265249651,2026-08-11 15:11:36,Manual,Sales Coordinator,BD Spares,KALA Care Global LLP - Pune,420435,KALA Care Global LLP - Hospet,420435_10,Battery,STARTER RING,Sales Coordinator,Invoiced Generated,1-5KALLCU,K KRISHNAIAH GOUD CONTRACTOR,ZO_West (CS),,,,,B Sneha Ballari,Q420435102700998,2026-08-11 15:15:29,,1-14265260535,2026-08-11 15:15:37
1-14265253340,2026-08-11 16:03:41,eFSR,Service Engineer,Oil,KALA Care Global LLP - Pune,420435,KALA Care Global LLP - Belagavi,420435_9,Oil,Oil servsing due,Sales Coordinator,Qualifying,1-6CI5QW7,Shrikant Balkrishna Desai,ZO_West (CS),213331967,HA294 G1,15,RAJUTALWAR,VIDYA DHABALI,,,,,
1-14265301511,2026-08-11 15:30:27,Manual,Sales Coordinator,Paid Services -PM,KALA Care Global LLP - Pune,420435,KALA Care Global LLP - Belagavi,420435_9,Oil,PARTS REQUIRED,Sales Coordinator,Invoiced Generated,1-5ORW1OE,MAULI TRAVELS,ZO_West (CS),,4R1190,,,VIDYA DHABALI,Q420435092700850,2026-08-11 15:33:22,,1-14265322451,2026-08-11 15:33:43
1-14265388621,2026-08-11 15:41:34,Manual,Sales Coordinator,Others/Remarks,KALA Care Global LLP - Pune,420435,KALA Care Global LLP - Belagavi,420435_9,BD Spares,PARTS REQUIRED,Sales Coordinator,Invoiced Generated,1-3N3AI1O,GURU RAGHAVENDRA TRADERS,ZO_West (CS),,,,,VIDYA DHABALI,Q420435092700851,2026-08-11 15:51:52,,1-14265432809,2026-08-11 15:53:42
1-14265526350,2026-08-11 17:04:06,eFSR,Service Engineer,Coolant Change,KALA Care Global LLP - Pune,420435,KALA Care Global LLP - Babhleshwar,420435_5,Coolant Change,5 leter,Sales Coordinator,Quotation Submitted,1-66RIJXN,MR.OM SHANTARAM KALE,ZO_West (CS),213556262,3R1190ENA 4G2,35,SACHINPATHARE,Rani Barate,Q420435052700201,2026-08-19 15:08:25,,,
1-14265746601,2026-08-11 16:46:42,Manual,Sales Coordinator,Oil,KALA Care Global LLP - Pune,420435,KALA Care Global LLP - Kalaburagi,420435_13,Oil,Oil Service,Sales Coordinator,Converted,1-64T0IT2,BHARATH CIVIL AND ELECTRICAL CONSTRUCTIONS,ZO_West (CS),,3R1190ENA 4G1,30,,Rani Barate,Q420435132700588,2026-08-11 16:49:47,,212723344,2026-08-11 14:23:46
1-14265749023,2026-08-11 16:56:25,Manual,Sales Coordinator,,KALA Care Global LLP - Pune,420435,KALA Care Global LLP - Beed,420435_3,Oil,OIL,Sales Coordinator,In Progress,,,ZO_West (CS),,,,,,,,,,
1-14265972255,2026-08-11 18:00:41,eFSR,Service Engineer,Oil,KALA Care Global LLP - Pune,420435,KALA Care Global LLP - Vijayapura,420435_14,Oil,1420140,Sales Coordinator,New,1-DWB-359,MANJULA SIDRAI BABALESHWAR.,ZO_West (CS),213817731,HA294 G1,15,MOHD ABUSUFIYANJAHAGIRDAR,,,,,,
1-14265994601,2026-08-11 17:19:48,Manual,Sales Coordinator,Others/Remarks,KALA Care Global LLP - Pune,420435,KALA Care Global LLP - Belagavi,420435_9,Paid Services -PM,Paid Services -PM,Sales Coordinator,Quotation Submitted,1-35006JZ,Mahashakti  Concrete Solutions..,ZO_West (CS),,HA494,,,VIDYA DHABALI,Q420435092700852,2026-08-11 17:41:00,,,
1-14266271601,2026-08-11 18:10:43,Manual,Sales Coordinator,Oil,KALA Care Global LLP - Pune,420435,KALA Care Global LLP - Kalaburagi,420435_13,Oil,Engine Oil Service.,Sales Coordinator,Converted,1-3WHQHQI,PATIL INFRA PROP SAMARTH MAHESH PATIL,ZO_West (CS),,4R810,,,Rani Barate,Q420435132700589,2026-08-12 15:56:45,,212191320,2026-08-11 18:19:44
1-14267204861,2026-08-12 10:02:38,Manual,Sales Coordinator,Others/Remarks,KALA Care Global LLP - Pune,420435,KALA Care Global LLP - Ahmednagar,420435_2,Others/Remarks,engine spares required,Sales Coordinator,Invoiced Generated,1-2TRFFQO,Shobha Rohidas Pisal,ZO_West (CS),,,,,Rani Barate,Q420435022700881,2026-08-12 10:06:54,,1-14302007621,2026-08-24 15:58:16
1-14267287181,2026-08-12 10:29:09,Manual,Sales Coordinator,Oil,KALA Care Global LLP - Pune,420435,KALA Care Global LLP - Vijayapura,420435_14,Oil,ENGINE OIL  SERVICE REQUIRED,Sales Coordinator,Qualifying,1-DWB-359,MANJULA SIDRAI BABALESHWAR.,ZO_West (CS),,HA294 G1,15,,Rani Barate,Q420435142700241,,,,
1-14267582711,2026-08-12 11:24:16,Manual,Sales Coordinator,Allied Oil,KALA Care Global LLP - Pune,420435,KALA Care Global LLP - Kalaburagi,420435_13,Allied Oil,ALLIED OIL,Sales Coordinator,Converted,1-6D9ZD7E,MIRAJ ENTERTAINMENT LTD,ZO_West (CS),,,,,Rani Barate,Q420435132700590,2026-08-12 11:28:04,,1-14267608891,2026-08-12 11:30:09
1-14267665688,2026-08-12 11:46:53,eFSR,Service Engineer,Others/Remarks,KALA Care Global LLP - Pune,420435,KALA Care Global LLP - Ahmednagar,420435_2,Coolant Change,Coolant required,Sales Coordinator,Quotation Submitted,1-5HEHGQB,"Ram Avtar Tex Kapad Dukan,,",ZO_West (CS),213822896,3R1040TA G1,45,ADITYAPATHARE,Rani Barate,Q420435022700949,2026-08-21 12:00:57,,,
1-14267665688,2026-08-12 11:46:53,eFSR,Service Engineer,Others/Remarks,KALA Care Global LLP - Pune,420435,KALA Care Global LLP - Ahmednagar,420435_2,Coolant Change,Coolant required 10l,Sales Coordinator,Quotation Submitted,1-5HEHGQB,"Ram Avtar Tex Kapad Dukan,,",ZO_West (CS),213822896,3R1040TA G1,45,ADITYAPATHARE,Rani Barate,Q420435022700949,2026-08-21 12:00:57,,,
1-14267665688,2026-08-12 11:46:53,eFSR,Service Engineer,Others/Remarks,KALA Care Global LLP - Pune,420435,KALA Care Global LLP - Ahmednagar,420435_2,Others/Remarks,Charging alternator,Sales Coordinator,Quotation Submitted,1-5HEHGQB,"Ram Avtar Tex Kapad Dukan,,",ZO_West (CS),213822896,3R1040TA G1,45,ADITYAPATHARE,Rani Barate,Q420435022700949,2026-08-21 12:00:57,,,
1-14267665688,2026-08-12 11:46:53,eFSR,Service Engineer,Others/Remarks,KALA Care Global LLP - Pune,420435,KALA Care Global LLP - Ahmednagar,420435_2,Others/Remarks,Coolant required 10l,Sales Coordinator,Quotation Submitted,1-5HEHGQB,"Ram Avtar Tex Kapad Dukan,,",ZO_West (CS),213822896,3R1040TA G1,45,ADITYAPATHARE,Rani Barate,Q420435022700949,2026-08-21 12:00:57,,,
1-14267697601,2026-08-12 11:46:21,Manual,Sales Coordinator,Oil,KALA Care Global LLP - Pune,420435,KALA Care Global LLP - Kalaburagi,420435_13,Oil,OIL,Sales Coordinator,Invoiced Generated,1-3N53FKH,Mr.Mahantesh Balganur,ZO_West (CS),,,,,Rani Barate,Q420435132700591,2026-08-12 11:58:40,,1-14267720422,2026-08-12 12:07:59
1-14267714584,2026-08-12 12:06:50,eFSR,Service Engineer,DF Kit,KALA Care Global LLP - Pune,420435,KALA Care Global LLP - Babhleshwar,420435_5,Coolant Change,10 letr,Sales Coordinator,Does Not Qualify,1-411SAUE,Sanjivani Rural Education Soceity,ZO_West (CS),213658100,4R1190ETA 4G1,82.5,SACHINPATHARE,Rani Barate,,,,,
1-14267714584,2026-08-12 12:06:50,eFSR,Service Engineer,DF Kit,KALA Care Global LLP - Pune,420435,KALA Care Global LLP - Babhleshwar,420435_5,DF Kit,20liter,Sales Coordinator,Does Not Qualify,1-411SAUE,Sanjivani Rural Education Soceity,ZO_West (CS),213658100,4R1190ETA 4G1,82.5,SACHINPATHARE,Rani Barate,,,,,
1-14267734089,2026-08-12 13:21:30,eFSR,Service Engineer,Others/Remarks,KALA Care Global LLP - Pune,420435,KALA Care Global LLP - Belagavi,420435_9,Others/Remarks,Oil service due and,Sales Coordinator,Quotation Submitted,1-2ZUU6PX,MG Automotives (Bus & Coaches) Pvt. Ltd,ZO_West (CS),213115813,8K15TA,400,PRASHANTPATIL,VIDYA DHABALI,Q420435092700875,2026-08-17 12:45:26,,,
1-14267740251,2026-08-12 12:09:11,Manual,Sales Coordinator,Paid Services -PM,KALA Care Global LLP - Pune,420435,KALA Care Global LLP - Ahmednagar,420435_2,Paid Services -PM,paid servicing,Sales Coordinator,Quotation Submitted,1-VT5LX9,"ADM & Depot Bn,MIR Museum",ZO_West (CS),,HA294 G1,15,,Rani Barate,Q420435022700885,2026-08-12 12:21:21,,,
1-14267900601,2026-08-12 12:27:20,Manual,Sales Coordinator,Battery,KALA Care Global LLP - Pune,420435,KALA Care Global LLP - Ahmednagar,420435_2,Battery,75 AH BATTERY,Sales Coordinator,Quotation Submitted,1-VT5LX9,"ADM & Depot Bn,MIR Museum",ZO_West (CS),,,,,Rani Barate,Q420435022700886,2026-08-12 12:30:50,,,
1-14267900733,2026-08-12 12:34:14,Manual,Sales Coordinator,Battery,KALA Care Global LLP - Pune,420435,KALA Care Global LLP - Ahmednagar,420435_2,Battery,battery 75 ah,Sales Coordinator,Quotation Submitted,1-6GAZKV,IT Batalian MIRC Ahmednagar,ZO_West (CS),,,,,Rani Barate,Q420435022700887,2026-08-12 12:44:02,,,
1-14267924781,2026-08-12 12:33:42,Manual,Sales Coordinator,Oil,KALA Care Global LLP - Pune,420435,KALA Care Global LLP - Hospet,420435_10,Oil,OIL FILTER,Sales Coordinator,Quotation Submitted,1-36UEPXH,Mukund Sumi Special Steel Ltd,ZO_West (CS),,,,,B Sneha Ballari,Q420435102701006,2026-08-12 12:48:51,,,
1-14268006582,2026-08-12 14:10:33,eFSR,Service Engineer,Others/Remarks,KALA Care Global LLP - Pune,420435,KALA Care Global LLP - Kalaburagi,420435_13,Others/Remarks,180Ah battery no2and,Sales Coordinator,New,1-3NSI8DA,Healthcare Global Enterprises Limited,ZO_West (CS),213823250,DV8TA G1,320,Mohammed MubeenShaik,,,,,,
1-14268139287,2026-08-12 13:25:46,eFSR,Service Engineer,Others/Remarks,KALA Care Global LLP - Pune,420435,KALA Care Global LLP - Belagavi,420435_9,Others/Remarks,Fuel pipe tank to fi,Sales Coordinator,In Progress,1-3V1GPFD,Gagad Hospital,ZO_West (CS),213822755,DIESEL ENGINES,10,GAJANANBHOSALE,,,,,,
1-14268241315,2026-08-12 14:02:52,eFSR,Service Engineer,Coolant Change,KALA Care Global LLP - Pune,420435,KALA Care Global LLP - Belagavi,420435_9,BD Spares,Doar lok fuel tank l,Sales Coordinator,Quotation Submitted,1-DWB-2441,ANJANEYA BREADING FARM & HATCHERIES.,ZO_West (CS),212757230,6SL8800TA,250,AMITMEKKALIKE,VIDYA DHABALI,Q420435092700916,2026-08-21 10:16:26,,,
1-14268241315,2026-08-12 14:02:52,eFSR,Service Engineer,Coolant Change,KALA Care Global LLP - Pune,420435,KALA Care Global LLP - Belagavi,420435_9,Coolant Change,10 liter,Sales Coordinator,Quotation Submitted,1-DWB-2441,ANJANEYA BREADING FARM & HATCHERIES.,ZO_West (CS),212757230,6SL8800TA,250,AMITMEKKALIKE,VIDYA DHABALI,Q420435092700916,2026-08-21 10:16:26,,,
1-14268241315,2026-08-12 14:02:52,eFSR,Service Engineer,Coolant Change,KALA Care Global LLP - Pune,420435,KALA Care Global LLP - Belagavi,420435_9,Paid Services -PM,Oil sarvice,Sales Coordinator,Quotation Submitted,1-DWB-2441,ANJANEYA BREADING FARM & HATCHERIES.,ZO_West (CS),212757230,6SL8800TA,250,AMITMEKKALIKE,VIDYA DHABALI,Q420435092700916,2026-08-21 10:16:26,,,
1-14268241485,2026-08-12 14:07:43,eFSR,Service Engineer,Others/Remarks,KALA Care Global LLP - Pune,420435,KALA Care Global LLP - Ahmednagar,420435_2,Coolant Change,Coolant required,Sales Coordinator,Quotation Submitted,1-3HPROBG,Chandan Agencies & Distrubuters,ZO_West (CS),212502426,3R1040T G1,25,SunilGujaba,Rani Barate,Q420435022700931,2026-08-18 17:48:36,,,
1-14268241485,2026-08-12 14:07:43,eFSR,Service Engineer,Others/Remarks,KALA Care Global LLP - Pune,420435,KALA Care Global LLP - Ahmednagar,420435_2,Oil,Oil required,Sales Coordinator,Quotation Submitted,1-3HPROBG,Chandan Agencies & Distrubuters,ZO_West (CS),212502426,3R1040T G1,25,SunilGujaba,Rani Barate,Q420435022700931,2026-08-18 17:48:36,,,
1-14268241485,2026-08-12 14:07:43,eFSR,Service Engineer,Others/Remarks,KALA Care Global LLP - Pune,420435,KALA Care Global LLP - Ahmednagar,420435_2,Others/Remarks,"Servicing required,c",Sales Coordinator,Quotation Submitted,1-3HPROBG,Chandan Agencies & Distrubuters,ZO_West (CS),212502426,3R1040T G1,25,SunilGujaba,Rani Barate,Q420435022700931,2026-08-18 17:48:36,,,
1-14268384667,2026-08-12 14:13:46,eFSR,Service Engineer,Others/Remarks,KALA Care Global LLP - Pune,420435,KALA Care Global LLP - Belagavi,420435_9,Battery,Battery required,Sales Coordinator,Quotation Submitted,1-4CNB6UZ,Gogte Infrastructure Developement Corporation Limited,ZO_West (CS),208618326,DV12TA G2,625,SUNILHUMBARWADI,VIDYA DHABALI,Q420435092700907,2026-08-20 12:11:55,,,
1-14268384667,2026-08-12 14:13:46,eFSR,Service Engineer,Others/Remarks,KALA Care Global LLP - Pune,420435,KALA Care Global LLP - Belagavi,420435_9,Others/Remarks,Battery required,Sales Coordinator,Quotation Submitted,1-4CNB6UZ,Gogte Infrastructure Developement Corporation Limited,ZO_West (CS),208618326,DV12TA G2,625,SUNILHUMBARWADI,VIDYA DHABALI,Q420435092700907,2026-08-20 12:11:55,,,
1-14268384993,2026-08-12 14:24:02,eFSR,Service Engineer,Overhauling,KALA Care Global LLP - Pune,420435,KALA Care Global LLP - Belagavi,420435_9,Overhauling,Need to be overall,Service Coordinator,Order/SR Generated,1-3GPJAW8,MR.DONGRISAB MAIBOOBSAB KADAPE,ZO_West (CS),213822659,4R810,,RAJUMAGUND,VIDYA DHABALI,Q420435092700877,2026-08-19 10:07:37,,213868723,2026-08-24 17:50:37
1-14268420113,2026-08-12 14:50:03,eFSR,Service Engineer,Others/Remarks,KALA Care Global LLP - Pune,420435,KALA Care Global LLP - Aurangabad,420435_1,Others/Remarks,Temperature switch r,Sales Coordinator,New,1-3UHOJL8,The Akola Urban Co-Op Bank Ltd,ZO_West (CS),213823028,HA294 G1,15,SUDHIRMHASLEKAR,,,,,,
1-14268420163,2026-08-12 14:56:00,eFSR,Service Engineer,Oil,KALA Care Global LLP - Pune,420435,KALA Care Global LLP - Babhleshwar,420435_5,Coolant Change,Coolant,Sales Coordinator,Does Not Qualify,1-5WUQ28N,Shirdi Nagarpanchayat,ZO_West (CS),213479687,3R1040TA G1,40,SACHINPATHARE,Rani Barate,,,,,
1-14268420163,2026-08-12 14:56:00,eFSR,Service Engineer,Oil,KALA Care Global LLP - Pune,420435,KALA Care Global LLP - Babhleshwar,420435_5,Oil,Sarvising,Sales Coordinator,Does Not Qualify,1-5WUQ28N,Shirdi Nagarpanchayat,ZO_West (CS),213479687,3R1040TA G1,40,SACHINPATHARE,Rani Barate,,,,,
1-14268437945,2026-08-12 14:32:23,Manual,Sales Coordinator,Oil,KALA Care Global LLP - Pune,420435,KALA Care Global LLP - Nanded,420435_4,Oil,OIL SERVICE,Sales Coordinator,Converted,1-6EOA3BN,S.S.D.CONSTRUCTION,ZO_West (CS),,4R810ETA4G1,58.5,,Priyanka Dinesh,Q420435042700548,2026-08-12 15:17:39,,213824146,2026-08-12 15:17:13
1-14268479807,2026-08-12 14:44:19,Manual,Sales Coordinator,Oil,KALA Care Global LLP - Pune,420435,KALA Care Global LLP - Belagavi,420435_9,BD Spares,PARTS REQUIRED,Sales Coordinator,Invoiced Generated,1-68801HM,Sayani Traders,ZO_West (CS),,,,,VIDYA DHABALI,Q420435092700857,2026-08-12 14:48:56,,1-14271404401,2026-08-13 13:07:33
1-14268518991,2026-08-12 15:00:49,Manual,Sales Coordinator,Overhauling,KALA Care Global LLP - Pune,420435,KALA Care Global LLP - Aurangabad,420435_1,Overhauling,PARTS,Sales Coordinator,Qualifying,1-4RMOV0E,AGC INFRACON PRIVATE LIMITED,ZO_West (CS),,,,,Rani Barate,Q420435012700777,,,,
1-14268547823,2026-08-12 15:12:25,Manual,Sales Coordinator,Oil,KALA Care Global LLP - Pune,420435,KALA Care Global LLP - Belagavi,420435_9,Others/Remarks,Others/Remarks,Sales Coordinator,Quotation Submitted,1-68801HM,Sayani Traders,ZO_West (CS),,,,,VIDYA DHABALI,Q420435092700858,2026-08-24 14:30:30,,,
1-14268956601,2026-08-12 16:07:26,Manual,Sales Coordinator,Others/Remarks,KALA Care Global LLP - Pune,420435,KALA Care Global LLP - Ahmednagar,420435_2,Others/Remarks,ENGINE SPARES FOR SERVICING,Sales Coordinator,Invoiced Generated,1-3NEWPGB,SATISH TUKARAM SHERKAR,ZO_West (CS),,,,,Rani Barate,Q420435022700898,2026-08-12 16:13:09,,1-14268934891,2026-08-12 16:13:33
1-14268975711,2026-08-12 16:14:05,Manual,Sales Coordinator,Oil,KALA Care Global LLP - Pune,420435,KALA Care Global LLP - Belagavi,420435_9,Oil,OIL SERVICE REQUIRED,Sales Coordinator,Quotation Submitted,1-68801HM,Sayani Traders,ZO_West (CS),,,,,VIDYA DHABALI,Q420435092700859,2026-08-24 14:46:55,,,
1-14268982601,2026-08-12 16:12:34,Manual,Sales Coordinator,BD Spares,KALA Care Global LLP - Pune,420435,KALA Care Global LLP - Kalaburagi,420435_13,BD Spares,OIL FILTER AND RC JOINT,Sales Coordinator,Invoiced Generated,1-34HR2KE,M.N. PATIL,ZO_West (CS),,,,,Rani Barate,Q420435132700592,2026-08-12 16:16:29,,1-14268969021,2026-08-12 16:16:51
1-14269274318,2026-08-12 17:50:40,eFSR,Service Engineer,Battery,KALA Care Global LLP - Pune,420435,KALA Care Global LLP - Aurangabad,420435_1,Battery,Battery new requirem,Sales Coordinator,New,1-3SO3HIV,SAPANA POLYWEAVE PVT LTD,ZO_West (CS),213822740,6SL1500TA G3,250,SUDHIRMHASLEKAR,,,,,,
1-14269451621,2026-08-12 17:36:50,Manual,Sales Coordinator,Others/Remarks,KALA Care Global LLP - Pune,420435,KALA Care Global LLP - Ahmednagar,420435_2,Others/Remarks,ENGINE SPARES,Sales Coordinator,Invoiced Generated,1-2DAXJJ,ANAND HYDRAULICKS,ZO_West (CS),,,,,Rani Barate,Q420435022700899,2026-08-13 10:25:49,,1-14271364981,2026-08-13 13:00:47
1-14269612493,2026-08-12 21:56:24,eFSR,Service Engineer,Coolant Change,KALA Care Global LLP - Pune,420435,KALA Care Global LLP - Hospet,420435_10,Coolant Change,K oil,Sales Coordinator,New,1-4HV2112,GDS Hema Pride Welfare Association,ZO_West (CS),212878626,3R1040T G1,35,Amjad AliABDULLAHKHADAR,,,,,,
1-14269612493,2026-08-12 21:56:24,eFSR,Service Engineer,Coolant Change,KALA Care Global LLP - Pune,420435,KALA Care Global LLP - Hospet,420435_10,Service AMC/Bandhan/Anubandhan,Gen set,Sales Coordinator,New,1-4HV2112,GDS Hema Pride Welfare Association,ZO_West (CS),212878626,3R1040T G1,35,Amjad AliABDULLAHKHADAR,,,,,,
1-14269614972,2026-08-12 18:14:54,Manual,Sales Coordinator,Others/Remarks,KALA Care Global LLP - Pune,420435,KALA Care Global LLP - Hospet,420435_10,Others/Remarks,Parts,Sales Coordinator,Invoiced Generated,1-5KJ9SJ2,Kirloskar Ferrous Industries Limited,ZO_West (CS),,,,,Priyanka Dinesh,Q420435102701014,2026-08-13 12:44:11,,1-14271325001,2026-08-13 12:45:33
1-14269615078,2026-08-12 18:17:34,Manual,Sales Coordinator,BD Spares,KALA Care Global LLP - Pune,420435,KALA Care Global LLP - Hospet,420435_10,BD Spares,Spare,Sales Coordinator,Invoiced Generated,1-5KJ9SJ2,Kirloskar Ferrous Industries Limited,ZO_West (CS),,,,,Priyanka Dinesh,Q420435102701018,2026-08-12 18:41:09,,1-14269650261,2026-08-12 18:45:26
1-14269631212,2026-08-12 20:10:41,eFSR,Service Engineer,Paid Services -PM,KALA Care Global LLP - Pune,420435,KALA Care Global LLP - Nanded,420435_4,Paid Services -PM,oil servicing,Service Coordinator,New,1-496DQO6,Trustwell Jewellers Private Limited,ZO_West (CS),212243027,4R810ETA4G1,58.5,SAGARPARDESHI,,,,,,
1-14270502801,2026-08-13 09:57:13,Manual,Sales Coordinator,Diesel Exhaust Fluid,KALA Care Global LLP - Pune,420435,KALA Care Global LLP - Hospet,420435_10,Diesel Exhaust Fluid,DEF,Sales Coordinator,Quotation Submitted,1-3L9EFSB,AIRPLAZA RETAIL HOLDINGS PRIVATE LIMITED,ZO_West (CS),,,,,B Sneha Ballari,Q420435102701020,2026-08-13 10:07:53,,,
1-14270623963,2026-08-13 10:35:54,eFSR,Service Engineer,NuLife,KALA Care Global LLP - Pune,420435,KALA Care Global LLP - Nanded,420435_4,NuLife,Na,Sales Coordinator,Does Not Qualify,1-2Z0LJMP,Reliance Jio Infocomm Limited,ZO_West (CS),213615781,HA294 G1,10,RAMESHWARAKOLE,Jyoti Mangesh,,,,,
1-14270624455,2026-08-13 10:52:02,eFSR,Service Engineer,BD Spares,KALA Care Global LLP - Pune,420435,KALA Care Global LLP - Aurangabad,420435_1,BD Spares,Dizel pipe,Service Coordinator,New,1-227-3299,DHL Express (India) Private Limited,ZO_West (CS),213824567,4R1040T,62.5,GANESHPATTHE,,,,,,
1-14271117548,2026-08-13 12:42:54,eFSR,Service Engineer,Others/Remarks,KALA Care Global LLP - Pune,420435,KALA Care Global LLP - Belagavi,420435_9,Others/Remarks,Oil service and cool,Sales Coordinator,Quotation Submitted,1-34JCRAI,MG AUTOMOTIVE(BUS&COACH)PVT LTD,ZO_West (CS),213191923,DV6ITA SR1,320,PRASHANTPATIL,VIDYA DHABALI,Q420435092700874,2026-08-17 12:10:49,,,
1-14271309970,2026-08-13 13:01:51,eFSR,Service Engineer,Others/Remarks,KALA Care Global LLP - Pune,420435,KALA Care Global LLP - Aurangabad,420435_1,Others/Remarks,Temperature switch,Sales Coordinator,Nurturing,1-3UHOJL8,The Akola Urban Co-Op Bank Ltd,ZO_West (CS),213821314,HA294 G1,15,SUDHIRMHASLEKAR,Rani Barate,,,,,
1-14271347411,2026-08-13 13:08:10,Manual,Sales Coordinator,Oil,KALA Care Global LLP - Pune,420435,KALA Care Global LLP - Kalaburagi,420435_13,Oil,Engine Oil Service,Sales Coordinator,Converted,1-3QI60S5,BASAVARAJESHWARI TANGADGI,ZO_West (CS),,3R1040T G1,30,,Rani Barate,Q420435132700593,2026-08-13 13:14:50,,212556532,2026-08-13 11:07:01
1-14271368602,2026-08-13 12:52:16,Manual,Sales Coordinator,Battery,KALA Care Global LLP - Pune,420435,KALA Care Global LLP - Hospet,420435_10,Battery,Battery,Sales Coordinator,Invoiced Generated,1-5KJ9SJ2,Kirloskar Ferrous Industries Limited,ZO_West (CS),,,,,Priyanka Dinesh,Q420435102701022,2026-08-13 13:11:06,,1-14271445625,2026-08-13 13:11:14
1-14271368686,2026-08-13 12:55:17,Manual,Sales Coordinator,Others/Remarks,KALA Care Global LLP - Pune,420435,KALA Care Global LLP - Hospet,420435_10,Others/Remarks,Spare Parts,Sales Coordinator,Invoiced Generated,1-5KJ9SJ2,Kirloskar Ferrous Industries Limited,ZO_West (CS),,,,,Priyanka Dinesh,Q420435102701023,2026-08-13 13:04:12,,1-14271444241,2026-08-13 13:13:46
1-14271452671,2026-08-13 13:11:12,Manual,Sales Coordinator,Others/Remarks,KALA Care Global LLP - Pune,420435,KALA Care Global LLP - Ahmednagar,420435_2,Others/Remarks,ENGINE SPARES FOR OVERHAULL,Sales Coordinator,Quotation Submitted,1-4S2FXT6,Rajpath Infracon Pvt Ltd.,ZO_West (CS),,,,,Rani Barate,Q420435022700902,2026-08-18 17:35:02,,,
1-14271510741,2026-08-13 13:29:56,Manual,Sales Coordinator,Oil,KALA Care Global LLP - Pune,420435,KALA Care Global LLP - Kalaburagi,420435_13,Oil,Engine Oil Service,Sales Coordinator,Converted,1-3KRCE7X,Ambizione Infrastructure Private Limited,ZO_West (CS),,6SL1500TA G3,250,,Rani Barate,Q420435132700594,2026-08-13 13:34:40,,208050788,2026-08-13 11:21:01
1-14271910601,2026-08-13 14:58:14,Manual,Sales Coordinator,BD Spares,KALA Care Global LLP - Pune,420435,KALA Care Global LLP - Aurangabad,420435_1,BD Spares,PARTS,Sales Coordinator,Invoiced Generated,1-2UHXZ6,MAHARUDRA HYDRUOLIC,ZO_West (CS),,,,,Rani Barate,Q420435012700780,2026-08-13 15:04:32,,1-14271952601,2026-08-13 15:06:45
1-14272097260,2026-08-13 16:12:24,eFSR,Service Engineer,Others/Remarks,KALA Care Global LLP - Pune,420435,KALA Care Global LLP - Parbhani,420435_7,Others/Remarks,Ok,Sales Coordinator,New,1-3VVM97D,Shantiswarup Servo Filling Station,ZO_West (CS),213819221,HA294,15,MaheshHolge,,,,,,
1-14272133912,2026-08-13 15:54:46,Manual,Sales Coordinator,Others/Remarks,KALA Care Global LLP - Pune,420435,KALA Care Global LLP - Ahmednagar,420435_2,Others/Remarks,OTHER,Sales Coordinator,In Progress,1-UYXBB,SEVEN CLUSTER MACHINE SERVICES PVT. LTD.,ZO_West (CS),,,,,,,,,,
1-14272360932,2026-08-13 16:48:41,eFSR,Service Engineer,Oil,KALA Care Global LLP - Pune,420435,KALA Care Global LLP - Belagavi,420435_9,Oil,Oil service,Sales Coordinator,Converted,1-2O5MLPZ,WELLNESS FOREVER MEDICARE PVT LTD,ZO_West (CS),213253072,CC418G1,5,SUNILHUMBARWADI,VIDYA DHABALI,Q420435092700869,2026-08-14 11:58:53,,213831084,2026-08-14 10:29:10
1-14272577721,2026-08-13 17:19:14,Manual,Sales Coordinator,BD Spares,KALA Care Global LLP - Pune,420435,KALA Care Global LLP - Aurangabad,420435_1,Allied Oil,PM,Sales Coordinator,Invoiced Generated,1-2RK4K37,HI TECH INFRA,ZO_West (CS),,6SL1500TA G3,250,,Rani Barate,Q420435012700781,2026-08-13 17:25:17,,1-14274473162,2026-08-14 12:13:36
1-14272956601,2026-08-13 18:12:59,Manual,Sales Coordinator,BD Spares,KALA Care Global LLP - Pune,420435,KALA Care Global LLP - Aurangabad,420435_1,BD Spares,PM,Sales Coordinator,Quotation Submitted,1-3FHCEHH,GNI INFRASTRUCTURE LIMITED,ZO_West (CS),,,,,Rani Barate,Q420435012700782,2026-08-13 18:19:34,,,
1-14273409063,2026-08-14 08:56:05,eFSR,Service Engineer,Others/Remarks,KALA Care Global LLP - Pune,420435,KALA Care Global LLP - Hospet,420435_10,BD Spares,Battery required,Sales Coordinator,New,1-4H82B1P,Wiren Energy Private Limited,ZO_West (CS),213826829,3R1040T G1,25,MOHAMEED ABDULLAHMOHAMMED,,,,,,
1-14273409063,2026-08-14 08:56:05,eFSR,Service Engineer,Others/Remarks,KALA Care Global LLP - Pune,420435,KALA Care Global LLP - Hospet,420435_10,Others/Remarks,Bandhan Plus and bat,Sales Coordinator,New,1-4H82B1P,Wiren Energy Private Limited,ZO_West (CS),213826829,3R1040T G1,25,MOHAMEED ABDULLAHMOHAMMED,,,,,,
1-14273409063,2026-08-14 08:56:05,eFSR,Service Engineer,Others/Remarks,KALA Care Global LLP - Pune,420435,KALA Care Global LLP - Hospet,420435_10,Service AMC/Bandhan/Anubandhan,Bandhan plus require,Sales Coordinator,New,1-4H82B1P,Wiren Energy Private Limited,ZO_West (CS),213826829,3R1040T G1,25,MOHAMEED ABDULLAHMOHAMMED,,,,,,
1-14273944481,2026-08-14 10:25:10,Manual,Sales Coordinator,BD Spares,KALA Care Global LLP - Pune,420435,KALA Care Global LLP - Hospet,420435_10,BD Spares,oil filter,Sales Coordinator,Invoiced Generated,1-5JQ54JU,SAFEWAY  CORP,ZO_West (CS),,,,,B Sneha Ballari,Q420435102701036,2026-08-14 10:37:31,,1-14274029445,2026-08-14 10:37:44
1-14274130204,2026-08-14 11:07:51,eFSR,Service Engineer,Others/Remarks,KALA Care Global LLP - Pune,420435,KALA Care Global LLP - Parbhani,420435_7,Others/Remarks,Amc Panel Required,Sales Coordinator,New,1-2XUQ527,NUJLS GROUP INDIA,ZO_West (CS),213490312,HA294NA 4G1,15,MaheshHolge,,,,,,
1-14274354736,2026-08-14 11:46:17,eFSR,Service Engineer,Others/Remarks,KALA Care Global LLP - Pune,420435,KALA Care Global LLP - Babhleshwar,420435_5,Coolant Change,10leter,Sales Coordinator,Quotation Submitted,1-6GYZS8P,PUSHKARAJ JEWELLERS,ZO_West (CS),213642703,3R1190ENA 4G2,30,SACHINPATHARE,Rani Barate,Q420435052700200,2026-08-19 14:53:16,,,
1-14274354736,2026-08-14 11:46:17,eFSR,Service Engineer,Others/Remarks,KALA Care Global LLP - Pune,420435,KALA Care Global LLP - Babhleshwar,420435_5,Others/Remarks,Ok,Sales Coordinator,Quotation Submitted,1-6GYZS8P,PUSHKARAJ JEWELLERS,ZO_West (CS),213642703,3R1190ENA 4G2,30,SACHINPATHARE,Rani Barate,Q420435052700200,2026-08-19 14:53:16,,,
1-14274437601,2026-08-14 11:52:08,Manual,Sales Coordinator,BD Spares,KALA Care Global LLP - Pune,420435,KALA Care Global LLP - Kalaburagi,420435_13,BD Spares,BD SPARES,Sales Coordinator,Converted,1-45CFW4B,ASY ENTERPRISES,ZO_West (CS),,,,,Rani Barate,Q420435132700596,2026-08-14 12:01:13,,1-14274462271,2026-08-14 12:08:12
1-14274476941,2026-08-14 12:07:29,Manual,Sales Coordinator,BD Spares,KALA Care Global LLP - Pune,420435,KALA Care Global LLP - Belagavi,420435_9,Others/Remarks,Others/Remarks,Sales Coordinator,Order/SR Generated,1-5LO9544,ISHA HYDRO POWER,ZO_West (CS),,,,,VIDYA DHABALI,Q420435092700870,2026-08-14 12:12:49,,1-14274550611,2026-08-14 12:15:27
1-14274496121,2026-08-14 12:08:17,Manual,Sales Coordinator,Oil,KALA Care Global LLP - Pune,420435,KALA Care Global LLP - Vijayapura,420435_14,Oil,ENGINE OIL SERVICE REQUIRED,Sales Coordinator,Quotation Submitted,1-7YE-75,BALAJI PETROLEUM,ZO_West (CS),,HA294 G1,15,,Rani Barate,Q420435142700242,2026-08-14 12:16:06,,,
1-14274501151,2026-08-14 12:15:21,Manual,Sales Coordinator,Diesel Exhaust Fluid,KALA Care Global LLP - Pune,420435,KALA Care Global LLP - Hospet,420435_10,Diesel Exhaust Fluid,DEF 20 LTR,Sales Coordinator,Invoiced Generated,1-5LX3S3O,Hotel Swathi.,ZO_West (CS),,,,,B Sneha Ballari,Q420435102701039,2026-08-14 12:18:59,,1-14274525103,2026-08-14 12:19:11
1-14274513061,2026-08-14 12:17:19,Manual,Sales Coordinator,Others/Remarks,KALA Care Global LLP - Pune,420435,KALA Care Global LLP - Ahmednagar,420435_2,Others/Remarks,ENGINE SPARES FOR SERVICING,Sales Coordinator,Invoiced Generated,1-4HCEFVX,Mr. Yashwant  Sabaji Kandalkar,ZO_West (CS),,,,,Rani Barate,Q420435022700903,2026-08-14 12:24:26,,1-14275134671,2026-08-14 14:25:04
1-14274547012,2026-08-14 12:28:17,eFSR,Service Engineer,Oil,KALA Care Global LLP - Pune,420435,KALA Care Global LLP - Parbhani,420435_7,Coolant Change,Need To Replace,Sales Coordinator,New,1-5LNQCA9,AIMS Hospital,ZO_West (CS),213771157,3R1040T G1,30,MaheshHolge,,,,,,
1-14274547012,2026-08-14 12:28:17,eFSR,Service Engineer,Oil,KALA Care Global LLP - Pune,420435,KALA Care Global LLP - Parbhani,420435_7,Oil,Need To Oil Replace,Sales Coordinator,New,1-5LNQCA9,AIMS Hospital,ZO_West (CS),213771157,3R1040T G1,30,MaheshHolge,,,,,,
1-14274547012,2026-08-14 12:28:17,eFSR,Service Engineer,Oil,KALA Care Global LLP - Pune,420435,KALA Care Global LLP - Parbhani,420435_7,Paid Services -PM,Need pm Service Requ,Sales Coordinator,New,1-5LNQCA9,AIMS Hospital,ZO_West (CS),213771157,3R1040T G1,30,MaheshHolge,,,,,,
1-14274615425,2026-08-14 13:14:47,eFSR,Service Engineer,Service AMC/Bandhan/Anubandhan,KALA Care Global LLP - Pune,420435,KALA Care Global LLP - Hubli,420435_8,Service AMC/Bandhan/Anubandhan,Required,Sales Coordinator,Nurturing,1-4OVH4TQ,Kiran Ravindra Uppinabetageri,ZO_West (CS),213831171,4R810TA G1,62.5,HUCHCHAPPAGADAGI,NIKITA HIREMATH,,,,,
1-14274886531,2026-08-14 13:23:28,Manual,Sales Coordinator,Others/Remarks,KALA Care Global LLP - Pune,420435,KALA Care Global LLP - Hospet,420435_10,Others/Remarks,SERVICE ENGINEER,Sales Coordinator,Converted,1-610R8WB,NEXGEN DEVELOPERS,ZO_West (CS),,4R1190,,,B Sneha Ballari,Q420435102701041,2026-08-14 13:47:23,,213766089,2026-07-30 09:56:40
1-14274951497,2026-08-14 14:06:24,eFSR,Service Engineer,Others/Remarks,KALA Care Global LLP - Pune,420435,KALA Care Global LLP - Belagavi,420435_9,BD Spares,Door glass,Sales Coordinator,Does Not Qualify,1-1KA-1508,HOTEL SHANTI SAGAR,ZO_West (CS),212821042,HA394,25,PRAMODDHARIGOUD,VIDYA DHABALI,,,,,
1-14274951497,2026-08-14 14:06:24,eFSR,Service Engineer,Others/Remarks,KALA Care Global LLP - Pune,420435,KALA Care Global LLP - Belagavi,420435_9,Others/Remarks,Door glass,Sales Coordinator,Does Not Qualify,1-1KA-1508,HOTEL SHANTI SAGAR,ZO_West (CS),212821042,HA394,25,PRAMODDHARIGOUD,VIDYA DHABALI,,,,,
1-14275056192,2026-08-14 14:32:37,eFSR,Service Engineer,Others/Remarks,KALA Care Global LLP - Pune,420435,KALA Care Global LLP - Belagavi,420435_9,Oil,Oil,Sales Coordinator,Nurturing,1-404VNEK,Prithvi Garden Restaurant,ZO_West (CS),212894873,3R1040T G1,25,PRAMODDHARIGOUD,VIDYA DHABALI,,,,,
1-14275056192,2026-08-14 14:32:37,eFSR,Service Engineer,Others/Remarks,KALA Care Global LLP - Pune,420435,KALA Care Global LLP - Belagavi,420435_9,Others/Remarks,Required,Sales Coordinator,Nurturing,1-404VNEK,Prithvi Garden Restaurant,ZO_West (CS),212894873,3R1040T G1,25,PRAMODDHARIGOUD,VIDYA DHABALI,,,,,
1-14275096709,2026-08-14 14:14:56,eFSR,Service Engineer,Others/Remarks,KALA Care Global LLP - Pune,420435,KALA Care Global LLP - Latur,420435_6,Others/Remarks,Door lock,Sales Coordinator,New,1-4BJFJ49,Vidya Aradhana Academy,ZO_West (CS),212534810,2R1040 G1,20,SHALIGRAMPOTDAR,,,,,,
1-14275357891,2026-08-14 15:24:06,Manual,Sales Coordinator,Oil,KALA Care Global LLP - Pune,420435,KALA Care Global LLP - Kalaburagi,420435_13,Oil,oil,Sales Coordinator,Quotation Submitted,1-6IYRWXV,G.R.ENGINEERS & CONTRACTORS,ZO_West (CS),,4R1190,,,Rani Barate,,,,,
1-14275579601,2026-08-14 16:01:24,Manual,Sales Coordinator,Oil,KALA Care Global LLP - Pune,420435,KALA Care Global LLP - Belagavi,420435_9,BD Spares,PM AND HEAD ASSLY,Sales Coordinator,Invoiced Generated,1-5JUIA26,Kala Defence & Aerospace Systems Private Limited.,ZO_West (CS),,,,,VIDYA DHABALI,Q420435092700872,2026-08-14 16:08:02,,1-14275616851,2026-08-14 16:08:24
1-14275748209,2026-08-14 16:55:26,eFSR,Service Engineer,Others/Remarks,KALA Care Global LLP - Pune,420435,KALA Care Global LLP - Belagavi,420435_9,Others/Remarks,Oil service done,Sales Coordinator,Does Not Qualify,1-60CZJ1L,GANGAMATA PETROLEUM,ZO_West (CS),212387033,3R550TC 4G1 CPCB4+,15,MAHAVEERBUSAVI,VIDYA DHABALI,,,,,
1-14276164061,2026-08-14 17:57:51,Manual,Sales Coordinator,BD Spares,KALA Care Global LLP - Pune,420435,KALA Care Global LLP - Hospet,420435_10,BD Spares,OIL FILTER,Sales Coordinator,Quotation Submitted,1-3GJ4F17,Kotarki Constructions Pvt  Ltd,ZO_West (CS),,,,,B Sneha Ballari,Q420435102701047,2026-08-14 18:34:56,,,
1-14277144431,2026-08-16 10:54:47,eFSR,Service Engineer,Oil,KALA Care Global LLP - Pune,420435,KALA Care Global LLP - Nanded,420435_4,Oil,oil servicing,Sales Coordinator,Awaiting Approval,1-6FMRXUL,Anup Dresses....,ZO_West (CS),213820196,4R810TA G1,62.5,SAGARPARDESHI,Sareen Shaikh,Q420435042700560,2026-08-18 15:21:32,,,
1-14277144431,2026-08-16 10:54:47,eFSR,Service Engineer,Oil,KALA Care Global LLP - Pune,420435,KALA Care Global LLP - Nanded,420435_4,Paid Services -PM,oil servicing,Sales Coordinator,Awaiting Approval,1-6FMRXUL,Anup Dresses....,ZO_West (CS),213820196,4R810TA G1,62.5,SAGARPARDESHI,Sareen Shaikh,Q420435042700560,2026-08-18 15:21:32,,,
1-14278945881,2026-08-17 10:19:59,Manual,Sales Coordinator,BD Spares,KALA Care Global LLP - Pune,420435,KALA Care Global LLP - Hospet,420435_10,BD Spares,SPEARS,Sales Coordinator,Invoiced Generated,1-4RVNJAP,STAR  CONSTRUCTION,ZO_West (CS),,HA494,,,B Sneha Ballari,Q420435102701048,2026-08-17 10:33:42,,1-14279024688,2026-08-17 10:33:47
1-14278969341,2026-08-17 10:27:05,Manual,Sales Coordinator,BD Spares,KALA Care Global LLP - Pune,420435,KALA Care Global LLP - Kalaburagi,420435_13,BD Spares,BD SPARES,Sales Coordinator,Qualifying,1-3U3M2UI,GOD GIFT TRANSPORT,ZO_West (CS),,,,,Rani Barate,Q420435132700599,,,,
1-14278998601,2026-08-17 10:25:50,Manual,Sales Coordinator,Oil,KALA Care Global LLP - Pune,420435,KALA Care Global LLP - Vijayapura,420435_14,Oil,ENGINE OIL SERVICE REQUIRED,Sales Coordinator,Converted,1-5VKDW19,R SREE RAMA RAO N CO.,ZO_West (CS),,4R810,,,Rani Barate,Q420435142700243,2026-08-19 18:20:58,,213228573,2026-08-18 10:20:58
1-14279079282,2026-08-17 10:54:04,Manual,Sales Coordinator,Paid Services -PM,KALA Care Global LLP - Pune,420435,KALA Care Global LLP - Belagavi,420435_9,Paid Services -PM,PARTS REQUIRED,Sales Coordinator,Order/SR Generated,1-3NXLBUI,PLR PROJECTS,ZO_West (CS),,,,,VIDYA DHABALI,Q420435092700873,2026-08-18 10:11:44,,1-14302531431,2026-08-24 17:52:51
1-14279347631,2026-08-17 11:44:01,Manual,Sales Coordinator,Coolant Change,KALA Care Global LLP - Pune,420435,KALA Care Global LLP - Ahmednagar,420435_2,Coolant Change,20 LTR COOLANT AND K CLEAN,Sales Coordinator,Invoiced Generated,1-3N93Z1M,AMAR CONSTRUCTION.,ZO_West (CS),,,,,Rani Barate,Q420435022700906,2026-08-17 11:48:33,,1-14279334271,2026-08-17 11:49:03
1-14279589691,2026-08-17 12:26:50,Manual,Sales Coordinator,Oil,KALA Care Global LLP - Pune,420435,KALA Care Global LLP - Hospet,420435_10,Oil,OIL,Sales Coordinator,Does Not Qualify,1-5JQ54JU,SAFEWAY  CORP,ZO_West (CS),,4R1040T4 BS-II,,,B Sneha Ballari,,,,,
1-14279589974,2026-08-17 12:34:31,Manual,Sales Coordinator,,KALA Care Global LLP - Pune,420435,KALA Care Global LLP - Hospet,420435_10,,,Sales Coordinator,In Progress,,,ZO_West (CS),,,,,,,,,,
1-14279829631,2026-08-17 13:15:39,Manual,Sales Coordinator,Oil,KALA Care Global LLP - Pune,420435,KALA Care Global LLP - Kalaburagi,420435_13,Oil,Engine Oil Service,Sales Coordinator,Converted,1-3I1F5U1,Lahoti Motors Private Limited,ZO_West (CS),,4K1080TA G2,125.4,,Rani Barate,Q420435132700600,2026-08-17 13:20:25,,209789126,2026-08-14 11:53:30
1-14279918386,2026-08-17 14:27:00,eFSR,Service Engineer,Others/Remarks,KALA Care Global LLP - Pune,420435,KALA Care Global LLP - Belagavi,420435_9,Battery,Required,Sales Coordinator,Does Not Qualify,1-5VL-3943,"DEPOT/1747/JAWAHAR NAVODAY VIDYALAY, KOTHALI, DIST. BELGAUM,KARNATAKA 591287",ZO_West (CS),211107168,HA394,25,AMITMEKKALIKE,VIDYA DHABALI,,,,,
1-14279918386,2026-08-17 14:27:00,eFSR,Service Engineer,Others/Remarks,KALA Care Global LLP - Pune,420435,KALA Care Global LLP - Belagavi,420435_9,Others/Remarks,Not required,Sales Coordinator,Does Not Qualify,1-5VL-3943,"DEPOT/1747/JAWAHAR NAVODAY VIDYALAY, KOTHALI, DIST. BELGAUM,KARNATAKA 591287",ZO_West (CS),211107168,HA394,25,AMITMEKKALIKE,VIDYA DHABALI,,,,,
1-14279921251,2026-08-17 14:04:38,Manual,Sales Coordinator,Others/Remarks,KALA Care Global LLP - Pune,420435,KALA Care Global LLP - Ahmednagar,420435_2,Others/Remarks,ENGINE SPARES,Sales Coordinator,Invoiced Generated,1-3XPEPW2,PRAVIN PAWAR,ZO_West (CS),,,,,Rani Barate,Q420435022700917,2026-08-17 14:09:42,,1-14280019721,2026-08-17 14:16:00
1-14279951601,2026-08-17 13:51:29,Manual,Sales Coordinator,Others/Remarks,KALA Care Global LLP - Pune,420435,KALA Care Global LLP - Ahmednagar,420435_2,Others/Remarks,ENGINE SPARES,Sales Coordinator,Invoiced Generated,1-1J7OHHV,Vishnu Gajare,ZO_West (CS),,,,,Rani Barate,Q420435022700916,2026-08-17 13:57:39,,1-14279971601,2026-08-17 13:59:01
1-14279998541,2026-08-17 14:33:25,Manual,Sales Coordinator,BD Spares,KALA Care Global LLP - Pune,420435,KALA Care Global LLP - Kalaburagi,420435_13,BD Spares,BD SPARES,Sales Coordinator,Order/SR Generated,1-2MYK9RD,CB ENTERPRISES,ZO_West (CS),,,,,Rani Barate,Q420435132700601,2026-08-17 14:37:08,,1-14280096611,2026-08-17 14:37:46
1-14280025126,2026-08-17 14:28:37,eFSR,Service Engineer,Paid Services -PM,KALA Care Global LLP - Pune,420435,KALA Care Global LLP - Hubli,420435_8,Paid Services -PM,Information,Service Coordinator,Nurturing,1-5UM7UU5,ROTO POWER ENGINEERS PVT LTD,ZO_West (CS),213837030,3R550TC 4G1 CPCB4+,15,HUCHCHAPPAGADAGI,NIKITA HIREMATH,,,,,
1-14280104493,2026-08-17 16:22:00,eFSR,Service Engineer,Others/Remarks,KALA Care Global LLP - Pune,420435,KALA Care Global LLP - Belagavi,420435_9,BD Spares,Fan belt 6.    Bosh,Sales Coordinator,In Progress,1-3ILSC01,SHREE BANASHANKARI STONE CRUSHER,ZO_West (CS),213634168,HA494,,PRAMODDHARIGOUD,,,,,,
1-14280104493,2026-08-17 16:22:00,eFSR,Service Engineer,Others/Remarks,KALA Care Global LLP - Pune,420435,KALA Care Global LLP - Belagavi,420435_9,Others/Remarks,Required,Sales Coordinator,In Progress,1-3ILSC01,SHREE BANASHANKARI STONE CRUSHER,ZO_West (CS),213634168,HA494,,PRAMODDHARIGOUD,,,,,,
1-14280119898,2026-08-17 14:53:26,eFSR,Service Engineer,BD Spares,KALA Care Global LLP - Pune,420435,KALA Care Global LLP - Ahmednagar,420435_2,BD Spares,Exhaust below requir,Service Coordinator,Quotation Submitted,1-3FIEBG6,Cornerstone Automobiles,ZO_West (CS),213832329,HA294 G1,15,NILESHSALUNKE,Rani Barate,Q420435022700918,2026-08-18 12:59:23,,,
1-14280347831,2026-08-17 15:22:43,Manual,Sales Coordinator,BD Spares,KALA Care Global LLP - Pune,420435,KALA Care Global LLP - Hospet,420435_10,BD Spares,REQUIRED PARTS,Sales Coordinator,Invoiced Generated,1-6290YSE,SRI NANIKERI ENTERPRISES,ZO_West (CS),,6R1080TA3 BSIII,,,B Sneha Ballari,Q420435102701056,2026-08-17 15:32:57,,1-14280387125,2026-08-17 15:33:02
1-14280468676,2026-08-17 15:49:13,eFSR,Service Engineer,Others/Remarks,KALA Care Global LLP - Pune,420435,KALA Care Global LLP - Beed,420435_3,Others/Remarks,Starter required,Sales Coordinator,New,1-37QUOZC,L B Dak Petroleum,ZO_West (CS),213837281,HA294 G1,15,LAHUDOIFODE,,,,,,
1-14280468701,2026-08-17 15:51:50,eFSR,Service Engineer,Others/Remarks,KALA Care Global LLP - Pune,420435,KALA Care Global LLP - Belagavi,420435_9,Oil,13 ltr oil and filte,Sales Coordinator,Quotation Submitted,1-690A4K7,I S Matagar Constructions,ZO_West (CS),213838040,HA494,,PRAMODDHARIGOUD,VIDYA DHABALI,Q420435092700887,2026-08-18 15:11:52,,,
1-14280468701,2026-08-17 15:51:50,eFSR,Service Engineer,Others/Remarks,KALA Care Global LLP - Pune,420435,KALA Care Global LLP - Belagavi,420435_9,Others/Remarks,Oil service,Sales Coordinator,Quotation Submitted,1-690A4K7,I S Matagar Constructions,ZO_West (CS),213838040,HA494,,PRAMODDHARIGOUD,VIDYA DHABALI,Q420435092700887,2026-08-18 15:11:52,,,
1-14280504765,2026-08-17 16:09:06,eFSR,Service Engineer,Others/Remarks,KALA Care Global LLP - Pune,420435,KALA Care Global LLP - Belagavi,420435_9,Oil,Oil service,Sales Coordinator,In Progress,1-3ILSC01,SHREE BANASHANKARI STONE CRUSHER,ZO_West (CS),213634172,HA494,,PRAMODDHARIGOUD,,,,,,
1-14280504765,2026-08-17 16:09:06,eFSR,Service Engineer,Others/Remarks,KALA Care Global LLP - Pune,420435,KALA Care Global LLP - Belagavi,420435_9,Others/Remarks,Required,Sales Coordinator,In Progress,1-3ILSC01,SHREE BANASHANKARI STONE CRUSHER,ZO_West (CS),213634172,HA494,,PRAMODDHARIGOUD,,,,,,
1-14280519181,2026-08-17 16:11:52,Manual,Sales Coordinator,Oil,KALA Care Global LLP - Pune,420435,KALA Care Global LLP - Belagavi,420435_9,Oil,OIL SERVICE REQUIRED,Sales Coordinator,Converted,1-4GQQHOZ,HOTEL R PURE VEG,ZO_West (CS),,3R1040TA G1,45,,VIDYA DHABALI,Q420435092700880,2026-08-17 16:20:50,,212183525,2026-08-17 16:04:35
1-14280629834,2026-08-17 16:23:20,Manual,Sales Coordinator,Oil,KALA Care Global LLP - Pune,420435,KALA Care Global LLP - Belagavi,420435_9,Oil,OIL SERVICE,Sales Coordinator,Converted,1-3WJHMF4,Aski Petroleum,ZO_West (CS),,HA294 G1,15,,VIDYA DHABALI,Q420435092700881,2026-08-17 16:32:12,,212167084,2026-08-17 16:16:09
1-14280727001,2026-08-17 16:42:19,Manual,Sales Coordinator,Paid Services -PM,KALA Care Global LLP - Pune,420435,KALA Care Global LLP - Hubli,420435_8,Paid Services -PM,OIL SERVICE PARTS REQUIRED,Sales Coordinator,Invoiced Generated,1-3SXRYV0,INNO NU Chem Private Limited,ZO_West (CS),,,,,NIKITA HIREMATH,Q420435082700526,2026-08-17 16:49:37,2026-08-17 16:49:55,1-14280791646,2026-08-17 16:51:34
1-14280980361,2026-08-17 17:38:31,Manual,Sales Coordinator,BD Spares,KALA Care Global LLP - Pune,420435,KALA Care Global LLP - Aurangabad,420435_1,BD Spares,parts,Sales Coordinator,Invoiced Generated,1-3G18L65,MOTIWALA SQUARE,ZO_West (CS),,6K1080TA G2,160,,Rani Barate,Q420435012700794,2026-08-17 17:47:53,,1-14281063441,2026-08-17 17:52:06
1-14281025578,2026-08-17 18:27:13,eFSR,Service Engineer,Oil,KALA Care Global LLP - Pune,420435,KALA Care Global LLP - Ahmednagar,420435_2,Battery,150 mh required,Sales Coordinator,New,1-3L61FL1,DHANESHWAR CONSTRUCTION PRIVATE LIMITED AND SHREE GANESH CONSTRUCTION (JV),ZO_West (CS),213041422,6SL1500TA G2,200,SunilGujaba,,,,,,
1-14281025578,2026-08-17 18:27:13,eFSR,Service Engineer,Oil,KALA Care Global LLP - Pune,420435,KALA Care Global LLP - Ahmednagar,420435_2,Coolant Change,Coolant required,Sales Coordinator,New,1-3L61FL1,DHANESHWAR CONSTRUCTION PRIVATE LIMITED AND SHREE GANESH CONSTRUCTION (JV),ZO_West (CS),213041422,6SL1500TA G2,200,SunilGujaba,,,,,,
1-14281025578,2026-08-17 18:27:13,eFSR,Service Engineer,Oil,KALA Care Global LLP - Pune,420435,KALA Care Global LLP - Ahmednagar,420435_2,Oil,Oil required,Sales Coordinator,New,1-3L61FL1,DHANESHWAR CONSTRUCTION PRIVATE LIMITED AND SHREE GANESH CONSTRUCTION (JV),ZO_West (CS),213041422,6SL1500TA G2,200,SunilGujaba,,,,,,
1-14281106721,2026-08-17 17:56:51,Manual,Sales Coordinator,Oil,KALA Care Global LLP - Pune,420435,KALA Care Global LLP - Kalaburagi,420435_13,Oil,Engine Oil Service,Sales Coordinator,Order/SR Generated,1-3HVU21H,ACCURATE POWERTECH INDIA PVT LTD.,ZO_West (CS),,3R1040T G1,30,,Rani Barate,Q420435132700602,2026-08-17 18:06:25,,213627205,2026-08-24 11:37:25
1-14281344615,2026-08-17 18:29:41,eFSR,Service Engineer,Others/Remarks,KALA Care Global LLP - Pune,420435,KALA Care Global LLP - Ahmednagar,420435_2,Coolant Change,Coolant required,Sales Coordinator,New,1-1KP-1862,Atharva Hospital,ZO_West (CS),212577592,HA294,15,SunilGujaba,,,,,,
1-14281344615,2026-08-17 18:29:41,eFSR,Service Engineer,Others/Remarks,KALA Care Global LLP - Pune,420435,KALA Care Global LLP - Ahmednagar,420435_2,Others/Remarks,"Coolant required,& b",Sales Coordinator,New,1-1KP-1862,Atharva Hospital,ZO_West (CS),212577592,HA294,15,SunilGujaba,,,,,,
1-14281345492,2026-08-17 21:55:26,eFSR,Service Engineer,Others/Remarks,KALA Care Global LLP - Pune,420435,KALA Care Global LLP - Hospet,420435_10,Others/Remarks,Not required,Sales Coordinator,New,1-4CNIA92,Royal Residency,ZO_West (CS),213838862,4R810TA G1,62.5,DADAPEERM,,,,,,
1-14282214851,2026-08-18 10:07:42,Manual,Sales Coordinator,Others/Remarks,KALA Care Global LLP - Pune,420435,KALA Care Global LLP - Ahmednagar,420435_2,Others/Remarks,ENGINE SPARES FOR OVERHAULL,Sales Coordinator,Quotation Submitted,1-4S2FXT6,Rajpath Infracon Pvt Ltd.,ZO_West (CS),,,,,Rani Barate,Q420435022700921,2026-08-18 16:01:33,,,
1-14282286731,2026-08-18 10:21:52,Manual,Sales Coordinator,Others/Remarks,KALA Care Global LLP - Pune,420435,KALA Care Global LLP - Ahmednagar,420435_2,Others/Remarks,AIR FILTER REQUIRED,Sales Coordinator,Invoiced Generated,1-3N2VQ1B,DIGAMBAR KISAN BHINGARE,ZO_West (CS),,,,,Rani Barate,Q420435022700919,2026-08-18 10:26:22,,1-14282241591,2026-08-18 10:26:55
1-14282319371,2026-08-18 10:34:50,Manual,Sales Coordinator,Oil,KALA Care Global LLP - Pune,420435,KALA Care Global LLP - Vijayapura,420435_14,Oil,ENGINE OIL SERVICE QUATATION REQUIRED,Sales Coordinator,Nurturing,1-5QP8C1R,"SUDHIR CHAVAN,SHISHU HOSPITAL",ZO_West (CS),,3R550TA 4G1,20,,Rani Barate,,,,,
1-14282347111,2026-08-18 10:44:26,Manual,Sales Coordinator,BD Spares,KALA Care Global LLP - Pune,420435,KALA Care Global LLP - Kalaburagi,420435_13,BD Spares,BD SPARES,Sales Coordinator,Converted,1-604HA8S,ANAND. N. PARIT,ZO_West (CS),,,,,Rani Barate,Q420435132700603,2026-08-18 10:49:05,,1-14282416601,2026-08-18 10:50:50
1-14282433731,2026-08-18 11:00:03,Manual,Sales Coordinator,Paid Services -PM,KALA Care Global LLP - Pune,420435,KALA Care Global LLP - Belagavi,420435_9,Oil,PM REQUIRED,Sales Coordinator,Order/SR Generated,1-5A5J2M3,Narayandas Shamji (Pertoleum),ZO_West (CS),,2R1040 G1,20,,VIDYA DHABALI,Q420435092700882,2026-08-18 11:07:54,,213518298,2026-08-18 10:46:42
1-14282895611,2026-08-18 12:29:56,Manual,Sales Coordinator,Paid Services -PM,KALA Care Global LLP - Pune,420435,KALA Care Global LLP - Belagavi,420435_9,Others/Remarks,PARTS REMAINING,Sales Coordinator,Invoiced Generated,1-3N3AI1O,GURU RAGHAVENDRA TRADERS,ZO_West (CS),,,,,VIDYA DHABALI,Q420435092700886,2026-08-18 12:40:31,,1-14282931873,2026-08-18 12:41:39
1-14282897881,2026-08-18 12:41:32,Manual,Sales Coordinator,Others/Remarks,KALA Care Global LLP - Pune,420435,KALA Care Global LLP - Ahmednagar,420435_2,Others/Remarks,ENGINE OVERHAULL KIT,Sales Coordinator,Invoiced Generated,1-2DAXJJ,ANAND HYDRAULICKS,ZO_West (CS),,,,,Rani Barate,Q420435022700920,2026-08-18 12:48:39,,1-14285857081,2026-08-19 10:49:02
1-14283449181,2026-08-18 14:56:01,eFSR,Service Engineer,Others/Remarks,KALA Care Global LLP - Pune,420435,KALA Care Global LLP - Hospet,420435_10,BD Spares,Required,Sales Coordinator,New,1-4DU7BUF,DENTA WATER AND INFRA SOLUTIONS LIMITED,ZO_West (CS),213841170,3R1040T G1,25,Parashuram GGouripurada,,,,,,
1-14283449181,2026-08-18 14:56:01,eFSR,Service Engineer,Others/Remarks,KALA Care Global LLP - Pune,420435,KALA Care Global LLP - Hospet,420435_10,Others/Remarks,Oil service,Sales Coordinator,New,1-4DU7BUF,DENTA WATER AND INFRA SOLUTIONS LIMITED,ZO_West (CS),213841170,3R1040T G1,25,Parashuram GGouripurada,,,,,,
1-14283449181,2026-08-18 14:56:01,eFSR,Service Engineer,Others/Remarks,KALA Care Global LLP - Pune,420435,KALA Care Global LLP - Hospet,420435_10,Paid Services -PM,Oil service,Sales Coordinator,New,1-4DU7BUF,DENTA WATER AND INFRA SOLUTIONS LIMITED,ZO_West (CS),213841170,3R1040T G1,25,Parashuram GGouripurada,,,,,,
1-14283449181,2026-08-18 14:56:01,eFSR,Service Engineer,Others/Remarks,KALA Care Global LLP - Pune,420435,KALA Care Global LLP - Hospet,420435_10,Service AMC/Bandhan/Anubandhan,Oil service,Sales Coordinator,New,1-4DU7BUF,DENTA WATER AND INFRA SOLUTIONS LIMITED,ZO_West (CS),213841170,3R1040T G1,25,Parashuram GGouripurada,,,,,,
1-14283449273,2026-08-18 14:59:39,eFSR,Service Engineer,Others/Remarks,KALA Care Global LLP - Pune,420435,KALA Care Global LLP - Nanded,420435_4,Others/Remarks,Door lock door inche,Sales Coordinator,New,1-1KY-4058,"Toshniwal Arts, Commerce & Science College.",ZO_West (CS),213841394,HA294,15,RAFIQSHAIKH,,,,,,
1-14283532461,2026-08-18 15:21:09,eFSR,Service Engineer,Others/Remarks,KALA Care Global LLP - Pune,420435,KALA Care Global LLP - Aurangabad,420435_1,Others/Remarks,Engine oil oil filte,Sales Coordinator,New,1-5ATAXHU,ASIAN PAINTS LIMITED,ZO_West (CS),213841931,4R810ETA4G1,58.5,SUDHIRMHASLEKAR,,,,,,
1-14283555841,2026-08-18 15:05:48,Manual,Sales Coordinator,Oil,KALA Care Global LLP - Pune,420435,KALA Care Global LLP - Kalaburagi,420435_13,Oil,Engine Oil Service,Sales Coordinator,Converted,1-53SVLWL,Ajay Kumar Subhash Dhage,ZO_West (CS),,HA294 G1,15,,Rani Barate,Q420435132700605,2026-08-18 15:19:39,,210578138,2026-08-18 11:44:35
1-14283563671,2026-08-18 14:58:50,Manual,Sales Coordinator,New Engine,KALA Care Global LLP - Pune,420435,KALA Care Global LLP - Kalaburagi,420435_13,New Engine,New Engine 4H.2295,Sales Coordinator,Invoiced Generated,1-3JO138D,RAMESH BASAVA PRABHU,ZO_West (CS),,,,,Priyanka Dinesh,Q420435132700604,2026-08-18 18:47:13,,1-14284761261,2026-08-18 18:50:02
1-14283784881,2026-08-18 15:44:33,Manual,Sales Coordinator,Oil,KALA Care Global LLP - Pune,420435,KALA Care Global LLP - Belagavi,420435_9,Others/Remarks,OVERALL PARTS,Sales Coordinator,Invoiced Generated,1-4PPQXYX,BHIVA NARAYAN GAVAS,ZO_West (CS),,,,,VIDYA DHABALI,Q420435092700889,2026-08-18 15:47:15,,1-14283809941,2026-08-18 15:47:29
1-14283900525,2026-08-18 16:16:27,Manual,Sales Coordinator,Oil,KALA Care Global LLP - Pune,420435,KALA Care Global LLP - Nanded,420435_4,Oil,OIL,Sales Coordinator,Invoiced Generated,1-694SBEV,SEEMA INFRA PROJECTS PRIVATE LIMITED,ZO_West (CS),,,,,Sareen Shaikh,Q420435042700561,2026-08-18 16:22:01,,1-14283992751,2026-08-18 16:23:21
1-14283932172,2026-08-18 16:39:32,eFSR,Service Engineer,Oil,KALA Care Global LLP - Pune,420435,KALA Care Global LLP - Vijayapura,420435_14,Oil,Oil service required,Sales Coordinator,New,1-5YCFKPJ,M/s. Katti  Constructions,ZO_West (CS),213841602,HA494,,SANGAPPA BANNATTIBANNATTI,,,,,,
1-14283947851,2026-08-18 16:15:08,Manual,Sales Coordinator,Others/Remarks,KALA Care Global LLP - Pune,420435,KALA Care Global LLP - Ahmednagar,420435_2,Others/Remarks,ENGINE SPARES,Sales Coordinator,Quotation Submitted,1-5JUIA26,Kala Defence & Aerospace Systems Private Limited.,ZO_West (CS),,,,,Rani Barate,Q420435022700922,2026-08-18 16:52:06,,,
1-14284321761,2026-08-18 17:02:34,Manual,Sales Coordinator,Coolant Change,KALA Care Global LLP - Pune,420435,KALA Care Global LLP - Ahmednagar,420435_2,Coolant Change,K COOL 10 LTR & K OIL REQUIRED,Sales Coordinator,Invoiced Generated,1-4LD1W8E,Morya Creation,ZO_West (CS),,,,,Rani Barate,Q420435022700925,2026-08-18 17:11:09,,1-14284355173,2026-08-18 17:11:13
1-14284350291,2026-08-18 17:18:05,Manual,Sales Coordinator,BD Spares,KALA Care Global LLP - Pune,420435,KALA Care Global LLP - Kalaburagi,420435_13,BD Spares,Fuel gauge,Sales Coordinator,Converted,1-60F1CJZ,M/s RHC Constructions,ZO_West (CS),,3R1040T G1,30,,Rani Barate,Q420435132700606,2026-08-18 17:22:38,2026-08-18 18:49:37,213841410,2026-08-18 11:33:47
1-14284416601,2026-08-18 17:17:30,Manual,Sales Coordinator,BD Spares,KALA Care Global LLP - Pune,420435,KALA Care Global LLP - Nanded,420435_4,BD Spares,CAMSHAFT ISSUE,Sales Coordinator,Invoiced Generated,1-4R1LF9K,Sarthak Suryavansh,ZO_West (CS),,,,,Priyanka Dinesh,Q420435042700562,2026-08-18 17:25:52,,1-14284458671,2026-08-18 17:26:53
1-14284432702,2026-08-18 17:22:33,Manual,Sales Coordinator,Paid Services -PM,KALA Care Global LLP - Pune,420435,KALA Care Global LLP - Belagavi,420435_9,Paid Services -PM,Paid Services -PM,Sales Coordinator,Invoiced Generated,1-5V62M7P,M/s Proud India Promoters,ZO_West (CS),,,,,VIDYA DHABALI,Q420435092700890,2026-08-18 17:26:03,,1-14284437961,2026-08-18 17:26:26
1-14284436077,2026-08-18 17:47:35,eFSR,Service Engineer,BD Spares,KALA Care Global LLP - Pune,420435,KALA Care Global LLP - Ahmednagar,420435_2,BD Spares,Fuel filter assembly,Service Coordinator,New,1-5QY9NMG,UMAJI TAMBE,ZO_West (CS),213841239,Engines,,NavnathPatare,,,,,,
1-14284707223,2026-08-18 22:23:03,eFSR,Service Engineer,Others/Remarks,KALA Care Global LLP - Pune,420435,KALA Care Global LLP - Hospet,420435_10,Others/Remarks,Need oil service,Sales Coordinator,New,1-5VE6DCR,M/S V2 RETAIL LIMITED,ZO_West (CS),213843338,6K1080ETA 4G1,160,DadapeerDadapeer,,,,,,
1-14285503749,2026-08-19 09:03:46,eFSR,Service Engineer,Diesel Exhaust Fluid,KALA Care Global LLP - Pune,420435,KALA Care Global LLP - Beed,420435_3,Diesel Exhaust Fluid,210×2,Sales Coordinator,New,1-6HQTIW9,SOLVIAN INFRA AND AGRO LLP,ZO_West (CS),213818820,6K1080ETA 4G2,200,BALASAHEBGADHAVE,,,,,,
1-14285662621,2026-08-19 10:04:54,Manual,Sales Coordinator,Others/Remarks,KALA Care Global LLP - Pune,420435,KALA Care Global LLP - Ahmednagar,420435_2,Others/Remarks,engine spares,Sales Coordinator,Order/SR Generated,1-5P3FJOS,Kailash Ghule,ZO_West (CS),,,,,Rani Barate,Q420435022700933,2026-08-19 10:13:36,,1-14302132681,2026-08-24 16:23:19
1-14285689601,2026-08-19 10:10:33,Manual,Sales Coordinator,BD Spares,KALA Care Global LLP - Pune,420435,KALA Care Global LLP - Aurangabad,420435_1,BD Spares,parts,Sales Coordinator,Invoiced Generated,1-42T3OTW,SHREENATHJI BUILDCON,ZO_West (CS),,,,,Rani Barate,Q420435012700798,2026-08-20 13:36:14,,1-14297663901,2026-08-22 16:02:07
1-14285710601,2026-08-19 10:16:10,Manual,Sales Coordinator,Overhauling,KALA Care Global LLP - Pune,420435,KALA Care Global LLP - Belagavi,420435_9,Overhauling,MAJOUR OVERHUALING,Sales Coordinator,Quotation Submitted,1-44BIYDT,Shree Kittur Channamma Breeding Farm,ZO_West (CS),,4K1080TA G2,125.4,,VIDYA DHABALI,Q420435092700891,2026-08-19 11:34:05,,,
1-14286080601,2026-08-19 11:34:41,Manual,Sales Coordinator,Others/Remarks,KALA Care Global LLP - Pune,420435,KALA Care Global LLP - Ahmednagar,420435_2,Others/Remarks,engine spares for servicing,Sales Coordinator,Invoiced Generated,1-3RKEXR4,A P SONIMANDLECHA,ZO_West (CS),,,,,Rani Barate,Q420435022700935,2026-08-19 11:45:38,,1-14289327900,2026-08-20 11:00:31
1-14286133401,2026-08-19 11:54:35,Manual,Sales Coordinator,BD Spares,KALA Care Global LLP - Pune,420435,KALA Care Global LLP - Hospet,420435_10,BD Spares,COSTOMER INTERTSED,Sales Coordinator,Invoiced Generated,1-5X71Z4J,NAVODAYA EDUCATION TRUST,ZO_West (CS),,DV10ETA 4G2,625,,B Sneha Ballari,Q420435102701064,2026-08-19 12:06:28,,1-14286186045,2026-08-19 12:06:33
1-14286154615,2026-08-19 11:58:20,Manual,Sales Coordinator,Paid Services -PM,KALA Care Global LLP - Pune,420435,KALA Care Global LLP - Belagavi,420435_9,Paid Services -PM,Paid Services -PM,Sales Coordinator,Invoiced Generated,1-5FS06NA,MANJUNATH BASAGOUDANAVAR,ZO_West (CS),,,,,VIDYA DHABALI,Q420435092700897,2026-08-19 12:02:05,,1-14286859701,2026-08-19 14:16:08
1-14286222911,2026-08-19 12:08:18,Manual,Sales Coordinator,Overhauling,KALA Care Global LLP - Pune,420435,KALA Care Global LLP - Belagavi,420435_9,Overhauling,Overhauling,Sales Coordinator,Invoiced Generated,1-5LO9544,ISHA HYDRO POWER,ZO_West (CS),,,,,VIDYA DHABALI,Q420435092700898,2026-08-19 12:21:38,,1-14294144964,2026-08-21 15:45:13
1-14286223266,2026-08-19 12:16:27,Manual,Sales Coordinator,Oil,KALA Care Global LLP - Pune,420435,KALA Care Global LLP - Belagavi,420435_9,Paid Services -PM,PARTS REQUIRED,Sales Coordinator,Invoiced Generated,1-2R41BLF,Popular Crusher,ZO_West (CS),,,,,VIDYA DHABALI,Q420435092700899,2026-08-19 12:19:09,,1-14289397055,2026-08-20 11:21:12
1-14286252248,2026-08-19 12:36:27,eFSR,Service Engineer,Others/Remarks,KALA Care Global LLP - Pune,420435,KALA Care Global LLP - Belagavi,420435_9,Others/Remarks,Panel board connecte,Sales Coordinator,Quotation Submitted,1-1WC-355,Gogate Petrolium,ZO_West (CS),213845938,HA494,30,GAJANANBHOSALE,VIDYA DHABALI,Q420435092700906,2026-08-20 11:32:37,,,
1-14286293961,2026-08-19 12:24:48,Manual,Sales Coordinator,BD Spares,KALA Care Global LLP - Pune,420435,KALA Care Global LLP - Hospet,420435_10,BD Spares,COSTOMER INTERSTED,Sales Coordinator,Invoiced Generated,1-2IXT4JY,KALYAN JEWELLERS INDIA LTD,ZO_West (CS),,4K1080ETA4G1,125.4,,B Sneha Ballari,Q420435102701065,2026-08-19 12:29:40,,1-14286328805,2026-08-19 12:29:43
1-14286352951,2026-08-19 12:38:06,Manual,Sales Coordinator,Oil,KALA Care Global LLP - Pune,420435,KALA Care Global LLP - Kalaburagi,420435_13,Oil,Engine Oil Service.,Sales Coordinator,Quotation Submitted,1-4FB1HDL,CORE GREEN SUGAR AND FUELS PRIVATE LIMITED,ZO_West (CS),,4R1190,,,Rani Barate,Q420435132700607,2026-08-19 12:42:01,,,
1-14286408601,2026-08-19 12:39:18,Manual,Sales Coordinator,Coolant Change,KALA Care Global LLP - Pune,420435,KALA Care Global LLP - Babhleshwar,420435_5,Coolant Change,coolant 15 ltr and k clean,Sales Coordinator,Quotation Submitted,1-5WUQ28N,Shirdi Nagarpanchayat,ZO_West (CS),,3R1040TA G1,40,,Rani Barate,Q420435052700193,2026-08-19 12:48:54,,,
1-14286518128,2026-08-19 13:15:25,eFSR,Service Engineer,Service AMC/Bandhan/Anubandhan,KALA Care Global LLP - Pune,420435,KALA Care Global LLP - Aurangabad,420435_1,Service AMC/Bandhan/Anubandhan,Bandhan,Sales Coordinator,New,1-4QLR3US,Rahul S Mishrikotkar,ZO_West (CS),213845771,3R1040TA G1,45,SUDHIRMHASLEKAR,,,,,,
1-14286538901,2026-08-19 12:55:58,Manual,Sales Coordinator,Oil,KALA Care Global LLP - Pune,420435,KALA Care Global LLP - Vijayapura,420435_14,Oil,engine oil sevice required,Sales Coordinator,Quotation Submitted,1-3YIIE9K,GVR Infrastructures,ZO_West (CS),,4R1190,,,Rani Barate,Q420435142700248,2026-08-20 11:05:56,,,
1-14286542211,2026-08-19 13:05:37,eFSR,Service Engineer,DF Kit,KALA Care Global LLP - Pune,420435,KALA Care Global LLP - Babhleshwar,420435_5,Coolant Change,10letr,Sales Coordinator,New,1-6AZF0N3,AVANI HOSPITALITY,ZO_West (CS),213844250,4K1080ETA4G1,125,SACHINPATHARE,,,,,,
1-14286542211,2026-08-19 13:05:37,eFSR,Service Engineer,DF Kit,KALA Care Global LLP - Pune,420435,KALA Care Global LLP - Babhleshwar,420435_5,DF Kit,20letr,Sales Coordinator,New,1-6AZF0N3,AVANI HOSPITALITY,ZO_West (CS),213844250,4K1080ETA4G1,125,SACHINPATHARE,,,,,,
1-14286648251,2026-08-19 13:24:48,Manual,Sales Coordinator,BD Spares,KALA Care Global LLP - Pune,420435,KALA Care Global LLP - Aurangabad,420435_1,BD Spares,PARTS,Sales Coordinator,Invoiced Generated,1-4659UJO,HIGHWAY AUTOMOBILES,ZO_West (CS),,,,,Rani Barate,Q420435012700802,2026-08-21 16:26:11,,1-14294469505,2026-08-21 16:26:18
1-14286682971,2026-08-19 13:48:40,Manual,Sales Coordinator,Battery,KALA Care Global LLP - Pune,420435,KALA Care Global LLP - Hospet,420435_10,Battery,BATTARY,Sales Coordinator,Invoiced Generated,1-4H82B1P,Wiren Energy Private Limited,ZO_West (CS),,3R1040T G1,25,,B Sneha Ballari,Q420435102701066,2026-08-19 13:55:52,,1-14286766755,2026-08-19 13:55:57
1-14286732631,2026-08-19 13:45:45,Manual,Sales Coordinator,Oil,KALA Care Global LLP - Pune,420435,KALA Care Global LLP - Kalaburagi,420435_13,Oil,Engine Oil Service,Sales Coordinator,Quotation Submitted,1-69LU8O3,MD KAIF,ZO_West (CS),,4R1190,,,Rani Barate,Q420435132700608,2026-08-19 13:49:44,,,
1-14286733023,2026-08-19 13:52:34,Manual,Sales Coordinator,Oil,KALA Care Global LLP - Pune,420435,KALA Care Global LLP - Kalaburagi,420435_13,Oil,Engine Oil Service.,Sales Coordinator,Converted,1-6EKHL5W,SANTOSH RATHOD,ZO_West (CS),,4R1190,,,Rani Barate,Q420435132700609,2026-08-20 18:26:03,,213444403,2026-08-21 09:59:31
1-14286759775,2026-08-19 14:01:30,eFSR,Service Engineer,Paid Services -PM,KALA Care Global LLP - Pune,420435,KALA Care Global LLP - Belagavi,420435_9,Paid Services -PM,Required,Service Coordinator,Quotation Submitted,1-3UQZICN,Hotel Sangam,ZO_West (CS),213846008,HA294 G1,15,SATISHNAVAGEKAR,VIDYA DHABALI,Q420435092700914,2026-08-21 09:59:52,,,
1-14286852891,2026-08-19 14:26:00,Manual,Sales Coordinator,BD Spares,KALA Care Global LLP - Pune,420435,KALA Care Global LLP - Kalaburagi,420435_13,BD Spares,BD SPARES,Sales Coordinator,Quotation Submitted,1-4TTT2LG,ROOPSINGH,ZO_West (CS),,,,,Rani Barate,Q420435132700610,2026-08-19 14:36:16,,,
1-14286943181,2026-08-19 14:45:23,Manual,Sales Coordinator,Others/Remarks,KALA Care Global LLP - Pune,420435,KALA Care Global LLP - Belagavi,420435_9,Others/Remarks,Others/Remarks,Sales Coordinator,Invoiced Generated,1-5WFOI20,RAJU C KARANAYKAR,ZO_West (CS),,,,,VIDYA DHABALI,Q420435092700902,2026-08-19 14:48:31,,1-14286943461,2026-08-19 14:49:36
1-14287111120,2026-08-19 15:23:37,Manual,Sales Coordinator,Allied Oil,KALA Care Global LLP - Pune,420435,KALA Care Global LLP - Kalaburagi,420435_13,Allied Oil,ALLIED OIL,Sales Coordinator,Quotation Submitted,1-648NLEX,NICHINO INDIA PRIVATE LIMITED,ZO_West (CS),,DV10ETA 4G2,625,,Rani Barate,Q420435132700615,2026-08-19 15:34:18,,,
1-14287426611,2026-08-19 16:02:28,Manual,Sales Coordinator,Paid Services -PM,KALA Care Global LLP - Pune,420435,KALA Care Global LLP - Belagavi,420435_9,Overhauling,Overhauling,Sales Coordinator,Invoiced Generated,1-35006JZ,Mahashakti  Concrete Solutions..,ZO_West (CS),,HA494,,,VIDYA DHABALI,Q420435092700904,2026-08-19 16:05:24,,1-14287339069,2026-08-19 16:05:29
1-14287609106,2026-08-19 17:18:22,eFSR,Service Engineer,Others/Remarks,KALA Care Global LLP - Pune,420435,KALA Care Global LLP - Belagavi,420435_9,Others/Remarks,Bandhan plus,Sales Coordinator,In Progress,1-5W3-1036,Aski Petroleum,ZO_West (CS),212167084,HA294 G1,15,PRAMODDHARIGOUD,,,,,,
1-14287609106,2026-08-19 17:18:22,eFSR,Service Engineer,Others/Remarks,KALA Care Global LLP - Pune,420435,KALA Care Global LLP - Belagavi,420435_9,Service AMC/Bandhan/Anubandhan,Bandhan plus require,Sales Coordinator,In Progress,1-5W3-1036,Aski Petroleum,ZO_West (CS),212167084,HA294 G1,15,PRAMODDHARIGOUD,,,,,,
1-14287609563,2026-08-19 18:24:15,eFSR,Service Engineer,Others/Remarks,KALA Care Global LLP - Pune,420435,KALA Care Global LLP - Belagavi,420435_9,Others/Remarks,Required,Sales Coordinator,New,1-4GQQHOZ,HOTEL R PURE VEG,ZO_West (CS),212183525,3R1040TA G1,45,PRAMODDHARIGOUD,,,,,,
1-14287777181,2026-08-19 17:17:43,Manual,Sales Coordinator,Others/Remarks,KALA Care Global LLP - Pune,420435,KALA Care Global LLP - Belagavi,420435_9,Others/Remarks,OVERALL PARTS REQUIRED,Sales Coordinator,Invoiced Generated,1-5LO9544,ISHA HYDRO POWER,ZO_West (CS),,,,,VIDYA DHABALI,Q420435092700905,2026-08-19 17:22:22,,1-14287808008,2026-08-19 17:22:29
1-14287879291,2026-08-19 17:37:00,Manual,Sales Coordinator,Others/Remarks,KALA Care Global LLP - Pune,420435,KALA Care Global LLP - Ahmednagar,420435_2,Others/Remarks,ENGINE OIL AND FILTER,Sales Coordinator,Invoiced Generated,1-34NKSUH,BHARAT BHAGUJI BARASKAR,ZO_West (CS),,,,,Rani Barate,Q420435022700938,2026-08-19 17:40:01,,1-14287893961,2026-08-19 17:40:26
1-14287911266,2026-08-19 18:48:52,eFSR,Service Engineer,Others/Remarks,KALA Care Global LLP - Pune,420435,KALA Care Global LLP - Nanded,420435_4,Others/Remarks,regeneration disocks,Sales Coordinator,New,1-3JJQP70,BAJRANG CONSTRUCTION,ZO_West (CS),213848467,Engines,,SAGARPARDESHI,,,,,,
1-14288160961,2026-08-19 18:36:22,Manual,Sales Coordinator,BD Spares,KALA Care Global LLP - Pune,420435,KALA Care Global LLP - Kalaburagi,420435_13,BD Spares,BD SPARES,Sales Coordinator,Qualifying,1-3SZAYTA,PNC INFRATECH LIMITED,ZO_West (CS),,,,,Rani Barate,,,,,
1-14288256301,2026-08-19 18:42:30,Manual,Sales Coordinator,Oil,KALA Care Global LLP - Pune,420435,KALA Care Global LLP - Kalaburagi,420435_13,Oil,Engine Oil Service,Sales Coordinator,Quotation Submitted,1-5YPOQSR,VIRATRAJ PETROLEUMS,ZO_West (CS),,3R550TC 4G1 CPCB4+,15,,Rani Barate,Q420435132700618,2026-08-19 18:47:35,,212319233,2026-07-10 16:18:36
1-14288256301,2026-08-19 18:42:30,Manual,Sales Coordinator,Oil,KALA Care Global LLP - Pune,420435,KALA Care Global LLP - Kalaburagi,420435_13,Oil,Engine Oil Service,Sales Coordinator,Quotation Submitted,1-5YPOQSR,VIRATRAJ PETROLEUMS,ZO_West (CS),,3R550TC 4G1 CPCB4+,15,,Rani Barate,Q420435132700618,2026-08-19 18:47:35,,213852791,2026-08-20 15:53:42
1-14289131151,2026-08-20 10:19:35,Manual,Sales Coordinator,Oil,KALA Care Global LLP - Pune,420435,KALA Care Global LLP - Vijayapura,420435_14,Oil,ENGINE OIL SERVICE REQU,Sales Coordinator,Converted,1-5QP8C1R,"SUDHIR CHAVAN,SHISHU HOSPITAL",ZO_West (CS),,3R550TA 4G1,20,,Rani Barate,Q420435142700249,2026-08-20 10:26:42,,211625803,2026-08-20 12:34:30
1-14289180663,2026-08-20 10:28:09,Manual,Sales Coordinator,Oil,KALA Care Global LLP - Pune,420435,KALA Care Global LLP - Vijayapura,420435_14,Oil,ENGINE OIL SERVICE REQUIRED,Sales Coordinator,Quotation Submitted,1-60RMTY9,KANNURS MATERNITY & NURSING HOME,ZO_West (CS),,3R1190ENA 4G1,35,,Rani Barate,Q420435142700250,2026-08-20 10:34:43,,,
1-14289203401,2026-08-20 10:40:33,Manual,Sales Coordinator,Others/Remarks,KALA Care Global LLP - Pune,420435,KALA Care Global LLP - Ahmednagar,420435_2,Others/Remarks,ENGINE SPARES FOR SERVICING,Sales Coordinator,Invoiced Generated,1-4OKMQZ7,Shete patil udyog Samuh,ZO_West (CS),,,,,Rani Barate,Q420435022700940,2026-08-20 10:44:14,,1-14289275601,2026-08-20 10:44:50
1-14289265601,2026-08-20 10:43:04,Manual,Sales Coordinator,Oil,KALA Care Global LLP - Pune,420435,KALA Care Global LLP - Vijayapura,420435_14,Oil,ENGINE OIL SERVICE REQUIRED,Sales Coordinator,Quotation Submitted,1-62521F5,ABHAY PETROLEUM,ZO_West (CS),,3R550TA 4G1,20,,Rani Barate,Q420435142700251,2026-08-20 10:51:27,,,
1-14289444711,2026-08-20 11:21:25,Manual,Sales Coordinator,Others/Remarks,KALA Care Global LLP - Pune,420435,KALA Care Global LLP - Ahmednagar,420435_2,Others/Remarks,PAID SERVICING,Sales Coordinator,Qualifying,1-68EW5IO,VIJAY SHANTILAL TOKSE,ZO_West (CS),,4R810TA G1,62.5,,Rani Barate,,,,,
1-14289636191,2026-08-20 12:05:56,Manual,Sales Coordinator,Others/Remarks,KALA Care Global LLP - Pune,420435,KALA Care Global LLP - Ahmednagar,420435_2,Paid Services -PM,paid servicing,Sales Coordinator,Quotation Submitted,1-61RQT6C,Shree Venkateshwara (RMC),ZO_West (CS),,HA694,,,Rani Barate,Q420435022700944,2026-08-20 15:06:21,,,
1-14289702181,2026-08-20 12:10:36,Manual,Sales Coordinator,Battery,KALA Care Global LLP - Pune,420435,KALA Care Global LLP - Babhleshwar,420435_5,Battery,BATTERY 100 AH,Sales Coordinator,Quotation Submitted,1-4AJ7KAC,Sai Alaukik Hotels LLP,ZO_West (CS),,4R810TA G1,62.5,,Jyoti Mangesh,Q420435052700203,2026-08-20 12:32:32,,,
1-14289713132,2026-08-20 12:25:58,eFSR,Service Engineer,BD Spares,KALA Care Global LLP - Pune,420435,KALA Care Global LLP - Ballari,420435_11,BD Spares,Controller unit,Service Coordinator,New,1-1DLU4YX,Equitas Small Finance Bank Ltd,ZO_West (CS),213781318,3R1040TA G1,40,NAGARAJ PPATEGOWDAR,,,,,,
1-14289761981,2026-08-20 12:22:12,Manual,Sales Coordinator,,KALA Care Global LLP - Pune,420435,KALA Care Global LLP - Hospet,420435_10,Oil,INTERSTED,Sales Coordinator,Invoiced Generated,1-3UTPZF2,S S R Cement Industries,ZO_West (CS),,4R1040TC BS III,,,B Sneha Ballari,Q420435102701070,2026-08-20 13:20:15,,1-14290021150,2026-08-20 13:20:19
1-14289844085,2026-08-20 12:52:01,eFSR,Service Engineer,Others/Remarks,KALA Care Global LLP - Pune,420435,KALA Care Global LLP - Aurangabad,420435_1,Others/Remarks,Add blue require,Sales Coordinator,New,1-4NYJAE8,CHANDUKAKA SARAF AND SONS PRIVATE LIMITED,ZO_West (CS),213850611,4R1190ETA 4G1,82.5,SUDHIRMHASLEKAR,,,,,,
1-14289894791,2026-08-20 12:45:40,Manual,Sales Coordinator,BD Spares,KALA Care Global LLP - Pune,420435,KALA Care Global LLP - Kalaburagi,420435_13,BD Spares,BD SPARES,Sales Coordinator,Quotation Submitted,1-3SZAYTA,PNC INFRATECH LIMITED,ZO_West (CS),,,,,Rani Barate,Q420435132700619,2026-08-24 13:02:28,,,
1-14290192961,2026-08-20 14:11:17,Manual,Sales Coordinator,Oil,KALA Care Global LLP - Pune,420435,KALA Care Global LLP - Kalaburagi,420435_13,Oil,oil,Sales Coordinator,Quotation Submitted,1-5LWV42N,SNEHA FARMS PVT LTD(KARNATAKA),ZO_West (CS),,4R1190,,,Rani Barate,Q420435132700621,2026-08-24 16:21:28,,,
1-14290233078,2026-08-20 14:52:07,eFSR,Service Engineer,Oil,KALA Care Global LLP - Pune,420435,KALA Care Global LLP - Vijayapura,420435_14,Oil,Needs the oil,Sales Coordinator,New,1-3T672JM,Hotel Le Grande,ZO_West (CS),212629952,6K1080TA G2,160,UMESHPatil,,,,,,
1-14290428230,2026-08-20 15:03:49,eFSR,Service Engineer,Coolant Change,KALA Care Global LLP - Pune,420435,KALA Care Global LLP - Babhleshwar,420435_5,Coolant Change,10letr,Sales Coordinator,New,1-6J7NR93,UNIVERSAL EARTH MOVERS,ZO_West (CS),213806158,3GK550TC 4SR1,20,SACHINPATHARE,,,,,,
1-14290483351,2026-08-20 14:58:43,Manual,Sales Coordinator,Oil,KALA Care Global LLP - Pune,420435,KALA Care Global LLP - Kalaburagi,420435_13,Oil,OIL,Sales Coordinator,Quotation Submitted,1-5LWV42N,SNEHA FARMS PVT LTD(KARNATAKA),ZO_West (CS),,4R1190,,,Rani Barate,Q420435132700623,2026-08-24 16:20:22,,,
1-14290511141,2026-08-20 15:22:21,Manual,Sales Coordinator,Others/Remarks,KALA Care Global LLP - Pune,420435,KALA Care Global LLP - Ahmednagar,420435_2,Others/Remarks,Engine spares for servicing,Sales Coordinator,Quotation Submitted,1-3FHCEFD,JITENDRA AABASAHEB DHUS,ZO_West (CS),,,,,Rani Barate,Q420435022700945,2026-08-20 15:31:51,,,
1-14290937730,2026-08-20 16:08:26,eFSR,Service Engineer,Others/Remarks,KALA Care Global LLP - Pune,420435,KALA Care Global LLP - Hospet,420435_10,Others/Remarks,Oil service,Sales Coordinator,New,1-5PEK0M5,Sri Sai Balaji Enterpriess,ZO_West (CS),213850792,Engines,,Parashuram GGouripurada,,,,,,
1-14290937730,2026-08-20 16:08:26,eFSR,Service Engineer,Others/Remarks,KALA Care Global LLP - Pune,420435,KALA Care Global LLP - Hospet,420435_10,Paid Services -PM,Oil service,Sales Coordinator,New,1-5PEK0M5,Sri Sai Balaji Enterpriess,ZO_West (CS),213850792,Engines,,Parashuram GGouripurada,,,,,,
1-14290937730,2026-08-20 16:08:26,eFSR,Service Engineer,Others/Remarks,KALA Care Global LLP - Pune,420435,KALA Care Global LLP - Hospet,420435_10,Service AMC/Bandhan/Anubandhan,Oil service,Sales Coordinator,New,1-5PEK0M5,Sri Sai Balaji Enterpriess,ZO_West (CS),213850792,Engines,,Parashuram GGouripurada,,,,,,
1-14290945250,2026-08-20 16:43:29,eFSR,Service Engineer,Others/Remarks,KALA Care Global LLP - Pune,420435,KALA Care Global LLP - Parbhani,420435_7,Others/Remarks,Ok,Sales Coordinator,New,1-6AERCET,Prabhakar deshmukh,ZO_West (CS),213852487,3R1190ENA 4G1,30,MaheshHolge,,,,,,
1-14291282149,2026-08-20 17:54:23,eFSR,Service Engineer,Others/Remarks,KALA Care Global LLP - Pune,420435,KALA Care Global LLP - Hubli,420435_8,Battery,Ok,Sales Coordinator,Nurturing,1-5AUNZMV,Shrusti Heritage Apparment,ZO_West (CS),213852426,EA16 G1,10,KRISHNADASABAL,NIKITA HIREMATH,,,,,
1-14291282149,2026-08-20 17:54:23,eFSR,Service Engineer,Others/Remarks,KALA Care Global LLP - Pune,420435,KALA Care Global LLP - Hubli,420435_8,Others/Remarks,Ok,Sales Coordinator,Nurturing,1-5AUNZMV,Shrusti Heritage Apparment,ZO_West (CS),213852426,EA16 G1,10,KRISHNADASABAL,NIKITA HIREMATH,,,,,
1-14291282575,2026-08-20 18:39:56,eFSR,Service Engineer,Others/Remarks,KALA Care Global LLP - Pune,420435,KALA Care Global LLP - Aurangabad,420435_1,Others/Remarks,Bandhan,Sales Coordinator,New,1-6EKHU0M,Golokdham apartment owner association,ZO_West (CS),213853223,4K1080ETA4G1,125.4,AkashWagh,,,,,,
1-14291282575,2026-08-20 18:39:56,eFSR,Service Engineer,Others/Remarks,KALA Care Global LLP - Pune,420435,KALA Care Global LLP - Aurangabad,420435_1,Service AMC/Bandhan/Anubandhan,Bandhan,Sales Coordinator,New,1-6EKHU0M,Golokdham apartment owner association,ZO_West (CS),213853223,4K1080ETA4G1,125.4,AkashWagh,,,,,,
1-14291361601,2026-08-20 17:15:44,Manual,Sales Coordinator,BD Spares,KALA Care Global LLP - Pune,420435,KALA Care Global LLP - Belagavi,420435_9,BD Spares,BD Spares,Sales Coordinator,Invoiced Generated,1-3N3AI1O,GURU RAGHAVENDRA TRADERS,ZO_West (CS),,,,,VIDYA DHABALI,Q420435092700912,2026-08-20 17:19:10,,1-14291335871,2026-08-20 17:20:11
1-14291376471,2026-08-20 17:30:26,Manual,Sales Coordinator,Paid Services -PM,KALA Care Global LLP - Pune,420435,KALA Care Global LLP - Hubli,420435_8,Paid Services -PM,OIL SERVICE PARTS,Sales Coordinator,Converted,1-6K8J9EY,SAFE INDIA HITECH SYSTEMS,ZO_West (CS),,4R1040T,,,NIKITA HIREMATH,Q420435082700544,2026-08-20 17:38:29,2026-08-20 17:38:51,213853387,2026-08-20 17:10:02
1-14291497611,2026-08-20 17:29:14,Manual,Sales Coordinator,Others/Remarks,KALA Care Global LLP - Pune,420435,KALA Care Global LLP - Ahmednagar,420435_2,Others/Remarks,engine spares,Sales Coordinator,Invoiced Generated,1-1QD0MDG,SHIVNERI  HYDRAULICS & HYDROPOWER,ZO_West (CS),,,,,Rani Barate,Q420435022700948,2026-08-21 11:02:02,,1-14293778971,2026-08-21 13:55:37
1-14291671591,2026-08-20 18:27:18,Manual,Sales Coordinator,Oil,KALA Care Global LLP - Pune,420435,KALA Care Global LLP - Kalaburagi,420435_13,Oil,Engine Oil Service.,Sales Coordinator,Quotation Submitted,1-5LWV42N,SNEHA FARMS PVT LTD(KARNATAKA),ZO_West (CS),,4R1190,,,Rani Barate,Q420435132700624,2026-08-24 16:19:02,,,
1-14291803271,2026-08-20 21:16:28,eFSR,Service Engineer,Others/Remarks,KALA Care Global LLP - Pune,420435,KALA Care Global LLP - Hospet,420435_10,Others/Remarks,Need to def oil or A,Sales Coordinator,New,1-65WQJAY,Dhruvdesh Ventures LLP,ZO_West (CS),213852988,DV10ETA 4G2,625,DADAPEERM,,,,,,
1-14292758411,2026-08-21 10:41:06,Manual,Sales Coordinator,Oil,KALA Care Global LLP - Pune,420435,KALA Care Global LLP - Vijayapura,420435_14,Oil,ENGINE OIL SERVICE REQUIRED,Sales Coordinator,Quotation Submitted,1-67TXNXV,VINAYAK FILLING STATION,ZO_West (CS),,3R550TA 4G1,20,,Rani Barate,Q420435142700253,2026-08-21 10:47:52,,,
1-14292780461,2026-08-21 10:41:49,Manual,Sales Coordinator,BD Spares,KALA Care Global LLP - Pune,420435,KALA Care Global LLP - Kalaburagi,420435_13,BD Spares,BD SPARES,Sales Coordinator,Converted,1-604HA8S,ANAND. N. PARIT,ZO_West (CS),,,,,Rani Barate,Q420435132700625,2026-08-21 10:49:16,,1-14292840146,2026-08-21 10:49:23
1-14292913371,2026-08-21 11:23:03,Manual,Sales Coordinator,Allied Oil,KALA Care Global LLP - Pune,420435,KALA Care Global LLP - Aurangabad,420435_1,Allied Oil,OIL,Sales Coordinator,Quotation Submitted,1-1VU-33,GARWARE HI-TECH FILMS LIMITED,ZO_West (CS),,,,,Rani Barate,Q420435012700813,2026-08-22 09:54:56,,,
1-14293356711,2026-08-21 12:32:40,Manual,Sales Coordinator,Paid Services -PM,KALA Care Global LLP - Pune,420435,KALA Care Global LLP - Ahmednagar,420435_2,Paid Services -PM,PAID SERVICING,Sales Coordinator,Quotation Submitted,1-1W0-886,Uni Klinger Limited,ZO_West (CS),,6SL1500TA G2,200,,Rani Barate,Q420435022700952,2026-08-22 10:23:06,,,
1-14293405699,2026-08-21 12:49:29,eFSR,Service Engineer,Others/Remarks,KALA Care Global LLP - Pune,420435,KALA Care Global LLP - Kalaburagi,420435_13,Others/Remarks,Need to replace head,Sales Coordinator,New,1-3PKZFW1,Shetty Constructions,ZO_West (CS),213302109,6R1080TA,125,Mohammed MubeenShaik,,,,,,
1-14293443642,2026-08-21 12:50:47,eFSR,Service Engineer,Others/Remarks,KALA Care Global LLP - Pune,420435,KALA Care Global LLP - Ahmednagar,420435_2,Coolant Change,Coolant required,Sales Coordinator,New,1-4FYKUPR,PRM. Soft Solution Private Ltd.,ZO_West (CS),212217121,3R1040T G1,25,SunilGujaba,,,,,,
1-14293443642,2026-08-21 12:50:47,eFSR,Service Engineer,Others/Remarks,KALA Care Global LLP - Pune,420435,KALA Care Global LLP - Ahmednagar,420435_2,Oil,Oil required,Sales Coordinator,New,1-4FYKUPR,PRM. Soft Solution Private Ltd.,ZO_West (CS),212217121,3R1040T G1,25,SunilGujaba,,,,,,
1-14293443642,2026-08-21 12:50:47,eFSR,Service Engineer,Others/Remarks,KALA Care Global LLP - Pune,420435,KALA Care Global LLP - Ahmednagar,420435_2,Others/Remarks,Servicing chi garaj,Sales Coordinator,New,1-4FYKUPR,PRM. Soft Solution Private Ltd.,ZO_West (CS),212217121,3R1040T G1,25,SunilGujaba,,,,,,
1-14293444128,2026-08-21 13:07:25,eFSR,Service Engineer,Mobile Lighting Tower,KALA Care Global LLP - Pune,420435,KALA Care Global LLP - Aurangabad,420435_1,Mobile Lighting Tower,Ok,Sales Coordinator,New,1-485F78B,ABHISHEK INFRASTRUCTURE.,ZO_West (CS),213648124,HA494,,HarshalIngle,,,,,,
1-14293454521,2026-08-21 13:05:07,Manual,Sales Coordinator,BD Spares,KALA Care Global LLP - Pune,420435,KALA Care Global LLP - Belagavi,420435_9,BD Spares,BD Spares,Sales Coordinator,Invoiced Generated,1-2NR8VV,Deshpande industries,ZO_West (CS),,,,,VIDYA DHABALI,Q420435092700927,2026-08-21 13:07:09,,1-14293511791,2026-08-21 13:08:53
1-14294056381,2026-08-21 15:15:07,Manual,Sales Coordinator,Others/Remarks,KALA Care Global LLP - Pune,420435,KALA Care Global LLP - Hubli,420435_8,Others/Remarks,WATER PUMP,Sales Coordinator,Quotation Submitted,1-3KF7GUM,Automac Diesels,ZO_West (CS),,,,,NIKITA HIREMATH,Q420435082700547,2026-08-21 15:22:23,,,
1-14294140871,2026-08-21 15:34:07,Manual,Sales Coordinator,BD Spares,KALA Care Global LLP - Pune,420435,KALA Care Global LLP - Hospet,420435_10,BD Spares,COSTOMER INTERSTED,Sales Coordinator,Invoiced Generated,1-3ME9SBA,MPPS GROUP,ZO_West (CS),,4R1040T,62.5,,B Sneha Ballari,Q420435102701082,2026-08-21 15:49:35,,1-14294229722,2026-08-21 15:49:40
1-14294348601,2026-08-21 16:05:47,Manual,Sales Coordinator,,KALA Care Global LLP - Pune,420435,KALA Care Global LLP - Hospet,420435_10,,,Sales Coordinator,In Progress,,,ZO_West (CS),,,,,,,,,,
1-14294830273,2026-08-21 21:17:34,eFSR,Service Engineer,Oil,KALA Care Global LLP - Pune,420435,KALA Care Global LLP - Hospet,420435_10,Oil,Oil service parts,Sales Coordinator,New,1-34P9B6N,MR. SHARANAPPA .V. NAREGAL,ZO_West (CS),213858546,4R1040TA,,MOHAMMED JAFERKALUR,,,,,,
1-14294947526,2026-08-21 18:57:45,eFSR,Service Engineer,Others/Remarks,KALA Care Global LLP - Pune,420435,KALA Care Global LLP - Parbhani,420435_7,Others/Remarks,Ok,Sales Coordinator,New,1-6ATCX3J,Linkwise Infratech Private  Limited,ZO_West (CS),213856753,3GK550TC 4SR1,20,MaheshHolge,,,,,,
1-14295235951,2026-08-21 23:21:11,eFSR,Service Engineer,Oil,KALA Care Global LLP - Pune,420435,KALA Care Global LLP - Vijayapura,420435_14,Coolant Change,Coolant required,Sales Coordinator,New,1-3XA8A96,JULIUS RUBEN,ZO_West (CS),213854903,4R1040,,SANGAPPA BANNATTIBANNATTI,,,,,,
1-14295235951,2026-08-21 23:21:11,eFSR,Service Engineer,Oil,KALA Care Global LLP - Pune,420435,KALA Care Global LLP - Vijayapura,420435_14,Oil,Engine oil service r,Sales Coordinator,New,1-3XA8A96,JULIUS RUBEN,ZO_West (CS),213854903,4R1040,,SANGAPPA BANNATTIBANNATTI,,,,,,
1-14295235951,2026-08-21 23:21:11,eFSR,Service Engineer,Oil,KALA Care Global LLP - Pune,420435,KALA Care Global LLP - Vijayapura,420435_14,Paid Services -PM,Engine oil service r,Sales Coordinator,New,1-3XA8A96,JULIUS RUBEN,ZO_West (CS),213854903,4R1040,,SANGAPPA BANNATTIBANNATTI,,,,,,
1-14295914758,2026-08-22 09:47:10,eFSR,Service Engineer,Coolant Change,KALA Care Global LLP - Pune,420435,KALA Care Global LLP - Babhleshwar,420435_5,Coolant Change,10leter,Sales Coordinator,New,1-6HOV092,SANGAMNER TALUKA SAHAKARI DOODH UTPADAK AND PRAKRIYASANGHLTD,ZO_West (CS),213731947,3GK550TC 4SR1,20,SACHINPATHARE,,,,,,
1-14296335601,2026-08-22 11:21:07,Manual,Sales Coordinator,Oil,KALA Care Global LLP - Pune,420435,KALA Care Global LLP - Vijayapura,420435_14,Oil,ENGINE OIL SERVICE REQUIRED,Sales Coordinator,Quotation Submitted,1-3XA8A96,JULIUS RUBEN,ZO_West (CS),,4R1040,,,Rani Barate,Q420435142700254,2026-08-24 12:56:32,,,
1-14296364148,2026-08-22 11:46:16,eFSR,Service Engineer,Others/Remarks,KALA Care Global LLP - Pune,420435,KALA Care Global LLP - Parbhani,420435_7,Oil,Need Pm Service,Sales Coordinator,New,1-37XODKC,Wellness Forever Medicare Pvt Ltd,ZO_West (CS),213761651,CC418 G1.1,5.5,MaheshHolge,,,,,,
1-14296364148,2026-08-22 11:46:16,eFSR,Service Engineer,Others/Remarks,KALA Care Global LLP - Pune,420435,KALA Care Global LLP - Parbhani,420435_7,Others/Remarks,Ok,Sales Coordinator,New,1-37XODKC,Wellness Forever Medicare Pvt Ltd,ZO_West (CS),213761651,CC418 G1.1,5.5,MaheshHolge,,,,,,
1-14296384141,2026-08-22 11:46:51,Manual,Sales Coordinator,Oil,KALA Care Global LLP - Pune,420435,KALA Care Global LLP - Kalaburagi,420435_13,Oil,Engine Oil Service.,Sales Coordinator,Quotation Submitted,1-6JWAHKZ,NAVAZ BASHA,ZO_West (CS),,4R810,,,Rani Barate,Q420435132700628,2026-08-22 11:50:47,,,
1-14296423986,2026-08-22 11:53:25,eFSR,Service Engineer,DF Kit,KALA Care Global LLP - Pune,420435,KALA Care Global LLP - Belagavi,420435_9,Coolant Change,20,Sales Coordinator,Quotation Submitted,1-6G5NSDW,KRESTON INDUSTRIAL & INFRA PROJECTS LLP,ZO_West (CS),213858378,DV8ETA 4G3,500,AMITMEKKALIKE,VIDYA DHABALI,Q420435092700940,2026-08-24 11:29:46,,,
1-14296423986,2026-08-22 11:53:25,eFSR,Service Engineer,DF Kit,KALA Care Global LLP - Pune,420435,KALA Care Global LLP - Belagavi,420435_9,DF Kit,200 liter,Sales Coordinator,Quotation Submitted,1-6G5NSDW,KRESTON INDUSTRIAL & INFRA PROJECTS LLP,ZO_West (CS),213858378,DV8ETA 4G3,500,AMITMEKKALIKE,VIDYA DHABALI,Q420435092700940,2026-08-24 11:29:46,,,
1-14296432611,2026-08-22 11:40:56,Manual,Sales Coordinator,Oil,KALA Care Global LLP - Pune,420435,KALA Care Global LLP - Kalaburagi,420435_13,Oil,OIL SERVICE,Sales Coordinator,Order/SR Generated,1-33UK2DM,APANA EARTH MOVERS,ZO_West (CS),,,,,Rani Barate,Q420435132700627,2026-08-22 11:45:28,,1-14296443671,2026-08-22 11:46:27
1-14296470471,2026-08-22 12:01:46,Manual,Sales Coordinator,Oil,KALA Care Global LLP - Pune,420435,KALA Care Global LLP - Kalaburagi,420435_13,Oil,Engine Oil Service,Sales Coordinator,Quotation Submitted,1-6GNJI5K,finance officer Sharnbasva university kalaburagi,ZO_West (CS),,4K1080ETA4G1,125.4,,Rani Barate,Q420435132700629,2026-08-22 12:08:34,,,
1-14296523841,2026-08-22 12:07:29,Manual,Sales Coordinator,Paid Services -PM,KALA Care Global LLP - Pune,420435,KALA Care Global LLP - Belagavi,420435_9,Paid Services -PM,Paid Services -PM,Sales Coordinator,Quotation Submitted,1-5V8T59B,KADAPPATI INFRA PRIVATE LIMITED,ZO_West (CS),,6R1080,62.5,,VIDYA DHABALI,Q420435092700929,2026-08-22 12:21:17,,,
1-14296661021,2026-08-22 12:19:37,Manual,Sales Coordinator,Oil,KALA Care Global LLP - Pune,420435,KALA Care Global LLP - Vijayapura,420435_14,Oil,ENGINE OIL SERVICE REQUIRED,Sales Coordinator,Quotation Submitted,1-5UTE0UL,KANCHANA BAR,ZO_West (CS),,3R1040T G1,35,,Rani Barate,Q420435142700255,2026-08-22 12:41:50,,,
1-14296824511,2026-08-22 13:17:38,Manual,Sales Coordinator,,KALA Care Global LLP - Pune,420435,KALA Care Global LLP - Aurangabad,420435_1,BD Spares,PARTS,Sales Coordinator,Quotation Submitted,1-4RMOV0E,AGC INFRACON PRIVATE LIMITED,ZO_West (CS),,,,,Rani Barate,Q420435012700815,2026-08-24 12:18:29,,,
1-14296935001,2026-08-22 13:14:28,Manual,Sales Coordinator,Paid Services -PM,KALA Care Global LLP - Pune,420435,KALA Care Global LLP - Belagavi,420435_9,Others/Remarks,Others/Remarks,Sales Coordinator,Invoiced Generated,1-3N3AI1O,GURU RAGHAVENDRA TRADERS,ZO_West (CS),,,,,VIDYA DHABALI,Q420435092700931,2026-08-22 13:17:12,,1-14296934637,2026-08-22 13:17:26
1-14297031110,2026-08-22 14:01:03,eFSR,Service Engineer,Others/Remarks,KALA Care Global LLP - Pune,420435,KALA Care Global LLP - Ahmednagar,420435_2,Others/Remarks,Fuel pipe required,Sales Coordinator,New,1-2Z0LJMP,Reliance Jio Infocomm Limited,ZO_West (CS),213792634,HA294 G1,10,SunilGujaba,,,,,,
1-14297041818,2026-08-22 13:44:29,eFSR,Service Engineer,Others/Remarks,KALA Care Global LLP - Pune,420435,KALA Care Global LLP - Ahmednagar,420435_2,Others/Remarks,Amc status need to c,Sales Coordinator,New,1-1KP-1455,Dr. Deokar Sonography and X-Ray Clinic.,ZO_West (CS),210094988,HA394,25,ALSIFSHAIKH,,,,,,
1-14297041818,2026-08-22 13:44:29,eFSR,Service Engineer,Others/Remarks,KALA Care Global LLP - Pune,420435,KALA Care Global LLP - Ahmednagar,420435_2,Service AMC/Bandhan/Anubandhan,Amc status need to c,Sales Coordinator,New,1-1KP-1455,Dr. Deokar Sonography and X-Ray Clinic.,ZO_West (CS),210094988,HA394,25,ALSIFSHAIKH,,,,,,
1-14297042376,2026-08-22 14:18:16,eFSR,Service Engineer,Others/Remarks,KALA Care Global LLP - Pune,420435,KALA Care Global LLP - Ahmednagar,420435_2,Oil,15w40 oil,Sales Coordinator,New,1-3QEN4DO,Atul Foods Products,ZO_West (CS),209147214,3R1040TA G1,40,ALSIFSHAIKH,,,,,,
1-14297042376,2026-08-22 14:18:16,eFSR,Service Engineer,Others/Remarks,KALA Care Global LLP - Pune,420435,KALA Care Global LLP - Ahmednagar,420435_2,Others/Remarks,Servicing required n,Sales Coordinator,New,1-3QEN4DO,Atul Foods Products,ZO_West (CS),209147214,3R1040TA G1,40,ALSIFSHAIKH,,,,,,
1-14297184179,2026-08-22 14:49:04,eFSR,Service Engineer,Others/Remarks,KALA Care Global LLP - Pune,420435,KALA Care Global LLP - Beed,420435_3,BD Spares,Fuel filling cap & F,Sales Coordinator,New,1-7EV-328,"G-409,25kVA J.N.V Ghadi , Maharashtra",ZO_West (CS),213748132,HA394,25,BALASAHEBGADHAVE,,,,,,
1-14297184179,2026-08-22 14:49:04,eFSR,Service Engineer,Others/Remarks,KALA Care Global LLP - Pune,420435,KALA Care Global LLP - Beed,420435_3,Others/Remarks,Fuel level gauge,Sales Coordinator,New,1-7EV-328,"G-409,25kVA J.N.V Ghadi , Maharashtra",ZO_West (CS),213748132,HA394,25,BALASAHEBGADHAVE,,,,,,
1-14297205986,2026-08-22 14:47:56,eFSR,Service Engineer,Others/Remarks,KALA Care Global LLP - Pune,420435,KALA Care Global LLP - Latur,420435_6,Others/Remarks,No,Sales Coordinator,New,1-JQA3BU,Narayana Agro Oils Private Limited,ZO_West (CS),213842225,DV10TA G1,500,MAHALINGPATIL,,,,,,
1-14297491972,2026-08-22 15:32:25,eFSR,Service Engineer,Others/Remarks,KALA Care Global LLP - Pune,420435,KALA Care Global LLP - Parbhani,420435_7,Others/Remarks,Ok,Sales Coordinator,New,1-3XIJ3FQ,Parbhani ICU & Trauma Care Centre,ZO_West (CS),213823098,4K1080TA G2,125,MaheshHolge,,,,,,
1-14297575731,2026-08-22 15:37:27,Manual,Sales Coordinator,Oil,KALA Care Global LLP - Pune,420435,KALA Care Global LLP - Kalaburagi,420435_13,Oil,Engine Oil Service.,Sales Coordinator,Quotation Submitted,1-695KT9G,SRI AMBHABHAVANI TRADERS,ZO_West (CS),,4R810,,,Rani Barate,Q420435132700630,2026-08-22 15:57:24,,,
1-14297724461,2026-08-22 16:23:00,Manual,Sales Coordinator,BD Spares,KALA Care Global LLP - Pune,420435,KALA Care Global LLP - Kalaburagi,420435_13,BD Spares,BD SPARES,Sales Coordinator,Converted,1-4JKG9US,HARILAL CHAVAN CIVIL CONTRACTOR,ZO_West (CS),,,,,Rani Barate,Q420435132700631,2026-08-22 16:27:26,,1-14297793031,2026-08-22 16:28:48
1-14297779908,2026-08-22 16:34:58,eFSR,Service Engineer,Others/Remarks,KALA Care Global LLP - Pune,420435,KALA Care Global LLP - Ahmednagar,420435_2,Coolant Change,Coolant chenge requi,Sales Coordinator,New,1-1MLWCIO,Swami Vivekanand Charitable Trust,ZO_West (CS),212226772,3R1040T G1,30,RUSHIKESHMAGAR,,,,,,
1-14297779908,2026-08-22 16:34:58,eFSR,Service Engineer,Others/Remarks,KALA Care Global LLP - Pune,420435,KALA Care Global LLP - Ahmednagar,420435_2,Others/Remarks,Coolant chenge requi,Sales Coordinator,New,1-1MLWCIO,Swami Vivekanand Charitable Trust,ZO_West (CS),212226772,3R1040T G1,30,RUSHIKESHMAGAR,,,,,,
1-14298428231,2026-08-22 18:25:03,Manual,Sales Coordinator,Oil,KALA Care Global LLP - Pune,420435,KALA Care Global LLP - Kalaburagi,420435_13,Oil,OIL SERVICE,Sales Coordinator,Quotation Submitted,1-6KG8B2Y,SIRWAL HYDRAULICS,ZO_West (CS),,,,,Rani Barate,Q420435132700632,2026-08-24 13:04:16,,,
1-14298465507,2026-08-23 11:52:30,eFSR,Service Engineer,Others/Remarks,KALA Care Global LLP - Pune,420435,KALA Care Global LLP - Aurangabad,420435_1,BD Spares,DG controller,Sales Coordinator,New,1-65FW58G,JUPITER TATRAVAGONKA RAILWHEEL FACTORY PRIVATE LIMITED,ZO_West (CS),208599325,DV10TA G1,500,KANHAIYADUBE,,,,,,
1-14298465507,2026-08-23 11:52:30,eFSR,Service Engineer,Others/Remarks,KALA Care Global LLP - Pune,420435,KALA Care Global LLP - Aurangabad,420435_1,Others/Remarks,"DG controller, and b",Sales Coordinator,New,1-65FW58G,JUPITER TATRAVAGONKA RAILWHEEL FACTORY PRIVATE LIMITED,ZO_West (CS),208599325,DV10TA G1,500,KANHAIYADUBE,,,,,,
1-14298465507,2026-08-23 11:52:30,eFSR,Service Engineer,Others/Remarks,KALA Care Global LLP - Pune,420435,KALA Care Global LLP - Aurangabad,420435_1,Service AMC/Bandhan/Anubandhan,Required support for,Sales Coordinator,New,1-65FW58G,JUPITER TATRAVAGONKA RAILWHEEL FACTORY PRIVATE LIMITED,ZO_West (CS),208599325,DV10TA G1,500,KANHAIYADUBE,,,,,,
1-14298954251,2026-08-23 11:58:16,Manual,Sales Coordinator,,KALA Care Global LLP - Pune,420435,KALA Care Global LLP - Hospet,420435_10,,,Sales Coordinator,In Progress,,,ZO_West (CS),,,,,,,,,,
1-14300280601,2026-08-24 09:36:22,Manual,Sales Coordinator,Oil,KALA Care Global LLP - Pune,420435,KALA Care Global LLP - Vijayapura,420435_14,Oil,ENGINE OIL SERVICE REQUIRED,Sales Coordinator,Qualifying,1-69D9Z55,SUNITA ASSOCIATES,ZO_West (CS),,3GK550TC 4SR2,15,,Rani Barate,Q420435142700256,,,,
1-14300288301,2026-08-24 09:52:45,Manual,Sales Coordinator,Others/Remarks,KALA Care Global LLP - Pune,420435,KALA Care Global LLP - Belagavi,420435_9,Paid Services -PM,Paid Services -PM,Sales Coordinator,Quotation Submitted,1-5R70LNH,MKC INFRASTRUCTURE LIMITED,ZO_West (CS),,4K1080ETA4G1,125,,VIDYA DHABALI,Q420435092700938,2026-08-24 09:55:52,,,
1-14300328861,2026-08-24 10:02:20,eFSR,Service Engineer,BD Spares,KALA Care Global LLP - Pune,420435,KALA Care Global LLP - Aurangabad,420435_1,BD Spares,Contractor,Service Coordinator,New,1-3KMXJT,ICICI Bank Limited,ZO_West (CS),213852901,3R1040T G1,25,PARVEZSAYED,,,,,,
1-14300595211,2026-08-24 11:13:56,Manual,Sales Coordinator,BD Spares,KALA Care Global LLP - Pune,420435,KALA Care Global LLP - Kalaburagi,420435_13,BD Spares,BD SPARES,Sales Coordinator,Converted,1-6KGW4RM,RAJENDRA RAUT,ZO_West (CS),,,,,Rani Barate,Q420435132700635,2026-08-24 11:42:38,,1-14301052681,2026-08-24 12:24:34
1-14300865044,2026-08-24 12:06:42,Manual,Sales Coordinator,BD Spares,KALA Care Global LLP - Pune,420435,KALA Care Global LLP - Belagavi,420435_9,BD Spares,BD Spares,Sales Coordinator,Order/SR Generated,1-40U2D60,Mr.Sachin B Angadi,ZO_West (CS),,4R1040,,,VIDYA DHABALI,Q420435092700945,2026-08-24 12:10:24,,213868745,2026-08-24 17:58:59
1-14301004561,2026-08-24 12:21:08,Manual,Sales Coordinator,Others/Remarks,KALA Care Global LLP - Pune,420435,KALA Care Global LLP - Ahmednagar,420435_2,Others/Remarks,engine spares,Sales Coordinator,Quotation Submitted,1-1WDBR9K,ASHIRWAD AUTOMOBILES,ZO_West (CS),,,,,Rani Barate,Q420435022700960,2026-08-24 17:12:19,,,
1-14301042641,2026-08-24 12:21:50,Manual,Sales Coordinator,,KALA Care Global LLP - Pune,420435,KALA Care Global LLP - Hospet,420435_10,BD Spares,COSTOMER ITERSTED,Sales Coordinator,Invoiced Generated,1-34P9B6N,MR. SHARANAPPA .V. NAREGAL,ZO_West (CS),,4R1040TA,,,B Sneha Ballari,Q420435102701088,2026-08-24 12:37:18,,1-14301063979,2026-08-24 12:37:23
1-14301042989,2026-08-24 12:27:25,Manual,Sales Coordinator,Others/Remarks,KALA Care Global LLP - Pune,420435,KALA Care Global LLP - Ahmednagar,420435_2,Others/Remarks,engine spares,Sales Coordinator,Quotation Submitted,1-4R7WW22,SP CONSTRUCTIONS,ZO_West (CS),,,,,Rani Barate,Q420435022700961,2026-08-24 12:30:53,,,
1-14301135631,2026-08-24 12:45:24,Manual,Sales Coordinator,BD Spares,KALA Care Global LLP - Pune,420435,KALA Care Global LLP - Kalaburagi,420435_13,BD Spares,Fuel Pipe,Sales Coordinator,Quotation Submitted,1-4OKHIM8,DEPO MANAGER KARNATAKA STATE BEVERAGES CORPORATION LIMITED IML,ZO_West (CS),,EA16,10,,Rani Barate,Q420435132700636,2026-08-24 12:53:58,,,
1-14301250611,2026-08-24 13:09:19,Manual,Sales Coordinator,Oil,KALA Care Global LLP - Pune,420435,KALA Care Global LLP - Kalaburagi,420435_13,Oil,Engine Oil Service.,Sales Coordinator,Quotation Submitted,1-5TPZG3P,PATIL CONVENTIONAL HALL,ZO_West (CS),,6SL90ETA 4G2,250,,Rani Barate,Q420435132700638,2026-08-24 13:13:20,,,
1-14301392111,2026-08-24 13:49:40,Manual,Sales Coordinator,BD Spares,KALA Care Global LLP - Pune,420435,KALA Care Global LLP - Kalaburagi,420435_13,BD Spares,Belt,Sales Coordinator,Quotation Submitted,1-5RES0DA,SRI KEERTHI PROJECTS PRIVATE LIMITED,ZO_West (CS),,,,,Rani Barate,Q420435132700639,2026-08-24 13:52:52,,,
1-14301632621,2026-08-24 14:55:32,Manual,Sales Coordinator,Allied Oil,KALA Care Global LLP - Pune,420435,KALA Care Global LLP - Kalaburagi,420435_13,Allied Oil,ALLIED OIL,Sales Coordinator,Converted,1-6KI5D4O,MAANGALYA SHOPPING MALL PVT.LTD,ZO_West (CS),,,,,Rani Barate,Q420435132700640,2026-08-24 14:59:52,,1-14301657631,2026-08-24 15:01:22
1-14301845482,2026-08-24 15:57:12,eFSR,Service Engineer,BD Spares,KALA Care Global LLP - Pune,420435,KALA Care Global LLP - Aurangabad,420435_1,BD Spares,Dosing module requir,Service Coordinator,New,1-5SS28H8,AVS INFRASTRUCTURE,ZO_West (CS),213846442,Engines,,KAMLAKARMORE,,,,,,
1-14301933601,2026-08-24 15:41:47,Manual,Sales Coordinator,Others/Remarks,KALA Care Global LLP - Pune,420435,KALA Care Global LLP - Ahmednagar,420435_2,Others/Remarks,ENGINE SPARES FOR SERVICING,Sales Coordinator,Quotation Submitted,1-5I3R8FL,PRASAD DIPAK SURADE,ZO_West (CS),,,,,Rani Barate,Q420435022700963,2026-08-24 15:48:46,,,
1-14302041205,2026-08-24 16:21:35,eFSR,Service Engineer,BD Spares,KALA Care Global LLP - Pune,420435,KALA Care Global LLP - Parbhani,420435_7,BD Spares,The generator's foun,Service Coordinator,New,1-4MW46B,IDBI BANK LTD.,ZO_West (CS),213685660,3R1040,35,PRABHAKARUPHADE,,,,,,
1-14302399073,2026-08-24 17:18:30,Manual,Sales Coordinator,Overhauling,KALA Care Global LLP - Pune,420435,KALA Care Global LLP - Belagavi,420435_9,Overhauling,Overhauling,Sales Coordinator,Quotation Submitted,1-5LO9544,ISHA HYDRO POWER,ZO_West (CS),,,,,VIDYA DHABALI,Q420435092700948,2026-08-24 17:31:32,,,
1-14302417701,2026-08-24 17:21:12,Manual,Sales Coordinator,Others/Remarks,KALA Care Global LLP - Pune,420435,KALA Care Global LLP - Ahmednagar,420435_2,Others/Remarks,AIR CLEANER HOSE & FILTER,Sales Coordinator,Order/SR Generated,1-65TK59S,MORYA DEVELOPERS,ZO_West (CS),,,,,Rani Barate,Q420435022700965,2026-08-24 17:23:53,,1-14302429951,2026-08-24 17:25:44
1-14302466049,2026-08-24 17:32:58,Manual,Sales Coordinator,BD Spares,KALA Care Global LLP - Pune,420435,KALA Care Global LLP - Belagavi,420435_9,BD Spares,BD Spares,Sales Coordinator,Invoiced Generated,1-4Q21CH9,KALUWALA CONSTRUCTION PRIVATE  LIMITED.,ZO_West (CS),,4R1190TA,,,VIDYA DHABALI,Q420435092700949,2026-08-24 17:36:13,,1-14302482859,2026-08-24 17:36:42
1-14302508671,2026-08-24 17:39:42,eFSR,Service Engineer,Others/Remarks,KALA Care Global LLP - Pune,420435,KALA Care Global LLP - Parbhani,420435_7,Others/Remarks,Ok,Sales Coordinator,New,1-1W3-4927,Devkrupa Bakers Pvt Ltd.,ZO_West (CS),213649916,4R1040T,62.5,MaheshHolge,,,,,,
1-14302762601,2026-08-24 18:07:43,Manual,Sales Coordinator,,KALA Care Global LLP - Pune,420435,KALA Care Global LLP - Hospet,420435_10,BD Spares,INTERSTED,Sales Coordinator,Invoiced Generated,1-22D-1015,HERITAGE FOODS (INDIA) LTD,ZO_West (CS),,6R1080TA,125,,B Sneha Ballari,Q420435102701090,2026-08-24 18:13:38,,1-14302612130,2026-08-24 18:13:41